group,일시,pm2.5
0,2023-01-01 03:00:00,50.0
1,2023-01-01 06:00:00,56.0
2,2023-01-01 09:00:00,49.0
3,2023-01-01 12:00:00,52.0
4,2023-01-01 15:00:00,40.0
5,2023-01-01 18:00:00,21.0
6,2023-01-01 21:00:00,15.0
7,2023-01-02 00:00:00,10.0
8,2023-01-02 03:00:00,10.0
9,2023-01-02 06:00:00,10.0
10,2023-01-02 09:00:00,11.0
11,2023-01-02 12:00:00,12.0
12,2023-01-02 15:00:00,14.0
13,2023-01-02 18:00:00,11.0
14,2023-01-02 21:00:00,11.0
15,2023-01-03 00:00:00,13.0
16,2023-01-03 03:00:00,14.0
17,2023-01-03 06:00:00,15.0
18,2023-01-03 09:00:00,18.0
19,2023-01-03 12:00:00,23.0
20,2023-01-03 15:00:00,17.0
21,2023-01-03 18:00:00,15.0
22,2023-01-03 21:00:00,17.0
23,2023-01-04 00:00:00,17.0
24,2023-01-04 03:00:00,19.0
25,2023-01-04 06:00:00,20.0
26,2023-01-04 09:00:00,21.0
27,2023-01-04 12:00:00,28.0
28,2023-01-04 15:00:00,24.0
29,2023-01-04 18:00:00,23.0
30,2023-01-04 21:00:00,23.0
31,2023-01-05 00:00:00,26.0
32,2023-01-05 03:00:00,28.0
33,2023-01-05 06:00:00,28.0
34,2023-01-05 09:00:00,30.0
35,2023-01-05 12:00:00,38.0
36,2023-01-05 15:00:00,40.0
37,2023-01-05 18:00:00,36.0
38,2023-01-05 21:00:00,42.0
39,2023-01-06 00:00:00,45.0
40,2023-01-06 03:00:00,44.0
41,2023-01-06 06:00:00,41.0
42,2023-01-06 09:00:00,41.0
43,2023-01-06 12:00:00,50.0
44,2023-01-06 15:00:00,59.0
45,2023-01-06 18:00:00,76.0
46,2023-01-06 21:00:00,88.0
47,2023-01-07 00:00:00,91.0
48,2023-01-07 03:00:00,84.0
49,2023-01-07 06:00:00,99.0
50,2023-01-07 09:00:00,92.0
51,2023-01-07 12:00:00,87.0
52,2023-01-07 15:00:00,106.0
53,2023-01-07 18:00:00,97.0
54,2023-01-07 21:00:00,82.0
55,2023-01-08 00:00:00,70.0
56,2023-01-08 03:00:00,62.0
57,2023-01-08 06:00:00,59.0
58,2023-01-08 09:00:00,60.0
59,2023-01-08 12:00:00,72.0
60,2023-01-08 15:00:00,59.0
61,2023-01-08 18:00:00,48.0
62,2023-01-08 21:00:00,55.0
63,2023-01-09 00:00:00,54.0
64,2023-01-09 03:00:00,52.0
65,2023-01-09 06:00:00,50.0
66,2023-01-09 09:00:00,50.0
67,2023-01-09 12:00:00,50.0
68,2023-01-09 15:00:00,38.0
69,2023-01-09 18:00:00,31.0
70,2023-01-09 21:00:00,21.0
71,2023-01-10 00:00:00,24.0
72,2023-01-10 03:00:00,23.0
73,2023-01-10 06:00:00,24.0
74,2023-01-10 09:00:00,27.0
75,2023-01-10 12:00:00,32.0
76,2023-01-10 15:00:00,33.0
77,2023-01-10 18:00:00,37.0
78,2023-01-10 21:00:00,41.0
79,2023-01-11 00:00:00,43.0
80,2023-01-11 03:00:00,42.0
81,2023-01-11 06:00:00,41.0
82,2023-01-11 09:00:00,44.0
83,2023-01-11 12:00:00,54.0
84,2023-01-11 15:00:00,51.0
85,2023-01-11 18:00:00,47.0
86,2023-01-11 21:00:00,50.0
87,2023-01-12 00:00:00,50.0
88,2023-01-12 03:00:00,45.0
89,2023-01-12 06:00:00,44.0
90,2023-01-12 09:00:00,47.0
91,2023-01-12 12:00:00,53.0
92,2023-01-12 15:00:00,50.0
93,2023-01-12 18:00:00,37.0
94,2023-01-12 21:00:00,42.0
95,2023-01-13 00:00:00,30.0
96,2023-01-13 03:00:00,25.0
97,2023-01-13 06:00:00,17.0
98,2023-01-13 09:00:00,9.0
99,2023-01-13 12:00:00,5.0
100,2023-01-13 15:00:00,9.0
101,2023-01-13 18:00:00,11.0
102,2023-01-13 21:00:00,14.0
103,2023-01-14 00:00:00,14.0
104,2023-01-14 03:00:00,13.0
105,2023-01-14 06:00:00,12.0
106,2023-01-14 09:00:00,12.0
107,2023-01-14 12:00:00,11.0
108,2023-01-14 15:00:00,6.0
109,2023-01-14 18:00:00,3.0
110,2023-01-14 21:00:00,3.0
111,2023-01-15 00:00:00,2.0
112,2023-01-15 03:00:00,2.0
113,2023-01-15 06:00:00,2.0
114,2023-01-15 09:00:00,2.0
115,2023-01-15 12:00:00,6.0
116,2023-01-15 15:00:00,16.0
117,2023-01-15 18:00:00,18.0
118,2023-01-15 21:00:00,18.0
119,2023-01-16 00:00:00,15.0
120,2023-01-16 03:00:00,15.0
121,2023-01-16 06:00:00,13.0
122,2023-01-16 09:00:00,12.0
123,2023-01-16 12:00:00,12.0
124,2023-01-16 15:00:00,12.0
125,2023-01-16 18:00:00,11.0
126,2023-01-16 21:00:00,11.0
127,2023-01-17 00:00:00,12.0
128,2023-01-17 03:00:00,12.0
129,2023-01-17 06:00:00,12.0
130,2023-01-17 09:00:00,14.0
131,2023-01-17 12:00:00,15.0
132,2023-01-17 15:00:00,19.0
133,2023-01-17 18:00:00,20.0
134,2023-01-17 21:00:00,21.0
135,2023-01-18 00:00:00,22.0
136,2023-01-18 03:00:00,25.0
137,2023-01-18 06:00:00,27.0
138,2023-01-18 09:00:00,31.0
139,2023-01-18 12:00:00,29.0
140,2023-01-18 15:00:00,23.0
141,2023-01-18 18:00:00,15.0
142,2023-01-18 21:00:00,16.0
143,2023-01-19 00:00:00,22.0
144,2023-01-19 03:00:00,22.0
145,2023-01-19 06:00:00,22.0
146,2023-01-19 09:00:00,23.0
147,2023-01-19 12:00:00,27.0
148,2023-01-19 15:00:00,26.0
149,2023-01-19 18:00:00,27.0
150,2023-01-19 21:00:00,26.0
151,2023-01-20 00:00:00,21.0
152,2023-01-20 03:00:00,29.0
153,2023-01-20 06:00:00,43.0
154,2023-01-20 09:00:00,29.0
155,2023-01-20 12:00:00,8.0
156,2023-01-20 15:00:00,6.0
157,2023-01-20 18:00:00,5.0
158,2023-01-20 21:00:00,5.0
159,2023-01-21 00:00:00,7.0
160,2023-01-21 03:00:00,8.0
161,2023-01-21 06:00:00,9.0
162,2023-01-21 09:00:00,10.0
163,2023-01-21 12:00:00,11.0
164,2023-01-21 15:00:00,11.0
165,2023-01-21 18:00:00,10.0
166,2023-01-21 21:00:00,12.0
167,2023-01-22 00:00:00,13.0
168,2023-01-22 03:00:00,13.0
169,2023-01-22 06:00:00,12.0
170,2023-01-22 09:00:00,10.0
171,2023-01-22 12:00:00,10.0
172,2023-01-22 15:00:00,12.0
173,2023-01-22 18:00:00,13.0
174,2023-01-22 21:00:00,14.0
175,2023-01-23 00:00:00,15.0
176,2023-01-23 03:00:00,16.0
177,2023-01-23 06:00:00,16.0
178,2023-01-23 09:00:00,18.0
179,2023-01-23 12:00:00,25.0
180,2023-01-23 15:00:00,35.0
181,2023-01-23 18:00:00,39.0
182,2023-01-23 21:00:00,44.0
183,2023-01-24 00:00:00,38.0
184,2023-01-24 03:00:00,17.0
185,2023-01-24 06:00:00,14.0
186,2023-01-24 09:00:00,10.0
187,2023-01-24 12:00:00,5.0
188,2023-01-24 15:00:00,7.0
189,2023-01-24 18:00:00,8.0
190,2023-01-24 21:00:00,8.0
191,2023-01-25 00:00:00,8.0
192,2023-01-25 03:00:00,7.0
193,2023-01-25 06:00:00,6.0
194,2023-01-25 09:00:00,7.0
195,2023-01-25 12:00:00,11.0
196,2023-01-25 15:00:00,10.0
197,2023-01-25 18:00:00,7.0
198,2023-01-25 21:00:00,10.0
199,2023-01-26 00:00:00,11.0
200,2023-01-26 03:00:00,12.0
201,2023-01-26 06:00:00,12.0
202,2023-01-26 09:00:00,15.0
203,2023-01-26 12:00:00,18.0
204,2023-01-26 15:00:00,21.0
205,2023-01-26 18:00:00,23.0
206,2023-01-26 21:00:00,25.0
207,2023-01-27 00:00:00,26.0
208,2023-01-27 03:00:00,30.0
209,2023-01-27 06:00:00,32.0
210,2023-01-27 09:00:00,27.0
211,2023-01-27 12:00:00,14.0
212,2023-01-27 15:00:00,8.0
213,2023-01-27 18:00:00,7.0
214,2023-01-27 21:00:00,11.0
215,2023-01-28 00:00:00,15.0
216,2023-01-28 03:00:00,15.0
217,2023-01-28 06:00:00,13.0
218,2023-01-28 09:00:00,13.0
219,2023-01-28 12:00:00,16.0
220,2023-01-28 15:00:00,14.0
221,2023-01-28 18:00:00,9.0
222,2023-01-28 21:00:00,9.0
223,2023-01-29 00:00:00,9.0
224,2023-01-29 03:00:00,9.0
225,2023-01-29 06:00:00,10.0
226,2023-01-29 09:00:00,11.0
227,2023-01-29 12:00:00,12.0
228,2023-01-29 15:00:00,13.0
229,2023-01-29 18:00:00,15.0
230,2023-01-29 21:00:00,26.0
231,2023-01-30 00:00:00,20.0
232,2023-01-30 03:00:00,22.0
233,2023-01-30 06:00:00,22.0
234,2023-01-30 09:00:00,21.0
235,2023-01-30 12:00:00,16.0
236,2023-01-30 15:00:00,9.0
237,2023-01-30 18:00:00,9.0
238,2023-01-30 21:00:00,13.0
239,2023-01-31 00:00:00,13.0
240,2023-01-31 03:00:00,14.0
241,2023-01-31 06:00:00,13.0
242,2023-01-31 09:00:00,15.0
243,2023-01-31 12:00:00,18.0
244,2023-01-31 15:00:00,17.0
245,2023-01-31 18:00:00,15.0
246,2023-01-31 21:00:00,16.0
247,2023-02-01 00:00:00,18.0
248,2023-02-01 03:00:00,41.0
249,2023-02-01 06:00:00,52.0
250,2023-02-01 09:00:00,58.0
251,2023-02-01 12:00:00,52.0
252,2023-02-01 15:00:00,23.0
253,2023-02-01 18:00:00,15.0
254,2023-02-01 21:00:00,12.0
255,2023-02-02 00:00:00,11.0
256,2023-02-02 03:00:00,10.0
257,2023-02-02 06:00:00,11.0
258,2023-02-02 09:00:00,14.0
259,2023-02-02 12:00:00,18.0
260,2023-02-02 15:00:00,19.0
261,2023-02-02 18:00:00,17.0
262,2023-02-02 21:00:00,15.0
263,2023-02-03 00:00:00,15.0
264,2023-02-03 03:00:00,18.0
265,2023-02-03 06:00:00,18.0
266,2023-02-03 09:00:00,21.0
267,2023-02-03 12:00:00,22.0
268,2023-02-03 15:00:00,17.0
269,2023-02-03 18:00:00,15.0
270,2023-02-03 21:00:00,16.0
271,2023-02-04 00:00:00,20.0
272,2023-02-04 03:00:00,20.0
273,2023-02-04 06:00:00,15.0
274,2023-02-04 09:00:00,17.0
275,2023-02-04 12:00:00,23.0
276,2023-02-04 15:00:00,33.0
277,2023-02-04 18:00:00,25.0
278,2023-02-04 21:00:00,30.0
279,2023-02-05 00:00:00,40.0
280,2023-02-05 03:00:00,46.0
281,2023-02-05 06:00:00,45.0
282,2023-02-05 09:00:00,47.0
283,2023-02-05 12:00:00,55.0
284,2023-02-05 15:00:00,57.0
285,2023-02-05 18:00:00,46.0
286,2023-02-05 21:00:00,45.0
287,2023-02-06 00:00:00,50.0
288,2023-02-06 03:00:00,53.0
289,2023-02-06 06:00:00,54.0
290,2023-02-06 09:00:00,58.0
291,2023-02-06 12:00:00,63.0
292,2023-02-06 15:00:00,58.0
293,2023-02-06 18:00:00,59.0
294,2023-02-06 21:00:00,57.0
295,2023-02-07 00:00:00,59.0
296,2023-02-07 03:00:00,58.0
297,2023-02-07 06:00:00,54.0
298,2023-02-07 09:00:00,54.0
299,2023-02-07 12:00:00,59.0
300,2023-02-07 15:00:00,59.0
301,2023-02-07 18:00:00,59.0
302,2023-02-07 21:00:00,60.0
303,2023-02-08 00:00:00,67.0
304,2023-02-08 03:00:00,71.0
305,2023-02-08 06:00:00,73.0
306,2023-02-08 09:00:00,74.0
307,2023-02-08 12:00:00,55.0
308,2023-02-08 15:00:00,32.0
309,2023-02-08 18:00:00,27.0
310,2023-02-08 21:00:00,24.0
311,2023-02-09 00:00:00,18.0
312,2023-02-09 03:00:00,17.0
313,2023-02-09 06:00:00,17.0
314,2023-02-09 09:00:00,20.0
315,2023-02-09 12:00:00,23.0
316,2023-02-09 15:00:00,26.0
317,2023-02-09 18:00:00,29.0
318,2023-02-09 21:00:00,28.0
319,2023-02-10 00:00:00,20.0
320,2023-02-10 03:00:00,14.0
321,2023-02-10 06:00:00,14.0
322,2023-02-10 09:00:00,15.0
323,2023-02-10 12:00:00,17.0
324,2023-02-10 15:00:00,21.0
325,2023-02-10 18:00:00,17.0
326,2023-02-10 21:00:00,16.0
327,2023-02-11 00:00:00,17.0
328,2023-02-11 03:00:00,20.0
329,2023-02-11 06:00:00,22.0
330,2023-02-11 09:00:00,26.0
331,2023-02-11 12:00:00,31.0
332,2023-02-11 15:00:00,35.0
333,2023-02-11 18:00:00,46.0
334,2023-02-11 21:00:00,49.0
335,2023-02-12 00:00:00,47.0
336,2023-02-12 03:00:00,47.0
337,2023-02-12 06:00:00,47.0
338,2023-02-12 09:00:00,51.0
339,2023-02-12 12:00:00,56.0
340,2023-02-12 15:00:00,59.0
341,2023-02-12 18:00:00,66.0
342,2023-02-12 21:00:00,65.0
343,2023-02-13 00:00:00,50.0
344,2023-02-13 03:00:00,31.0
345,2023-02-13 06:00:00,23.0
346,2023-02-13 09:00:00,20.0
347,2023-02-13 12:00:00,20.0
348,2023-02-13 15:00:00,23.0
349,2023-02-13 18:00:00,23.0
350,2023-02-13 21:00:00,19.0
351,2023-02-14 00:00:00,20.0
352,2023-02-14 03:00:00,27.0
353,2023-02-14 06:00:00,28.0
354,2023-02-14 09:00:00,26.0
355,2023-02-14 12:00:00,27.0
356,2023-02-14 15:00:00,27.0
357,2023-02-14 18:00:00,23.0
358,2023-02-14 21:00:00,16.0
359,2023-02-15 00:00:00,11.0
360,2023-02-15 03:00:00,6.0
361,2023-02-15 06:00:00,5.0
362,2023-02-15 09:00:00,6.0
363,2023-02-15 12:00:00,7.0
364,2023-02-15 15:00:00,8.0
365,2023-02-15 18:00:00,11.0
366,2023-02-15 21:00:00,17.0
367,2023-02-16 00:00:00,17.0
368,2023-02-16 03:00:00,18.0
369,2023-02-16 06:00:00,18.0
370,2023-02-16 09:00:00,23.0
371,2023-02-16 12:00:00,21.0
372,2023-02-16 15:00:00,18.0
373,2023-02-16 18:00:00,15.0
374,2023-02-16 21:00:00,18.0
375,2023-02-17 00:00:00,15.0
376,2023-02-17 03:00:00,17.0
377,2023-02-17 06:00:00,19.0
378,2023-02-17 09:00:00,23.0
379,2023-02-17 12:00:00,27.0
380,2023-02-17 15:00:00,31.0
381,2023-02-17 18:00:00,43.0
382,2023-02-17 21:00:00,46.0
383,2023-02-18 00:00:00,46.0
384,2023-02-18 03:00:00,50.0
385,2023-02-18 06:00:00,54.0
386,2023-02-18 09:00:00,57.0
387,2023-02-18 12:00:00,59.0
388,2023-02-18 15:00:00,65.0
389,2023-02-18 18:00:00,67.0
390,2023-02-18 21:00:00,74.0
391,2023-02-19 00:00:00,72.0
392,2023-02-19 03:00:00,74.0
393,2023-02-19 06:00:00,63.0
394,2023-02-19 09:00:00,40.0
395,2023-02-19 12:00:00,39.0
396,2023-02-19 15:00:00,20.0
397,2023-02-19 18:00:00,8.0
398,2023-02-19 21:00:00,8.0
399,2023-02-20 00:00:00,8.0
400,2023-02-20 03:00:00,10.0
401,2023-02-20 06:00:00,9.0
402,2023-02-20 09:00:00,8.0
403,2023-02-20 12:00:00,8.0
404,2023-02-20 15:00:00,7.0
405,2023-02-20 18:00:00,8.0
406,2023-02-20 21:00:00,11.0
407,2023-02-21 00:00:00,12.0
408,2023-02-21 03:00:00,13.0
409,2023-02-21 06:00:00,13.0
410,2023-02-21 09:00:00,12.0
411,2023-02-21 12:00:00,14.0
412,2023-02-21 15:00:00,15.0
413,2023-02-21 18:00:00,15.0
414,2023-02-21 21:00:00,18.0
415,2023-02-22 00:00:00,19.0
416,2023-02-22 03:00:00,21.0
417,2023-02-22 06:00:00,21.0
418,2023-02-22 09:00:00,24.0
419,2023-02-22 12:00:00,30.0
420,2023-02-22 15:00:00,31.0
421,2023-02-22 18:00:00,30.0
422,2023-02-22 21:00:00,30.0
423,2023-02-23 00:00:00,20.0
424,2023-02-23 03:00:00,17.0
425,2023-02-23 06:00:00,17.0
426,2023-02-23 09:00:00,21.0
427,2023-02-23 12:00:00,24.0
428,2023-02-23 15:00:00,29.0
429,2023-02-23 18:00:00,35.0
430,2023-02-23 21:00:00,26.0
431,2023-02-24 00:00:00,22.0
432,2023-02-24 03:00:00,25.0
433,2023-02-24 06:00:00,34.0
434,2023-02-24 09:00:00,44.0
435,2023-02-24 12:00:00,56.0
436,2023-02-24 15:00:00,26.0
437,2023-02-24 18:00:00,18.0
438,2023-02-24 21:00:00,14.0
439,2023-02-25 00:00:00,17.0
440,2023-02-25 03:00:00,18.0
441,2023-02-25 06:00:00,19.0
442,2023-02-25 09:00:00,20.0
443,2023-02-25 12:00:00,22.0
444,2023-02-25 15:00:00,22.0
445,2023-02-25 18:00:00,17.0
446,2023-02-25 21:00:00,15.0
447,2023-02-26 00:00:00,16.0
448,2023-02-26 03:00:00,16.0
449,2023-02-26 06:00:00,18.0
450,2023-02-26 09:00:00,20.0
451,2023-02-26 12:00:00,22.0
452,2023-02-26 15:00:00,19.0
453,2023-02-26 18:00:00,19.0
454,2023-02-26 21:00:00,27.0
455,2023-02-27 00:00:00,28.0
456,2023-02-27 03:00:00,29.0
457,2023-02-27 06:00:00,29.0
458,2023-02-27 09:00:00,32.0
459,2023-02-27 12:00:00,41.0
460,2023-02-27 15:00:00,37.0
461,2023-02-27 18:00:00,32.0
462,2023-02-27 21:00:00,21.0
463,2023-02-28 00:00:00,23.0
464,2023-02-28 03:00:00,23.0
465,2023-02-28 06:00:00,25.0
466,2023-02-28 09:00:00,28.0
467,2023-02-28 12:00:00,35.0
468,2023-02-28 15:00:00,29.0
469,2023-02-28 18:00:00,20.0
470,2023-02-28 21:00:00,18.0
471,2023-03-01 00:00:00,17.0
472,2023-03-01 03:00:00,18.0
473,2023-03-01 06:00:00,20.0
474,2023-03-01 09:00:00,24.0
475,2023-03-01 12:00:00,17.0
476,2023-03-01 15:00:00,30.0
477,2023-03-01 18:00:00,18.0
478,2023-03-01 21:00:00,9.0
479,2023-03-02 00:00:00,11.0
480,2023-03-02 03:00:00,12.0
481,2023-03-02 06:00:00,9.0
482,2023-03-02 09:00:00,10.0
483,2023-03-02 12:00:00,11.0
484,2023-03-02 15:00:00,10.0
485,2023-03-02 18:00:00,10.0
486,2023-03-02 21:00:00,12.0
487,2023-03-03 00:00:00,11.0
488,2023-03-03 03:00:00,12.0
489,2023-03-03 06:00:00,12.0
490,2023-03-03 09:00:00,13.0
491,2023-03-03 12:00:00,13.0
492,2023-03-03 15:00:00,12.0
493,2023-03-03 18:00:00,16.0
494,2023-03-03 21:00:00,21.0
495,2023-03-04 00:00:00,25.0
496,2023-03-04 03:00:00,26.0
497,2023-03-04 06:00:00,28.0
498,2023-03-04 09:00:00,35.0
499,2023-03-04 12:00:00,40.0
500,2023-03-04 15:00:00,45.0
501,2023-03-04 18:00:00,50.0
502,2023-03-04 21:00:00,52.0
503,2023-03-05 00:00:00,52.0
504,2023-03-05 03:00:00,55.0
505,2023-03-05 06:00:00,51.0
506,2023-03-05 09:00:00,54.0
507,2023-03-05 12:00:00,69.0
508,2023-03-05 15:00:00,65.0
509,2023-03-05 18:00:00,44.0
510,2023-03-05 21:00:00,20.0
511,2023-03-06 00:00:00,29.0
512,2023-03-06 03:00:00,33.0
513,2023-03-06 06:00:00,33.0
514,2023-03-06 09:00:00,35.0
515,2023-03-06 12:00:00,39.0
516,2023-03-06 15:00:00,29.0
517,2023-03-06 18:00:00,30.0
518,2023-03-06 21:00:00,32.0
519,2023-03-07 00:00:00,30.0
520,2023-03-07 03:00:00,32.0
521,2023-03-07 06:00:00,31.0
522,2023-03-07 09:00:00,31.0
523,2023-03-07 12:00:00,31.0
524,2023-03-07 15:00:00,33.0
525,2023-03-07 18:00:00,34.0
526,2023-03-07 21:00:00,35.0
527,2023-03-08 00:00:00,37.0
528,2023-03-08 03:00:00,40.0
529,2023-03-08 06:00:00,39.0
530,2023-03-08 09:00:00,35.0
531,2023-03-08 12:00:00,30.0
532,2023-03-08 15:00:00,24.0
533,2023-03-08 18:00:00,25.0
534,2023-03-08 21:00:00,26.0
535,2023-03-09 00:00:00,22.0
536,2023-03-09 03:00:00,23.0
537,2023-03-09 06:00:00,20.0
538,2023-03-09 09:00:00,22.0
539,2023-03-09 12:00:00,45.0
540,2023-03-09 15:00:00,56.0
541,2023-03-09 18:00:00,55.0
542,2023-03-09 21:00:00,56.0
543,2023-03-10 00:00:00,61.0
544,2023-03-10 03:00:00,59.0
545,2023-03-10 06:00:00,56.0
546,2023-03-10 09:00:00,56.0
547,2023-03-10 12:00:00,53.0
548,2023-03-10 15:00:00,40.0
549,2023-03-10 18:00:00,43.0
550,2023-03-10 21:00:00,55.0
551,2023-03-11 00:00:00,66.0
552,2023-03-11 03:00:00,72.0
553,2023-03-11 06:00:00,72.0
554,2023-03-11 09:00:00,70.0
555,2023-03-11 12:00:00,54.0
556,2023-03-11 15:00:00,26.0
557,2023-03-11 18:00:00,30.0
558,2023-03-11 21:00:00,38.0
559,2023-03-12 00:00:00,41.0
560,2023-03-12 03:00:00,41.0
561,2023-03-12 06:00:00,51.0
562,2023-03-12 09:00:00,43.0
563,2023-03-12 12:00:00,16.0
564,2023-03-12 15:00:00,10.0
565,2023-03-12 18:00:00,14.0
566,2023-03-12 21:00:00,9.0
567,2023-03-13 00:00:00,8.0
568,2023-03-13 03:00:00,8.0
569,2023-03-13 06:00:00,8.0
570,2023-03-13 09:00:00,7.0
571,2023-03-13 12:00:00,7.0
572,2023-03-13 15:00:00,8.0
573,2023-03-13 18:00:00,8.0
574,2023-03-13 21:00:00,9.0
575,2023-03-14 00:00:00,9.0
576,2023-03-14 03:00:00,10.0
577,2023-03-14 06:00:00,10.0
578,2023-03-14 09:00:00,11.0
579,2023-03-14 12:00:00,12.0
580,2023-03-14 15:00:00,9.0
581,2023-03-14 18:00:00,9.0
582,2023-03-14 21:00:00,9.0
583,2023-03-15 00:00:00,9.0
584,2023-03-15 03:00:00,11.0
585,2023-03-15 06:00:00,10.0
586,2023-03-15 09:00:00,9.0
587,2023-03-15 12:00:00,8.0
588,2023-03-15 15:00:00,10.0
589,2023-03-15 18:00:00,17.0
590,2023-03-15 21:00:00,22.0
591,2023-03-16 00:00:00,13.0
592,2023-03-16 03:00:00,12.0
593,2023-03-16 06:00:00,10.0
594,2023-03-16 09:00:00,11.0
595,2023-03-16 12:00:00,10.0
596,2023-03-16 15:00:00,10.0
597,2023-03-16 18:00:00,12.0
598,2023-03-16 21:00:00,13.0
599,2023-03-17 00:00:00,10.0
600,2023-03-17 03:00:00,12.0
601,2023-03-17 06:00:00,14.0
602,2023-03-17 09:00:00,17.0
603,2023-03-17 12:00:00,16.0
604,2023-03-17 15:00:00,13.0
605,2023-03-17 18:00:00,13.0
606,2023-03-17 21:00:00,16.0
607,2023-03-18 00:00:00,22.0
608,2023-03-18 03:00:00,31.0
609,2023-03-18 06:00:00,29.0
610,2023-03-18 09:00:00,26.0
611,2023-03-18 12:00:00,24.0
612,2023-03-18 15:00:00,20.0
613,2023-03-18 18:00:00,25.0
614,2023-03-18 21:00:00,31.0
615,2023-03-19 00:00:00,45.0
616,2023-03-19 03:00:00,55.0
617,2023-03-19 06:00:00,57.0
618,2023-03-19 09:00:00,54.0
619,2023-03-19 12:00:00,55.0
620,2023-03-19 15:00:00,53.0
621,2023-03-19 18:00:00,48.0
622,2023-03-19 21:00:00,72.0
623,2023-03-20 00:00:00,88.0
624,2023-03-20 03:00:00,90.0
625,2023-03-20 06:00:00,81.0
626,2023-03-20 09:00:00,79.0
627,2023-03-20 12:00:00,81.0
628,2023-03-20 15:00:00,47.0
629,2023-03-20 18:00:00,45.0
630,2023-03-20 21:00:00,29.0
631,2023-03-21 00:00:00,28.0
632,2023-03-21 03:00:00,31.0
633,2023-03-21 06:00:00,32.0
634,2023-03-21 09:00:00,34.0
635,2023-03-21 12:00:00,39.0
636,2023-03-21 15:00:00,33.0
637,2023-03-21 18:00:00,36.0
638,2023-03-21 21:00:00,48.0
639,2023-03-22 00:00:00,47.0
640,2023-03-22 03:00:00,44.0
641,2023-03-22 06:00:00,42.0
642,2023-03-22 09:00:00,43.0
643,2023-03-22 12:00:00,48.0
644,2023-03-22 15:00:00,36.0
645,2023-03-22 18:00:00,33.0
646,2023-03-22 21:00:00,23.0
647,2023-03-23 00:00:00,26.0
648,2023-03-23 03:00:00,25.0
649,2023-03-23 06:00:00,22.0
650,2023-03-23 09:00:00,21.0
651,2023-03-23 12:00:00,20.0
652,2023-03-23 15:00:00,22.0
653,2023-03-23 18:00:00,34.0
654,2023-03-23 21:00:00,50.0
655,2023-03-24 00:00:00,36.0
656,2023-03-24 03:00:00,24.0
657,2023-03-24 06:00:00,21.0
658,2023-03-24 09:00:00,21.0
659,2023-03-24 12:00:00,22.0
660,2023-03-24 15:00:00,29.0
661,2023-03-24 18:00:00,33.0
662,2023-03-24 21:00:00,29.0
663,2023-03-25 00:00:00,28.0
664,2023-03-25 03:00:00,24.0
665,2023-03-25 06:00:00,17.0
666,2023-03-25 09:00:00,15.0
667,2023-03-25 12:00:00,20.0
668,2023-03-25 15:00:00,29.0
669,2023-03-25 18:00:00,33.0
670,2023-03-25 21:00:00,37.0
671,2023-03-26 00:00:00,35.0
672,2023-03-26 03:00:00,33.0
673,2023-03-26 06:00:00,22.0
674,2023-03-26 09:00:00,18.0
675,2023-03-26 12:00:00,17.0
676,2023-03-26 15:00:00,10.0
677,2023-03-26 18:00:00,7.0
678,2023-03-26 21:00:00,7.0
679,2023-03-27 00:00:00,10.0
680,2023-03-27 03:00:00,15.0
681,2023-03-27 06:00:00,15.0
682,2023-03-27 09:00:00,18.0
683,2023-03-27 12:00:00,23.0
684,2023-03-27 15:00:00,25.0
685,2023-03-27 18:00:00,24.0
686,2023-03-27 21:00:00,21.0
687,2023-03-28 00:00:00,20.0
688,2023-03-28 03:00:00,24.0
689,2023-03-28 06:00:00,26.0
690,2023-03-28 09:00:00,31.0
691,2023-03-28 12:00:00,33.0
692,2023-03-28 15:00:00,26.0
693,2023-03-28 18:00:00,28.0
694,2023-03-28 21:00:00,30.0
695,2023-03-29 00:00:00,31.0
696,2023-03-29 03:00:00,37.0
697,2023-03-29 06:00:00,41.0
698,2023-03-29 09:00:00,46.0
699,2023-03-29 12:00:00,56.0
700,2023-03-29 15:00:00,39.0
701,2023-03-29 18:00:00,25.0
702,2023-03-29 21:00:00,25.0
703,2023-03-30 00:00:00,37.0
704,2023-03-30 03:00:00,39.0
705,2023-03-30 06:00:00,36.0
706,2023-03-30 09:00:00,32.0
707,2023-03-30 12:00:00,41.0
708,2023-03-30 15:00:00,41.0
709,2023-03-30 18:00:00,30.0
710,2023-03-30 21:00:00,42.0
711,2023-03-31 00:00:00,54.0
712,2023-03-31 03:00:00,54.0
713,2023-03-31 06:00:00,50.0
714,2023-03-31 09:00:00,49.0
715,2023-03-31 12:00:00,48.0
716,2023-03-31 15:00:00,46.0
717,2023-03-31 18:00:00,48.0
718,2023-03-31 21:00:00,43.0
719,2023-04-01 00:00:00,44.0
720,2023-04-01 03:00:00,48.0
721,2023-04-01 06:00:00,51.0
722,2023-04-01 09:00:00,49.0
723,2023-04-01 12:00:00,53.0
724,2023-04-01 15:00:00,47.0
725,2023-04-01 18:00:00,43.0
726,2023-04-01 21:00:00,52.0
727,2023-04-02 00:00:00,51.0
728,2023-04-02 03:00:00,48.0
729,2023-04-02 06:00:00,33.0
730,2023-04-02 09:00:00,21.0
731,2023-04-02 12:00:00,17.0
732,2023-04-02 15:00:00,23.0
733,2023-04-02 18:00:00,32.0
734,2023-04-02 21:00:00,34.0
735,2023-04-03 00:00:00,32.0
736,2023-04-03 03:00:00,31.0
737,2023-04-03 06:00:00,31.0
738,2023-04-03 09:00:00,30.0
739,2023-04-03 12:00:00,30.0
740,2023-04-03 15:00:00,30.0
741,2023-04-03 18:00:00,32.0
742,2023-04-03 21:00:00,36.0
743,2023-04-04 00:00:00,33.0
744,2023-04-04 03:00:00,32.0
745,2023-04-04 06:00:00,26.0
746,2023-04-04 09:00:00,23.0
747,2023-04-04 12:00:00,16.0
748,2023-04-04 15:00:00,12.0
749,2023-04-04 18:00:00,14.0
750,2023-04-04 21:00:00,21.0
751,2023-04-05 00:00:00,18.0
752,2023-04-05 03:00:00,9.0
753,2023-04-05 06:00:00,6.0
754,2023-04-05 09:00:00,4.0
755,2023-04-05 12:00:00,5.0
756,2023-04-05 15:00:00,5.0
757,2023-04-05 18:00:00,12.0
758,2023-04-05 21:00:00,32.0
759,2023-04-06 00:00:00,18.0
760,2023-04-06 03:00:00,12.0
761,2023-04-06 06:00:00,11.0
762,2023-04-06 09:00:00,20.0
763,2023-04-06 12:00:00,42.0
764,2023-04-06 15:00:00,29.0
765,2023-04-06 18:00:00,63.0
766,2023-04-06 21:00:00,107.0
767,2023-04-07 00:00:00,133.0
768,2023-04-07 03:00:00,110.0
769,2023-04-07 06:00:00,81.0
770,2023-04-07 09:00:00,49.0
771,2023-04-07 12:00:00,34.0
772,2023-04-07 15:00:00,26.0
773,2023-04-07 18:00:00,17.0
774,2023-04-07 21:00:00,7.0
775,2023-04-08 00:00:00,6.0
776,2023-04-08 03:00:00,7.0
777,2023-04-08 06:00:00,7.0
778,2023-04-08 09:00:00,7.0
779,2023-04-08 12:00:00,7.0
780,2023-04-08 15:00:00,6.0
781,2023-04-08 18:00:00,8.0
782,2023-04-08 21:00:00,10.0
783,2023-04-09 00:00:00,10.0
784,2023-04-09 03:00:00,9.0
785,2023-04-09 06:00:00,10.0
786,2023-04-09 09:00:00,13.0
787,2023-04-09 12:00:00,18.0
788,2023-04-09 15:00:00,21.0
789,2023-04-09 18:00:00,16.0
790,2023-04-09 21:00:00,18.0
791,2023-04-10 00:00:00,21.0
792,2023-04-10 03:00:00,24.0
793,2023-04-10 06:00:00,22.0
794,2023-04-10 09:00:00,18.0
795,2023-04-10 12:00:00,10.0
796,2023-04-10 15:00:00,15.0
797,2023-04-10 18:00:00,14.0
798,2023-04-10 21:00:00,18.0
799,2023-04-11 00:00:00,20.0
800,2023-04-11 03:00:00,18.0
801,2023-04-11 06:00:00,11.0
802,2023-04-11 09:00:00,10.0
803,2023-04-11 12:00:00,10.0
804,2023-04-11 15:00:00,17.0
805,2023-04-11 18:00:00,21.0
806,2023-04-11 21:00:00,28.0
807,2023-04-12 00:00:00,40.0
808,2023-04-12 03:00:00,40.0
809,2023-04-12 06:00:00,28.0
810,2023-04-12 09:00:00,24.0
811,2023-04-12 12:00:00,24.0
812,2023-04-12 15:00:00,22.0
813,2023-04-12 18:00:00,31.0
814,2023-04-12 21:00:00,36.0
815,2023-04-13 00:00:00,32.0
816,2023-04-13 03:00:00,30.0
817,2023-04-13 06:00:00,29.0
818,2023-04-13 09:00:00,29.0
819,2023-04-13 12:00:00,28.0
820,2023-04-13 15:00:00,22.0
821,2023-04-13 18:00:00,21.0
822,2023-04-13 21:00:00,26.0
823,2023-04-14 00:00:00,28.0
824,2023-04-14 03:00:00,24.0
825,2023-04-14 06:00:00,19.0
826,2023-04-14 09:00:00,19.0
827,2023-04-14 12:00:00,16.0
828,2023-04-14 15:00:00,15.0
829,2023-04-14 18:00:00,18.0
830,2023-04-14 21:00:00,23.0
831,2023-04-15 00:00:00,24.0
832,2023-04-15 03:00:00,22.0
833,2023-04-15 06:00:00,22.0
834,2023-04-15 09:00:00,21.0
835,2023-04-15 12:00:00,18.0
836,2023-04-15 15:00:00,17.0
837,2023-04-15 18:00:00,21.0
838,2023-04-15 21:00:00,20.0
839,2023-04-16 00:00:00,21.0
840,2023-04-16 03:00:00,29.0
841,2023-04-16 06:00:00,34.0
842,2023-04-16 09:00:00,32.0
843,2023-04-16 12:00:00,35.0
844,2023-04-16 15:00:00,40.0
845,2023-04-16 18:00:00,23.0
846,2023-04-16 21:00:00,17.0
847,2023-04-17 00:00:00,26.0
848,2023-04-17 03:00:00,27.0
849,2023-04-17 06:00:00,25.0
850,2023-04-17 09:00:00,25.0
851,2023-04-17 12:00:00,27.0
852,2023-04-17 15:00:00,29.0
853,2023-04-17 18:00:00,28.0
854,2023-04-17 21:00:00,30.0
855,2023-04-18 00:00:00,30.0
856,2023-04-18 03:00:00,27.0
857,2023-04-18 06:00:00,24.0
858,2023-04-18 09:00:00,21.0
859,2023-04-18 12:00:00,15.0
860,2023-04-18 15:00:00,9.0
861,2023-04-18 18:00:00,9.0
862,2023-04-18 21:00:00,13.0
863,2023-04-19 00:00:00,13.0
864,2023-04-19 03:00:00,14.0
865,2023-04-19 06:00:00,15.0
866,2023-04-19 09:00:00,12.0
867,2023-04-19 12:00:00,11.0
868,2023-04-19 15:00:00,10.0
869,2023-04-19 18:00:00,15.0
870,2023-04-19 21:00:00,31.0
871,2023-04-20 00:00:00,30.0
872,2023-04-20 03:00:00,21.0
873,2023-04-20 06:00:00,11.0
874,2023-04-20 09:00:00,13.0
875,2023-04-20 12:00:00,12.0
876,2023-04-20 15:00:00,10.0
877,2023-04-20 18:00:00,9.0
878,2023-04-20 21:00:00,10.0
879,2023-04-21 00:00:00,15.0
880,2023-04-21 03:00:00,16.0
881,2023-04-21 06:00:00,12.0
882,2023-04-21 09:00:00,13.0
883,2023-04-21 12:00:00,13.0
884,2023-04-21 15:00:00,14.0
885,2023-04-21 18:00:00,12.0
886,2023-04-21 21:00:00,16.0
887,2023-04-22 00:00:00,17.0
888,2023-04-22 03:00:00,16.0
889,2023-04-22 06:00:00,15.0
890,2023-04-22 09:00:00,13.0
891,2023-04-22 12:00:00,11.0
892,2023-04-22 15:00:00,9.0
893,2023-04-22 18:00:00,8.0
894,2023-04-22 21:00:00,11.0
895,2023-04-23 00:00:00,13.0
896,2023-04-23 03:00:00,13.0
897,2023-04-23 06:00:00,13.0
898,2023-04-23 09:00:00,14.0
899,2023-04-23 12:00:00,16.0
900,2023-04-23 15:00:00,14.0
901,2023-04-23 18:00:00,15.0
902,2023-04-23 21:00:00,15.0
903,2023-04-24 00:00:00,15.0
904,2023-04-24 03:00:00,14.0
905,2023-04-24 06:00:00,14.0
906,2023-04-24 09:00:00,14.0
907,2023-04-24 12:00:00,14.0
908,2023-04-24 15:00:00,14.0
909,2023-04-24 18:00:00,17.0
910,2023-04-24 21:00:00,18.0
911,2023-04-25 00:00:00,17.0
912,2023-04-25 03:00:00,17.0
913,2023-04-25 06:00:00,16.0
914,2023-04-25 09:00:00,15.0
915,2023-04-25 12:00:00,14.0
916,2023-04-25 15:00:00,14.0
917,2023-04-25 18:00:00,15.0
918,2023-04-25 21:00:00,16.0
919,2023-04-26 00:00:00,12.0
920,2023-04-26 03:00:00,13.0
921,2023-04-26 06:00:00,13.0
922,2023-04-26 09:00:00,18.0
923,2023-04-26 12:00:00,13.0
924,2023-04-26 15:00:00,9.0
925,2023-04-26 18:00:00,10.0
926,2023-04-26 21:00:00,14.0
927,2023-04-27 00:00:00,14.0
928,2023-04-27 03:00:00,15.0
929,2023-04-27 06:00:00,16.0
930,2023-04-27 09:00:00,19.0
931,2023-04-27 12:00:00,21.0
932,2023-04-27 15:00:00,23.0
933,2023-04-27 18:00:00,31.0
934,2023-04-27 21:00:00,20.0
935,2023-04-28 00:00:00,21.0
936,2023-04-28 03:00:00,20.0
937,2023-04-28 06:00:00,20.0
938,2023-04-28 09:00:00,16.0
939,2023-04-28 12:00:00,15.0
940,2023-04-28 15:00:00,14.0
941,2023-04-28 18:00:00,13.0
942,2023-04-28 21:00:00,16.0
943,2023-04-29 00:00:00,15.0
944,2023-04-29 03:00:00,16.0
945,2023-04-29 06:00:00,13.0
946,2023-04-29 09:00:00,16.0
947,2023-04-29 12:00:00,7.0
948,2023-04-29 15:00:00,7.0
949,2023-04-29 18:00:00,17.0
950,2023-04-29 21:00:00,11.0
951,2023-04-30 00:00:00,11.0
952,2023-04-30 03:00:00,9.0
953,2023-04-30 06:00:00,6.0
954,2023-04-30 09:00:00,8.0
955,2023-04-30 12:00:00,10.0
956,2023-04-30 15:00:00,11.0
957,2023-04-30 18:00:00,16.0
958,2023-04-30 21:00:00,22.0
959,2023-05-01 00:00:00,24.0
960,2023-05-01 03:00:00,25.0
961,2023-05-01 06:00:00,25.0
962,2023-05-01 09:00:00,22.0
963,2023-05-01 12:00:00,17.0
964,2023-05-01 15:00:00,11.0
965,2023-05-01 18:00:00,10.0
966,2023-05-01 21:00:00,11.0
967,2023-05-02 00:00:00,12.0
968,2023-05-02 03:00:00,11.0
969,2023-05-02 06:00:00,11.0
970,2023-05-02 09:00:00,11.0
971,2023-05-02 12:00:00,13.0
972,2023-05-02 15:00:00,12.0
973,2023-05-02 18:00:00,12.0
974,2023-05-02 21:00:00,15.0
975,2023-05-03 00:00:00,16.0
976,2023-05-03 03:00:00,16.0
977,2023-05-03 06:00:00,16.0
978,2023-05-03 09:00:00,17.0
979,2023-05-03 12:00:00,18.0
980,2023-05-03 15:00:00,17.0
981,2023-05-03 18:00:00,14.0
982,2023-05-03 21:00:00,18.0
983,2023-05-04 00:00:00,19.0
984,2023-05-04 03:00:00,20.0
985,2023-05-04 06:00:00,20.0
986,2023-05-04 09:00:00,21.0
987,2023-05-04 12:00:00,21.0
988,2023-05-04 15:00:00,22.0
989,2023-05-04 18:00:00,25.0
990,2023-05-04 21:00:00,27.0
991,2023-05-05 00:00:00,17.0
992,2023-05-05 03:00:00,10.0
993,2023-05-05 06:00:00,5.0
994,2023-05-05 09:00:00,3.0
995,2023-05-05 12:00:00,3.0
996,2023-05-05 15:00:00,4.0
997,2023-05-05 18:00:00,4.0
998,2023-05-05 21:00:00,4.0
999,2023-05-06 00:00:00,3.0
1000,2023-05-06 03:00:00,2.0
1001,2023-05-06 06:00:00,2.0
1002,2023-05-06 09:00:00,2.0
1003,2023-05-06 12:00:00,2.0
1004,2023-05-06 15:00:00,2.0
1005,2023-05-06 18:00:00,6.0
1006,2023-05-06 21:00:00,15.0
1007,2023-05-07 00:00:00,31.0
1008,2023-05-07 03:00:00,31.0
1009,2023-05-07 06:00:00,23.0
1010,2023-05-07 09:00:00,22.0
1011,2023-05-07 12:00:00,22.0
1012,2023-05-07 15:00:00,21.0
1013,2023-05-07 18:00:00,19.0
1014,2023-05-07 21:00:00,20.0
1015,2023-05-08 00:00:00,20.0
1016,2023-05-08 03:00:00,20.0
1017,2023-05-08 06:00:00,19.0
1018,2023-05-08 09:00:00,19.0
1019,2023-05-08 12:00:00,20.0
1020,2023-05-08 15:00:00,22.0
1021,2023-05-08 18:00:00,23.0
1022,2023-05-08 21:00:00,23.0
1023,2023-05-09 00:00:00,27.0
1024,2023-05-09 03:00:00,28.0
1025,2023-05-09 06:00:00,26.0
1026,2023-05-09 09:00:00,27.0
1027,2023-05-09 12:00:00,27.0
1028,2023-05-09 15:00:00,30.0
1029,2023-05-09 18:00:00,30.0
1030,2023-05-09 21:00:00,29.0
1031,2023-05-10 00:00:00,31.0
1032,2023-05-10 03:00:00,36.0
1033,2023-05-10 06:00:00,38.0
1034,2023-05-10 09:00:00,37.0
1035,2023-05-10 12:00:00,35.0
1036,2023-05-10 15:00:00,26.0
1037,2023-05-10 18:00:00,26.0
1038,2023-05-10 21:00:00,28.0
1039,2023-05-11 00:00:00,26.0
1040,2023-05-11 03:00:00,26.0
1041,2023-05-11 06:00:00,23.0
1042,2023-05-11 09:00:00,18.0
1043,2023-05-11 12:00:00,22.0
1044,2023-05-11 15:00:00,29.0
1045,2023-05-11 18:00:00,30.0
1046,2023-05-11 21:00:00,26.0
1047,2023-05-12 00:00:00,31.0
1048,2023-05-12 03:00:00,35.0
1049,2023-05-12 06:00:00,33.0
1050,2023-05-12 09:00:00,35.0
1051,2023-05-12 12:00:00,39.0
1052,2023-05-12 15:00:00,32.0
1053,2023-05-12 18:00:00,26.0
1054,2023-05-12 21:00:00,19.0
1055,2023-05-13 00:00:00,25.0
1056,2023-05-13 03:00:00,29.0
1057,2023-05-13 06:00:00,31.0
1058,2023-05-13 09:00:00,35.0
1059,2023-05-13 12:00:00,32.0
1060,2023-05-13 15:00:00,23.0
1061,2023-05-13 18:00:00,20.0
1062,2023-05-13 21:00:00,13.0
1063,2023-05-14 00:00:00,12.0
1064,2023-05-14 03:00:00,12.0
1065,2023-05-14 06:00:00,14.0
1066,2023-05-14 09:00:00,16.0
1067,2023-05-14 12:00:00,13.0
1068,2023-05-14 15:00:00,12.0
1069,2023-05-14 18:00:00,13.0
1070,2023-05-14 21:00:00,13.0
1071,2023-05-15 00:00:00,13.0
1072,2023-05-15 03:00:00,14.0
1073,2023-05-15 06:00:00,15.0
1074,2023-05-15 09:00:00,15.0
1075,2023-05-15 12:00:00,17.0
1076,2023-05-15 15:00:00,21.0
1077,2023-05-15 18:00:00,29.0
1078,2023-05-15 21:00:00,29.0
1079,2023-05-16 00:00:00,26.0
1080,2023-05-16 03:00:00,28.0
1081,2023-05-16 06:00:00,31.0
1082,2023-05-16 09:00:00,33.0
1083,2023-05-16 12:00:00,35.0
1084,2023-05-16 15:00:00,39.0
1085,2023-05-16 18:00:00,35.0
1086,2023-05-16 21:00:00,30.0
1087,2023-05-17 00:00:00,19.0
1088,2023-05-17 03:00:00,15.0
1089,2023-05-17 06:00:00,14.0
1090,2023-05-17 09:00:00,13.0
1091,2023-05-17 12:00:00,10.0
1092,2023-05-17 15:00:00,15.0
1093,2023-05-17 18:00:00,15.0
1094,2023-05-17 21:00:00,16.0
1095,2023-05-18 00:00:00,17.0
1096,2023-05-18 03:00:00,16.0
1097,2023-05-18 06:00:00,18.0
1098,2023-05-18 09:00:00,20.0
1099,2023-05-18 12:00:00,17.0
1100,2023-05-18 15:00:00,20.0
1101,2023-05-18 18:00:00,17.0
1102,2023-05-18 21:00:00,19.0
1103,2023-05-19 00:00:00,18.0
1104,2023-05-19 03:00:00,17.0
1105,2023-05-19 06:00:00,14.0
1106,2023-05-19 09:00:00,12.0
1107,2023-05-19 12:00:00,11.0
1108,2023-05-19 15:00:00,10.0
1109,2023-05-19 18:00:00,10.0
1110,2023-05-19 21:00:00,12.0
1111,2023-05-20 00:00:00,12.0
1112,2023-05-20 03:00:00,13.0
1113,2023-05-20 06:00:00,13.0
1114,2023-05-20 09:00:00,15.0
1115,2023-05-20 12:00:00,16.0
1116,2023-05-20 15:00:00,19.0
1117,2023-05-20 18:00:00,12.0
1118,2023-05-20 21:00:00,11.0
1119,2023-05-21 00:00:00,15.0
1120,2023-05-21 03:00:00,17.0
1121,2023-05-21 06:00:00,9.0
1122,2023-05-21 09:00:00,10.0
1123,2023-05-21 12:00:00,20.0
1124,2023-05-21 15:00:00,34.0
1125,2023-05-21 18:00:00,35.0
1126,2023-05-21 21:00:00,27.0
1127,2023-05-22 00:00:00,25.0
1128,2023-05-22 03:00:00,26.0
1129,2023-05-22 06:00:00,27.0
1130,2023-05-22 09:00:00,29.0
1131,2023-05-22 12:00:00,31.0
1132,2023-05-22 15:00:00,32.0
1133,2023-05-22 18:00:00,31.0
1134,2023-05-22 21:00:00,36.0
1135,2023-05-23 00:00:00,30.0
1136,2023-05-23 03:00:00,20.0
1137,2023-05-23 06:00:00,20.0
1138,2023-05-23 09:00:00,19.0
1139,2023-05-23 12:00:00,18.0
1140,2023-05-23 15:00:00,15.0
1141,2023-05-23 18:00:00,11.0
1142,2023-05-23 21:00:00,12.0
1143,2023-05-24 00:00:00,14.0
1144,2023-05-24 03:00:00,15.0
1145,2023-05-24 06:00:00,14.0
1146,2023-05-24 09:00:00,16.0
1147,2023-05-24 12:00:00,17.0
1148,2023-05-24 15:00:00,19.0
1149,2023-05-24 18:00:00,20.0
1150,2023-05-24 21:00:00,19.0
1151,2023-05-25 00:00:00,17.0
1152,2023-05-25 03:00:00,18.0
1153,2023-05-25 06:00:00,17.0
1154,2023-05-25 09:00:00,18.0
1155,2023-05-25 12:00:00,15.0
1156,2023-05-25 15:00:00,11.0
1157,2023-05-25 18:00:00,10.0
1158,2023-05-25 21:00:00,10.0
1159,2023-05-26 00:00:00,10.0
1160,2023-05-26 03:00:00,11.0
1161,2023-05-26 06:00:00,9.0
1162,2023-05-26 09:00:00,9.0
1163,2023-05-26 12:00:00,12.0
1164,2023-05-26 15:00:00,16.0
1165,2023-05-26 18:00:00,18.0
1166,2023-05-26 21:00:00,17.0
1167,2023-05-27 00:00:00,17.0
1168,2023-05-27 03:00:00,17.0
1169,2023-05-27 06:00:00,18.0
1170,2023-05-27 09:00:00,19.0
1171,2023-05-27 12:00:00,21.0
1172,2023-05-27 15:00:00,15.0
1173,2023-05-27 18:00:00,11.0
1174,2023-05-27 21:00:00,11.0
1175,2023-05-28 00:00:00,10.0
1176,2023-05-28 03:00:00,10.0
1177,2023-05-28 06:00:00,10.0
1178,2023-05-28 09:00:00,6.0
1179,2023-05-28 12:00:00,3.0
1180,2023-05-28 15:00:00,3.0
1181,2023-05-28 18:00:00,3.0
1182,2023-05-28 21:00:00,4.0
1183,2023-05-29 00:00:00,3.0
1184,2023-05-29 03:00:00,4.0
1185,2023-05-29 06:00:00,3.0
1186,2023-05-29 09:00:00,3.0
1187,2023-05-29 12:00:00,4.0
1188,2023-05-29 15:00:00,5.0
1189,2023-05-29 18:00:00,5.0
1190,2023-05-29 21:00:00,13.0
1191,2023-05-30 00:00:00,21.0
1192,2023-05-30 03:00:00,25.0
1193,2023-05-30 06:00:00,22.0
1194,2023-05-30 09:00:00,24.0
1195,2023-05-30 12:00:00,18.0
1196,2023-05-30 15:00:00,17.0
1197,2023-05-30 18:00:00,18.0
1198,2023-05-30 21:00:00,17.0
1199,2023-05-31 00:00:00,15.0
1200,2023-05-31 03:00:00,13.0
1201,2023-05-31 06:00:00,12.0
1202,2023-05-31 09:00:00,10.0
1203,2023-05-31 12:00:00,9.0
1204,2023-05-31 15:00:00,11.0
1205,2023-05-31 18:00:00,16.0
1206,2023-05-31 21:00:00,18.0
1207,2023-06-01 00:00:00,19.0
1208,2023-06-01 03:00:00,19.0
1209,2023-06-01 06:00:00,21.0
1210,2023-06-01 09:00:00,22.0
1211,2023-06-01 12:00:00,22.0
1212,2023-06-01 15:00:00,22.0
1213,2023-06-01 18:00:00,27.0
1214,2023-06-01 21:00:00,26.0
1215,2023-06-02 00:00:00,16.0
1216,2023-06-02 03:00:00,15.0
1217,2023-06-02 06:00:00,16.0
1218,2023-06-02 09:00:00,19.0
1219,2023-06-02 12:00:00,16.0
1220,2023-06-02 15:00:00,16.0
1221,2023-06-02 18:00:00,18.0
1222,2023-06-02 21:00:00,18.0
1223,2023-06-03 00:00:00,19.0
1224,2023-06-03 03:00:00,19.0
1225,2023-06-03 06:00:00,17.0
1226,2023-06-03 09:00:00,15.0
1227,2023-06-03 12:00:00,10.0
1228,2023-06-03 15:00:00,9.0
1229,2023-06-03 18:00:00,10.0
1230,2023-06-03 21:00:00,13.0
1231,2023-06-04 00:00:00,19.0
1232,2023-06-04 03:00:00,19.0
1233,2023-06-04 06:00:00,24.0
1234,2023-06-04 09:00:00,26.0
1235,2023-06-04 12:00:00,24.0
1236,2023-06-04 15:00:00,16.0
1237,2023-06-04 18:00:00,10.0
1238,2023-06-04 21:00:00,10.0
1239,2023-06-05 00:00:00,14.0
1240,2023-06-05 03:00:00,16.0
1241,2023-06-05 06:00:00,17.0
1242,2023-06-05 09:00:00,20.0
1243,2023-06-05 12:00:00,19.0
1244,2023-06-05 15:00:00,16.0
1245,2023-06-05 18:00:00,9.0
1246,2023-06-05 21:00:00,11.0
1247,2023-06-06 00:00:00,9.0
1248,2023-06-06 03:00:00,9.0
1249,2023-06-06 06:00:00,9.0
1250,2023-06-06 09:00:00,9.0
1251,2023-06-06 12:00:00,10.0
1252,2023-06-06 15:00:00,12.0
1253,2023-06-06 18:00:00,10.0
1254,2023-06-06 21:00:00,11.0
1255,2023-06-07 00:00:00,12.0
1256,2023-06-07 03:00:00,12.0
1257,2023-06-07 06:00:00,12.0
1258,2023-06-07 09:00:00,17.0
1259,2023-06-07 12:00:00,20.0
1260,2023-06-07 15:00:00,25.0
1261,2023-06-07 18:00:00,26.0
1262,2023-06-07 21:00:00,21.0
1263,2023-06-08 00:00:00,21.0
1264,2023-06-08 03:00:00,15.0
1265,2023-06-08 06:00:00,14.0
1266,2023-06-08 09:00:00,10.0
1267,2023-06-08 12:00:00,11.0
1268,2023-06-08 15:00:00,9.0
1269,2023-06-08 18:00:00,10.0
1270,2023-06-08 21:00:00,11.0
1271,2023-06-09 00:00:00,8.0
1272,2023-06-09 03:00:00,7.0
1273,2023-06-09 06:00:00,6.0
1274,2023-06-09 09:00:00,9.0
1275,2023-06-09 12:00:00,13.0
1276,2023-06-09 15:00:00,18.0
1277,2023-06-09 18:00:00,14.0
1278,2023-06-09 21:00:00,17.0
1279,2023-06-10 00:00:00,23.0
1280,2023-06-10 03:00:00,24.0
1281,2023-06-10 06:00:00,26.0
1282,2023-06-10 09:00:00,25.0
1283,2023-06-10 12:00:00,20.0
1284,2023-06-10 15:00:00,19.0
1285,2023-06-10 18:00:00,18.0
1286,2023-06-10 21:00:00,14.0
1287,2023-06-11 00:00:00,14.0
1288,2023-06-11 03:00:00,13.0
1289,2023-06-11 06:00:00,11.0
1290,2023-06-11 09:00:00,9.0
1291,2023-06-11 12:00:00,11.0
1292,2023-06-11 15:00:00,13.0
1293,2023-06-11 18:00:00,15.0
1294,2023-06-11 21:00:00,15.0
1295,2023-06-12 00:00:00,18.0
1296,2023-06-12 03:00:00,20.0
1297,2023-06-12 06:00:00,19.0
1298,2023-06-12 09:00:00,18.0
1299,2023-06-12 12:00:00,15.0
1300,2023-06-12 15:00:00,15.0
1301,2023-06-12 18:00:00,18.0
1302,2023-06-12 21:00:00,17.0
1303,2023-06-13 00:00:00,20.0
1304,2023-06-13 03:00:00,18.0
1305,2023-06-13 06:00:00,20.0
1306,2023-06-13 09:00:00,16.0
1307,2023-06-13 12:00:00,13.0
1308,2023-06-13 15:00:00,17.0
1309,2023-06-13 18:00:00,12.0
1310,2023-06-13 21:00:00,12.0
1311,2023-06-14 00:00:00,13.0
1312,2023-06-14 03:00:00,14.0
1313,2023-06-14 06:00:00,15.0
1314,2023-06-14 09:00:00,17.0
1315,2023-06-14 12:00:00,21.0
1316,2023-06-14 15:00:00,24.0
1317,2023-06-14 18:00:00,21.0
1318,2023-06-14 21:00:00,20.0
1319,2023-06-15 00:00:00,18.0
1320,2023-06-15 03:00:00,18.0
1321,2023-06-15 06:00:00,18.0
1322,2023-06-15 09:00:00,18.0
1323,2023-06-15 12:00:00,21.0
1324,2023-06-15 15:00:00,23.0
1325,2023-06-15 18:00:00,24.0
1326,2023-06-15 21:00:00,21.0
1327,2023-06-16 00:00:00,18.0
1328,2023-06-16 03:00:00,21.0
1329,2023-06-16 06:00:00,19.0
1330,2023-06-16 09:00:00,19.0
1331,2023-06-16 12:00:00,19.0
1332,2023-06-16 15:00:00,14.0
1333,2023-06-16 18:00:00,13.0
1334,2023-06-16 21:00:00,11.0
1335,2023-06-17 00:00:00,12.0
1336,2023-06-17 03:00:00,14.0
1337,2023-06-17 06:00:00,14.0
1338,2023-06-17 09:00:00,13.0
1339,2023-06-17 12:00:00,13.0
1340,2023-06-17 15:00:00,13.0
1341,2023-06-17 18:00:00,13.0
1342,2023-06-17 21:00:00,11.0
1343,2023-06-18 00:00:00,12.0
1344,2023-06-18 03:00:00,13.0
1345,2023-06-18 06:00:00,14.0
1346,2023-06-18 09:00:00,15.0
1347,2023-06-18 12:00:00,14.0
1348,2023-06-18 15:00:00,16.0
1349,2023-06-18 18:00:00,19.0
1350,2023-06-18 21:00:00,21.0
1351,2023-06-19 00:00:00,19.0
1352,2023-06-19 03:00:00,19.0
1353,2023-06-19 06:00:00,21.0
1354,2023-06-19 09:00:00,24.0
1355,2023-06-19 12:00:00,27.0
1356,2023-06-19 15:00:00,29.0
1357,2023-06-19 18:00:00,34.0
1358,2023-06-19 21:00:00,41.0
1359,2023-06-20 00:00:00,37.0
1360,2023-06-20 03:00:00,38.0
1361,2023-06-20 06:00:00,32.0
1362,2023-06-20 09:00:00,21.0
1363,2023-06-20 12:00:00,19.0
1364,2023-06-20 15:00:00,15.0
1365,2023-06-20 18:00:00,12.0
1366,2023-06-20 21:00:00,15.0
1367,2023-06-21 00:00:00,13.0
1368,2023-06-21 03:00:00,9.0
1369,2023-06-21 06:00:00,8.0
1370,2023-06-21 09:00:00,4.0
1371,2023-06-21 12:00:00,3.0
1372,2023-06-21 15:00:00,3.0
1373,2023-06-21 18:00:00,5.0
1374,2023-06-21 21:00:00,4.0
1375,2023-06-22 00:00:00,3.0
1376,2023-06-22 03:00:00,3.0
1377,2023-06-22 06:00:00,3.0
1378,2023-06-22 09:00:00,4.0
1379,2023-06-22 12:00:00,10.0
1380,2023-06-22 15:00:00,15.0
1381,2023-06-22 18:00:00,12.0
1382,2023-06-22 21:00:00,15.0
1383,2023-06-23 00:00:00,16.0
1384,2023-06-23 03:00:00,17.0
1385,2023-06-23 06:00:00,17.0
1386,2023-06-23 09:00:00,18.0
1387,2023-06-23 12:00:00,17.0
1388,2023-06-23 15:00:00,21.0
1389,2023-06-23 18:00:00,23.0
1390,2023-06-23 21:00:00,36.0
1391,2023-06-24 00:00:00,33.0
1392,2023-06-24 03:00:00,25.0
1393,2023-06-24 06:00:00,14.0
1394,2023-06-24 09:00:00,12.0
1395,2023-06-24 12:00:00,23.0
1396,2023-06-24 15:00:00,30.0
1397,2023-06-24 18:00:00,38.0
1398,2023-06-24 21:00:00,33.0
1399,2023-06-25 00:00:00,27.0
1400,2023-06-25 03:00:00,23.0
1401,2023-06-25 06:00:00,21.0
1402,2023-06-25 09:00:00,24.0
1403,2023-06-25 12:00:00,31.0
1404,2023-06-25 15:00:00,24.0
1405,2023-06-25 18:00:00,19.0
1406,2023-06-25 21:00:00,18.0
1407,2023-06-26 00:00:00,14.0
1408,2023-06-26 03:00:00,14.0
1409,2023-06-26 06:00:00,12.0
1410,2023-06-26 09:00:00,6.0
1411,2023-06-26 12:00:00,6.0
1412,2023-06-26 15:00:00,14.0
1413,2023-06-26 18:00:00,12.0
1414,2023-06-26 21:00:00,8.0
1415,2023-06-27 00:00:00,6.0
1416,2023-06-27 03:00:00,9.0
1417,2023-06-27 06:00:00,7.0
1418,2023-06-27 09:00:00,7.0
1419,2023-06-27 12:00:00,10.0
1420,2023-06-27 15:00:00,12.0
1421,2023-06-27 18:00:00,12.0
1422,2023-06-27 21:00:00,11.0
1423,2023-06-28 00:00:00,13.0
1424,2023-06-28 03:00:00,21.0
1425,2023-06-28 06:00:00,26.0
1426,2023-06-28 09:00:00,18.0
1427,2023-06-28 12:00:00,12.0
1428,2023-06-28 15:00:00,19.0
1429,2023-06-28 18:00:00,18.0
1430,2023-06-28 21:00:00,22.0
1431,2023-06-29 00:00:00,29.0
1432,2023-06-29 03:00:00,37.0
1433,2023-06-29 06:00:00,39.0
1434,2023-06-29 09:00:00,29.0
1435,2023-06-29 12:00:00,16.0
1436,2023-06-29 15:00:00,6.0
1437,2023-06-29 18:00:00,3.0
1438,2023-06-29 21:00:00,18.0
1439,2023-06-30 00:00:00,18.0
1440,2023-06-30 03:00:00,21.0
1441,2023-06-30 06:00:00,29.0
1442,2023-06-30 09:00:00,27.0
1443,2023-06-30 12:00:00,20.0
1444,2023-06-30 15:00:00,21.0
1445,2023-06-30 18:00:00,25.0
1446,2023-06-30 21:00:00,24.0
1447,2023-07-01 00:00:00,21.0
1448,2023-07-01 03:00:00,18.0
1449,2023-07-01 06:00:00,17.0
1450,2023-07-01 09:00:00,19.0
1451,2023-07-01 12:00:00,19.0
1452,2023-07-01 15:00:00,18.0
1453,2023-07-01 18:00:00,18.0
1454,2023-07-01 21:00:00,16.0
1455,2023-07-02 00:00:00,17.0
1456,2023-07-02 03:00:00,18.0
1457,2023-07-02 06:00:00,13.0
1458,2023-07-02 09:00:00,10.0
1459,2023-07-02 12:00:00,11.0
1460,2023-07-02 15:00:00,11.0
1461,2023-07-02 18:00:00,12.0
1462,2023-07-02 21:00:00,14.0
1463,2023-07-03 00:00:00,12.0
1464,2023-07-03 03:00:00,12.0
1465,2023-07-03 06:00:00,12.0
1466,2023-07-03 09:00:00,15.0
1467,2023-07-03 12:00:00,19.0
1468,2023-07-03 15:00:00,23.0
1469,2023-07-03 18:00:00,25.0
1470,2023-07-03 21:00:00,29.0
1471,2023-07-04 00:00:00,30.0
1472,2023-07-04 03:00:00,32.0
1473,2023-07-04 06:00:00,35.0
1474,2023-07-04 09:00:00,34.0
1475,2023-07-04 12:00:00,30.0
1476,2023-07-04 15:00:00,26.0
1477,2023-07-04 18:00:00,10.0
1478,2023-07-04 21:00:00,5.0
1479,2023-07-05 00:00:00,3.0
1480,2023-07-05 03:00:00,5.0
1481,2023-07-05 06:00:00,10.0
1482,2023-07-05 09:00:00,8.0
1483,2023-07-05 12:00:00,9.0
1484,2023-07-05 15:00:00,14.0
1485,2023-07-05 18:00:00,21.0
1486,2023-07-05 21:00:00,25.0
1487,2023-07-06 00:00:00,24.0
1488,2023-07-06 03:00:00,24.0
1489,2023-07-06 06:00:00,21.0
1490,2023-07-06 09:00:00,20.0
1491,2023-07-06 12:00:00,25.0
1492,2023-07-06 15:00:00,26.0
1493,2023-07-06 18:00:00,31.0
1494,2023-07-06 21:00:00,34.0
1495,2023-07-07 00:00:00,28.0
1496,2023-07-07 03:00:00,25.0
1497,2023-07-07 06:00:00,25.0
1498,2023-07-07 09:00:00,26.0
1499,2023-07-07 12:00:00,27.0
1500,2023-07-07 15:00:00,23.0
1501,2023-07-07 18:00:00,20.0
1502,2023-07-07 21:00:00,9.0
1503,2023-07-08 00:00:00,5.0
1504,2023-07-08 03:00:00,3.0
1505,2023-07-08 06:00:00,4.0
1506,2023-07-08 09:00:00,5.0
1507,2023-07-08 12:00:00,5.0
1508,2023-07-08 15:00:00,6.0
1509,2023-07-08 18:00:00,8.0
1510,2023-07-08 21:00:00,11.0
1511,2023-07-09 00:00:00,11.0
1512,2023-07-09 03:00:00,12.0
1513,2023-07-09 06:00:00,12.0
1514,2023-07-09 09:00:00,12.0
1515,2023-07-09 12:00:00,9.0
1516,2023-07-09 15:00:00,3.0
1517,2023-07-09 18:00:00,3.0
1518,2023-07-09 21:00:00,6.0
1519,2023-07-10 00:00:00,13.0
1520,2023-07-10 03:00:00,28.0
1521,2023-07-10 06:00:00,28.0
1522,2023-07-10 09:00:00,15.0
1523,2023-07-10 12:00:00,13.0
1524,2023-07-10 15:00:00,21.0
1525,2023-07-10 18:00:00,20.0
1526,2023-07-10 21:00:00,14.0
1527,2023-07-11 00:00:00,14.0
1528,2023-07-11 03:00:00,12.0
1529,2023-07-11 06:00:00,13.0
1530,2023-07-11 09:00:00,19.0
1531,2023-07-11 12:00:00,11.0
1532,2023-07-11 15:00:00,6.0
1533,2023-07-11 18:00:00,5.0
1534,2023-07-11 21:00:00,6.0
1535,2023-07-12 00:00:00,8.0
1536,2023-07-12 03:00:00,8.0
1537,2023-07-12 06:00:00,10.0
1538,2023-07-12 09:00:00,12.0
1539,2023-07-12 12:00:00,16.0
1540,2023-07-12 15:00:00,19.0
1541,2023-07-12 18:00:00,18.0
1542,2023-07-12 21:00:00,19.0
1543,2023-07-13 00:00:00,19.0
1544,2023-07-13 03:00:00,21.0
1545,2023-07-13 06:00:00,23.0
1546,2023-07-13 09:00:00,25.0
1547,2023-07-13 12:00:00,22.0
1548,2023-07-13 15:00:00,7.0
1549,2023-07-13 18:00:00,5.0
1550,2023-07-13 21:00:00,9.0
1551,2023-07-14 00:00:00,7.0
1552,2023-07-14 03:00:00,5.0
1553,2023-07-14 06:00:00,4.0
1554,2023-07-14 09:00:00,15.0
1555,2023-07-14 12:00:00,16.0
1556,2023-07-14 15:00:00,6.0
1557,2023-07-14 18:00:00,9.0
1558,2023-07-14 21:00:00,11.0
1559,2023-07-15 00:00:00,16.0
1560,2023-07-15 03:00:00,14.0
1561,2023-07-15 06:00:00,9.0
1562,2023-07-15 09:00:00,10.0
1563,2023-07-15 12:00:00,9.0
1564,2023-07-15 15:00:00,13.0
1565,2023-07-15 18:00:00,19.0
1566,2023-07-15 21:00:00,19.0
1567,2023-07-16 00:00:00,18.0
1568,2023-07-16 03:00:00,15.0
1569,2023-07-16 06:00:00,18.0
1570,2023-07-16 09:00:00,16.0
1571,2023-07-16 12:00:00,20.0
1572,2023-07-16 15:00:00,15.0
1573,2023-07-16 18:00:00,14.0
1574,2023-07-16 21:00:00,14.0
1575,2023-07-17 00:00:00,14.0
1576,2023-07-17 03:00:00,14.0
1577,2023-07-17 06:00:00,14.0
1578,2023-07-17 09:00:00,13.0
1579,2023-07-17 12:00:00,12.0
1580,2023-07-17 15:00:00,15.0
1581,2023-07-17 18:00:00,13.0
1582,2023-07-17 21:00:00,15.0
1583,2023-07-18 00:00:00,17.0
1584,2023-07-18 03:00:00,13.0
1585,2023-07-18 06:00:00,13.0
1586,2023-07-18 09:00:00,12.0
1587,2023-07-18 12:00:00,5.0
1588,2023-07-18 15:00:00,4.0
1589,2023-07-18 18:00:00,3.0
1590,2023-07-18 21:00:00,4.0
1591,2023-07-19 00:00:00,4.0
1592,2023-07-19 03:00:00,5.0
1593,2023-07-19 06:00:00,5.0
1594,2023-07-19 09:00:00,7.0
1595,2023-07-19 12:00:00,13.0
1596,2023-07-19 15:00:00,19.0
1597,2023-07-19 18:00:00,24.0
1598,2023-07-19 21:00:00,31.0
1599,2023-07-20 00:00:00,31.0
1600,2023-07-20 03:00:00,32.0
1601,2023-07-20 06:00:00,33.0
1602,2023-07-20 09:00:00,34.0
1603,2023-07-20 12:00:00,40.0
1604,2023-07-20 15:00:00,44.0
1605,2023-07-20 18:00:00,45.0
1606,2023-07-20 21:00:00,41.0
1607,2023-07-21 00:00:00,36.0
1608,2023-07-21 03:00:00,38.0
1609,2023-07-21 06:00:00,40.0
1610,2023-07-21 09:00:00,45.0
1611,2023-07-21 12:00:00,48.0
1612,2023-07-21 15:00:00,44.0
1613,2023-07-21 18:00:00,48.0
1614,2023-07-21 21:00:00,56.0
1615,2023-07-22 00:00:00,53.0
1616,2023-07-22 03:00:00,36.0
1617,2023-07-22 06:00:00,29.0
1618,2023-07-22 09:00:00,29.0
1619,2023-07-22 12:00:00,23.0
1620,2023-07-22 15:00:00,22.0
1621,2023-07-22 18:00:00,15.0
1622,2023-07-22 21:00:00,9.0
1623,2023-07-23 00:00:00,4.0
1624,2023-07-23 03:00:00,5.0
1625,2023-07-23 06:00:00,6.0
1626,2023-07-23 09:00:00,5.0
1627,2023-07-23 12:00:00,4.0
1628,2023-07-23 15:00:00,3.0
1629,2023-07-23 18:00:00,3.0
1630,2023-07-23 21:00:00,5.0
1631,2023-07-24 00:00:00,7.0
1632,2023-07-24 03:00:00,11.0
1633,2023-07-24 06:00:00,11.0
1634,2023-07-24 09:00:00,12.0
1635,2023-07-24 12:00:00,13.0
1636,2023-07-24 15:00:00,15.0
1637,2023-07-24 18:00:00,17.0
1638,2023-07-24 21:00:00,18.0
1639,2023-07-25 00:00:00,14.0
1640,2023-07-25 03:00:00,12.0
1641,2023-07-25 06:00:00,12.0
1642,2023-07-25 09:00:00,14.0
1643,2023-07-25 12:00:00,15.0
1644,2023-07-25 15:00:00,11.0
1645,2023-07-25 18:00:00,6.0
1646,2023-07-25 21:00:00,5.0
1647,2023-07-26 00:00:00,5.0
1648,2023-07-26 03:00:00,4.0
1649,2023-07-26 06:00:00,4.0
1650,2023-07-26 09:00:00,4.0
1651,2023-07-26 12:00:00,6.0
1652,2023-07-26 15:00:00,9.0
1653,2023-07-26 18:00:00,6.0
1654,2023-07-26 21:00:00,7.0
1655,2023-07-27 00:00:00,6.0
1656,2023-07-27 03:00:00,6.0
1657,2023-07-27 06:00:00,5.0
1658,2023-07-27 09:00:00,5.0
1659,2023-07-27 12:00:00,10.0
1660,2023-07-27 15:00:00,14.0
1661,2023-07-27 18:00:00,18.0
1662,2023-07-27 21:00:00,20.0
1663,2023-07-28 00:00:00,21.0
1664,2023-07-28 03:00:00,21.0
1665,2023-07-28 06:00:00,20.0
1666,2023-07-28 09:00:00,19.0
1667,2023-07-28 12:00:00,19.0
1668,2023-07-28 15:00:00,24.0
1669,2023-07-28 18:00:00,29.0
1670,2023-07-28 21:00:00,25.0
1671,2023-07-29 00:00:00,18.0
1672,2023-07-29 03:00:00,20.0
1673,2023-07-29 06:00:00,22.0
1674,2023-07-29 09:00:00,24.0
1675,2023-07-29 12:00:00,25.0
1676,2023-07-29 15:00:00,34.0
1677,2023-07-29 18:00:00,28.0
1678,2023-07-29 21:00:00,11.0
1679,2023-07-30 00:00:00,4.0
1680,2023-07-30 03:00:00,4.0
1681,2023-07-30 06:00:00,4.0
1682,2023-07-30 09:00:00,4.0
1683,2023-07-30 12:00:00,5.0
1684,2023-07-30 15:00:00,13.0
1685,2023-07-30 18:00:00,18.0
1686,2023-07-30 21:00:00,16.0
1687,2023-07-31 00:00:00,16.0
1688,2023-07-31 03:00:00,18.0
1689,2023-07-31 06:00:00,19.0
1690,2023-07-31 09:00:00,20.0
1691,2023-07-31 12:00:00,20.0
1692,2023-07-31 15:00:00,27.0
1693,2023-07-31 18:00:00,27.0
1694,2023-07-31 21:00:00,21.0
1695,2023-08-01 00:00:00,19.0
1696,2023-08-01 03:00:00,16.0
1697,2023-08-01 06:00:00,14.0
1698,2023-08-01 09:00:00,14.0
1699,2023-08-01 12:00:00,18.0
1700,2023-08-01 15:00:00,24.0
1701,2023-08-01 18:00:00,31.0
1702,2023-08-01 21:00:00,32.0
1703,2023-08-02 00:00:00,27.0
1704,2023-08-02 03:00:00,30.0
1705,2023-08-02 06:00:00,29.0
1706,2023-08-02 09:00:00,30.0
1707,2023-08-02 12:00:00,27.0
1708,2023-08-02 15:00:00,25.0
1709,2023-08-02 18:00:00,18.0
1710,2023-08-02 21:00:00,14.0
1711,2023-08-03 00:00:00,13.0
1712,2023-08-03 03:00:00,14.0
1713,2023-08-03 06:00:00,16.0
1714,2023-08-03 09:00:00,16.0
1715,2023-08-03 12:00:00,15.0
1716,2023-08-03 15:00:00,17.0
1717,2023-08-03 18:00:00,14.0
1718,2023-08-03 21:00:00,12.0
1719,2023-08-04 00:00:00,11.0
1720,2023-08-04 03:00:00,11.0
1721,2023-08-04 06:00:00,11.0
1722,2023-08-04 09:00:00,11.0
1723,2023-08-04 12:00:00,12.0
1724,2023-08-04 15:00:00,17.0
1725,2023-08-04 18:00:00,14.0
1726,2023-08-04 21:00:00,12.0
1727,2023-08-05 00:00:00,13.0
1728,2023-08-05 03:00:00,13.0
1729,2023-08-05 06:00:00,12.0
1730,2023-08-05 09:00:00,13.0
1731,2023-08-05 12:00:00,13.0
1732,2023-08-05 15:00:00,14.0
1733,2023-08-05 18:00:00,13.0
1734,2023-08-05 21:00:00,12.0
1735,2023-08-06 00:00:00,11.0
1736,2023-08-06 03:00:00,13.0
1737,2023-08-06 06:00:00,13.0
1738,2023-08-06 09:00:00,13.0
1739,2023-08-06 12:00:00,17.0
1740,2023-08-06 15:00:00,20.0
1741,2023-08-06 18:00:00,15.0
1742,2023-08-06 21:00:00,14.0
1743,2023-08-07 00:00:00,14.0
1744,2023-08-07 03:00:00,8.0
1745,2023-08-07 06:00:00,6.0
1746,2023-08-07 09:00:00,4.0
1747,2023-08-07 12:00:00,5.0
1748,2023-08-07 15:00:00,6.0
1749,2023-08-07 18:00:00,6.0
1750,2023-08-07 21:00:00,5.0
1751,2023-08-08 00:00:00,3.0
1752,2023-08-08 03:00:00,3.0
1753,2023-08-08 06:00:00,2.0
1754,2023-08-08 09:00:00,2.0
1755,2023-08-08 12:00:00,3.0
1756,2023-08-08 15:00:00,5.0
1757,2023-08-08 18:00:00,5.0
1758,2023-08-08 21:00:00,5.0
1759,2023-08-09 00:00:00,4.0
1760,2023-08-09 03:00:00,2.0
1761,2023-08-09 06:00:00,2.0
1762,2023-08-09 09:00:00,2.0
1763,2023-08-09 12:00:00,4.0
1764,2023-08-09 15:00:00,4.0
1765,2023-08-09 18:00:00,5.0
1766,2023-08-09 21:00:00,5.0
1767,2023-08-10 00:00:00,3.0
1768,2023-08-10 03:00:00,2.0
1769,2023-08-10 06:00:00,2.0
1770,2023-08-10 09:00:00,2.0
1771,2023-08-10 12:00:00,2.0
1772,2023-08-10 15:00:00,2.0
1773,2023-08-10 18:00:00,2.0
1774,2023-08-10 21:00:00,2.0
1775,2023-08-11 00:00:00,2.0
1776,2023-08-11 03:00:00,2.0
1777,2023-08-11 06:00:00,2.0
1778,2023-08-11 09:00:00,6.0
1779,2023-08-11 12:00:00,9.0
1780,2023-08-11 15:00:00,12.0
1781,2023-08-11 18:00:00,15.0
1782,2023-08-11 21:00:00,17.0
1783,2023-08-12 00:00:00,17.0
1784,2023-08-12 03:00:00,16.0
1785,2023-08-12 06:00:00,16.0
1786,2023-08-12 09:00:00,12.0
1787,2023-08-12 12:00:00,7.0
1788,2023-08-12 15:00:00,8.0
1789,2023-08-12 18:00:00,7.0
1790,2023-08-12 21:00:00,9.0
1791,2023-08-13 00:00:00,10.0
1792,2023-08-13 03:00:00,10.0
1793,2023-08-13 06:00:00,9.0
1794,2023-08-13 09:00:00,11.0
1795,2023-08-13 12:00:00,15.0
1796,2023-08-13 15:00:00,21.0
1797,2023-08-13 18:00:00,24.0
1798,2023-08-13 21:00:00,27.0
1799,2023-08-14 00:00:00,28.0
1800,2023-08-14 03:00:00,28.0
1801,2023-08-14 06:00:00,28.0
1802,2023-08-14 09:00:00,26.0
1803,2023-08-14 12:00:00,28.0
1804,2023-08-14 15:00:00,30.0
1805,2023-08-14 18:00:00,31.0
1806,2023-08-14 21:00:00,24.0
1807,2023-08-15 00:00:00,18.0
1808,2023-08-15 03:00:00,17.0
1809,2023-08-15 06:00:00,14.0
1810,2023-08-15 09:00:00,10.0
1811,2023-08-15 12:00:00,9.0
1812,2023-08-15 15:00:00,15.0
1813,2023-08-15 18:00:00,20.0
1814,2023-08-15 21:00:00,21.0
1815,2023-08-16 00:00:00,19.0
1816,2023-08-16 03:00:00,10.0
1817,2023-08-16 06:00:00,5.0
1818,2023-08-16 09:00:00,4.0
1819,2023-08-16 12:00:00,5.0
1820,2023-08-16 15:00:00,13.0
1821,2023-08-16 18:00:00,20.0
1822,2023-08-16 21:00:00,14.0
1823,2023-08-17 00:00:00,11.0
1824,2023-08-17 03:00:00,12.0
1825,2023-08-17 06:00:00,13.0
1826,2023-08-17 09:00:00,14.0
1827,2023-08-17 12:00:00,13.0
1828,2023-08-17 15:00:00,15.0
1829,2023-08-17 18:00:00,18.0
1830,2023-08-17 21:00:00,27.0
1831,2023-08-18 00:00:00,25.0
1832,2023-08-18 03:00:00,23.0
1833,2023-08-18 06:00:00,24.0
1834,2023-08-18 09:00:00,24.0
1835,2023-08-18 12:00:00,21.0
1836,2023-08-18 15:00:00,25.0
1837,2023-08-18 18:00:00,35.0
1838,2023-08-18 21:00:00,31.0
1839,2023-08-19 00:00:00,26.0
1840,2023-08-19 03:00:00,23.0
1841,2023-08-19 06:00:00,16.0
1842,2023-08-19 09:00:00,15.0
1843,2023-08-19 12:00:00,16.0
1844,2023-08-19 15:00:00,24.0
1845,2023-08-19 18:00:00,22.0
1846,2023-08-19 21:00:00,17.0
1847,2023-08-20 00:00:00,18.0
1848,2023-08-20 03:00:00,16.0
1849,2023-08-20 06:00:00,17.0
1850,2023-08-20 09:00:00,17.0
1851,2023-08-20 12:00:00,18.0
1852,2023-08-20 15:00:00,21.0
1853,2023-08-20 18:00:00,19.0
1854,2023-08-20 21:00:00,18.0
1855,2023-08-21 00:00:00,16.0
1856,2023-08-21 03:00:00,17.0
1857,2023-08-21 06:00:00,19.0
1858,2023-08-21 09:00:00,20.0
1859,2023-08-21 12:00:00,15.0
1860,2023-08-21 15:00:00,16.0
1861,2023-08-21 18:00:00,15.0
1862,2023-08-21 21:00:00,13.0
1863,2023-08-22 00:00:00,11.0
1864,2023-08-22 03:00:00,9.0
1865,2023-08-22 06:00:00,9.0
1866,2023-08-22 09:00:00,14.0
1867,2023-08-22 12:00:00,23.0
1868,2023-08-22 15:00:00,18.0
1869,2023-08-22 18:00:00,10.0
1870,2023-08-22 21:00:00,11.0
1871,2023-08-23 00:00:00,10.0
1872,2023-08-23 03:00:00,7.0
1873,2023-08-23 06:00:00,7.0
1874,2023-08-23 09:00:00,6.0
1875,2023-08-23 12:00:00,7.0
1876,2023-08-23 15:00:00,4.0
1877,2023-08-23 18:00:00,3.0
1878,2023-08-23 21:00:00,4.0
1879,2023-08-24 00:00:00,3.0
1880,2023-08-24 03:00:00,2.0
1881,2023-08-24 06:00:00,2.0
1882,2023-08-24 09:00:00,3.0
1883,2023-08-24 12:00:00,4.0
1884,2023-08-24 15:00:00,3.0
1885,2023-08-24 18:00:00,3.0
1886,2023-08-24 21:00:00,4.0
1887,2023-08-25 00:00:00,3.0
1888,2023-08-25 03:00:00,5.0
1889,2023-08-25 06:00:00,4.0
1890,2023-08-25 09:00:00,5.0
1891,2023-08-25 12:00:00,9.0
1892,2023-08-25 15:00:00,8.0
1893,2023-08-25 18:00:00,8.0
1894,2023-08-25 21:00:00,14.0
1895,2023-08-26 00:00:00,22.0
1896,2023-08-26 03:00:00,24.0
1897,2023-08-26 06:00:00,25.0
1898,2023-08-26 09:00:00,24.0
1899,2023-08-26 12:00:00,25.0
1900,2023-08-26 15:00:00,24.0
1901,2023-08-26 18:00:00,25.0
1902,2023-08-26 21:00:00,24.0
1903,2023-08-27 00:00:00,21.0
1904,2023-08-27 03:00:00,20.0
1905,2023-08-27 06:00:00,21.0
1906,2023-08-27 09:00:00,20.0
1907,2023-08-27 12:00:00,19.0
1908,2023-08-27 15:00:00,20.0
1909,2023-08-27 18:00:00,18.0
1910,2023-08-27 21:00:00,17.0
1911,2023-08-28 00:00:00,13.0
1912,2023-08-28 03:00:00,11.0
1913,2023-08-28 06:00:00,10.0
1914,2023-08-28 09:00:00,10.0
1915,2023-08-28 12:00:00,8.0
1916,2023-08-28 15:00:00,8.0
1917,2023-08-28 18:00:00,6.0
1918,2023-08-28 21:00:00,7.0
1919,2023-08-29 00:00:00,4.0
1920,2023-08-29 03:00:00,6.0
1921,2023-08-29 06:00:00,9.0
1922,2023-08-29 09:00:00,12.0
1923,2023-08-29 12:00:00,13.0
1924,2023-08-29 15:00:00,4.0
1925,2023-08-29 18:00:00,4.0
1926,2023-08-29 21:00:00,4.0
1927,2023-08-30 00:00:00,5.0
1928,2023-08-30 03:00:00,5.0
1929,2023-08-30 06:00:00,5.0
1930,2023-08-30 09:00:00,9.0
1931,2023-08-30 12:00:00,11.0
1932,2023-08-30 15:00:00,11.0
1933,2023-08-30 18:00:00,12.0
1934,2023-08-30 21:00:00,13.0
1935,2023-08-31 00:00:00,13.0
1936,2023-08-31 03:00:00,12.0
1937,2023-08-31 06:00:00,11.0
1938,2023-08-31 09:00:00,12.0
1939,2023-08-31 12:00:00,13.0
1940,2023-08-31 15:00:00,16.0
1941,2023-08-31 18:00:00,14.0
1942,2023-08-31 21:00:00,10.0
1943,2023-09-01 00:00:00,11.0
1944,2023-09-01 03:00:00,11.0
1945,2023-09-01 06:00:00,11.0
1946,2023-09-01 09:00:00,12.0
1947,2023-09-01 12:00:00,12.0
1948,2023-09-01 15:00:00,14.0
1949,2023-09-01 18:00:00,16.0
1950,2023-09-01 21:00:00,19.0
1951,2023-09-02 00:00:00,18.0
1952,2023-09-02 03:00:00,18.0
1953,2023-09-02 06:00:00,19.0
1954,2023-09-02 09:00:00,19.0
1955,2023-09-02 12:00:00,18.0
1956,2023-09-02 15:00:00,16.0
1957,2023-09-02 18:00:00,13.0
1958,2023-09-02 21:00:00,15.0
1959,2023-09-03 00:00:00,17.0
1960,2023-09-03 03:00:00,14.0
1961,2023-09-03 06:00:00,13.0
1962,2023-09-03 09:00:00,12.0
1963,2023-09-03 12:00:00,11.0
1964,2023-09-03 15:00:00,10.0
1965,2023-09-03 18:00:00,8.0
1966,2023-09-03 21:00:00,9.0
1967,2023-09-04 00:00:00,8.0
1968,2023-09-04 03:00:00,7.0
1969,2023-09-04 06:00:00,7.0
1970,2023-09-04 09:00:00,8.0
1971,2023-09-04 12:00:00,8.0
1972,2023-09-04 15:00:00,9.0
1973,2023-09-04 18:00:00,9.0
1974,2023-09-04 21:00:00,14.0
1975,2023-09-05 00:00:00,11.0
1976,2023-09-05 03:00:00,9.0
1977,2023-09-05 06:00:00,6.0
1978,2023-09-05 09:00:00,7.0
1979,2023-09-05 12:00:00,6.0
1980,2023-09-05 15:00:00,8.0
1981,2023-09-05 18:00:00,11.0
1982,2023-09-05 21:00:00,11.0
1983,2023-09-06 00:00:00,13.0
1984,2023-09-06 03:00:00,14.0
1985,2023-09-06 06:00:00,11.0
1986,2023-09-06 09:00:00,8.0
1987,2023-09-06 12:00:00,7.0
1988,2023-09-06 15:00:00,7.0
1989,2023-09-06 18:00:00,7.0
1990,2023-09-06 21:00:00,10.0
1991,2023-09-07 00:00:00,11.0
1992,2023-09-07 03:00:00,12.0
1993,2023-09-07 06:00:00,13.0
1994,2023-09-07 09:00:00,12.0
1995,2023-09-07 12:00:00,10.0
1996,2023-09-07 15:00:00,8.0
1997,2023-09-07 18:00:00,7.0
1998,2023-09-07 21:00:00,9.0
1999,2023-09-08 00:00:00,6.0
2000,2023-09-08 03:00:00,6.0
2001,2023-09-08 06:00:00,6.0
2002,2023-09-08 09:00:00,6.0
2003,2023-09-08 12:00:00,6.0
2004,2023-09-08 15:00:00,8.0
2005,2023-09-08 18:00:00,11.0
2006,2023-09-08 21:00:00,12.0
2007,2023-09-09 00:00:00,14.0
2008,2023-09-09 03:00:00,15.0
2009,2023-09-09 06:00:00,14.0
2010,2023-09-09 09:00:00,14.0
2011,2023-09-09 12:00:00,17.0
2012,2023-09-09 15:00:00,19.0
2013,2023-09-09 18:00:00,20.0
2014,2023-09-09 21:00:00,18.0
2015,2023-09-10 00:00:00,18.0
2016,2023-09-10 03:00:00,18.0
2017,2023-09-10 06:00:00,18.0
2018,2023-09-10 09:00:00,18.0
2019,2023-09-10 12:00:00,24.0
2020,2023-09-10 15:00:00,30.0
2021,2023-09-10 18:00:00,28.0
2022,2023-09-10 21:00:00,22.0
2023,2023-09-11 00:00:00,21.0
2024,2023-09-11 03:00:00,21.0
2025,2023-09-11 06:00:00,21.0
2026,2023-09-11 09:00:00,23.0
2027,2023-09-11 12:00:00,20.0
2028,2023-09-11 15:00:00,19.0
2029,2023-09-11 18:00:00,18.0
2030,2023-09-11 21:00:00,14.0
2031,2023-09-12 00:00:00,14.0
2032,2023-09-12 03:00:00,13.0
2033,2023-09-12 06:00:00,14.0
2034,2023-09-12 09:00:00,15.0
2035,2023-09-12 12:00:00,17.0
2036,2023-09-12 15:00:00,18.0
2037,2023-09-12 18:00:00,19.0
2038,2023-09-12 21:00:00,18.0
2039,2023-09-13 00:00:00,18.0
2040,2023-09-13 03:00:00,18.0
2041,2023-09-13 06:00:00,18.0
2042,2023-09-13 09:00:00,17.0
2043,2023-09-13 12:00:00,20.0
2044,2023-09-13 15:00:00,13.0
2045,2023-09-13 18:00:00,10.0
2046,2023-09-13 21:00:00,7.0
2047,2023-09-14 00:00:00,3.0
2048,2023-09-14 03:00:00,3.0
2049,2023-09-14 06:00:00,2.0
2050,2023-09-14 09:00:00,3.0
2051,2023-09-14 12:00:00,3.0
2052,2023-09-14 15:00:00,3.0
2053,2023-09-14 18:00:00,4.0
2054,2023-09-14 21:00:00,4.0
2055,2023-09-15 00:00:00,3.0
2056,2023-09-15 03:00:00,4.0
2057,2023-09-15 06:00:00,3.0
2058,2023-09-15 09:00:00,4.0
2059,2023-09-15 12:00:00,4.0
2060,2023-09-15 15:00:00,4.0
2061,2023-09-15 18:00:00,3.0
2062,2023-09-15 21:00:00,5.0
2063,2023-09-16 00:00:00,4.0
2064,2023-09-16 03:00:00,3.0
2065,2023-09-16 06:00:00,2.0
2066,2023-09-16 09:00:00,3.0
2067,2023-09-16 12:00:00,6.0
2068,2023-09-16 15:00:00,8.0
2069,2023-09-16 18:00:00,7.0
2070,2023-09-16 21:00:00,9.0
2071,2023-09-17 00:00:00,5.0
2072,2023-09-17 03:00:00,2.0
2073,2023-09-17 06:00:00,2.0
2074,2023-09-17 09:00:00,4.0
2075,2023-09-17 12:00:00,7.0
2076,2023-09-17 15:00:00,13.0
2077,2023-09-17 18:00:00,17.0
2078,2023-09-17 21:00:00,19.0
2079,2023-09-18 00:00:00,16.0
2080,2023-09-18 03:00:00,14.0
2081,2023-09-18 06:00:00,13.0
2082,2023-09-18 09:00:00,12.0
2083,2023-09-18 12:00:00,11.0
2084,2023-09-18 15:00:00,10.0
2085,2023-09-18 18:00:00,6.0
2086,2023-09-18 21:00:00,8.0
2087,2023-09-19 00:00:00,9.0
2088,2023-09-19 03:00:00,9.0
2089,2023-09-19 06:00:00,9.0
2090,2023-09-19 09:00:00,10.0
2091,2023-09-19 12:00:00,14.0
2092,2023-09-19 15:00:00,26.0
2093,2023-09-19 18:00:00,24.0
2094,2023-09-19 21:00:00,19.0
2095,2023-09-20 00:00:00,18.0
2096,2023-09-20 03:00:00,19.0
2097,2023-09-20 06:00:00,20.0
2098,2023-09-20 09:00:00,21.0
2099,2023-09-20 12:00:00,18.0
2100,2023-09-20 15:00:00,14.0
2101,2023-09-20 18:00:00,9.0
2102,2023-09-20 21:00:00,7.0
2103,2023-09-21 00:00:00,3.0
2104,2023-09-21 03:00:00,2.0
2105,2023-09-21 06:00:00,2.0
2106,2023-09-21 09:00:00,2.0
2107,2023-09-21 12:00:00,3.0
2108,2023-09-21 15:00:00,4.0
2109,2023-09-21 18:00:00,6.0
2110,2023-09-21 21:00:00,7.0
2111,2023-09-22 00:00:00,7.0
2112,2023-09-22 03:00:00,7.0
2113,2023-09-22 06:00:00,7.0
2114,2023-09-22 09:00:00,7.0
2115,2023-09-22 12:00:00,9.0
2116,2023-09-22 15:00:00,11.0
2117,2023-09-22 18:00:00,9.0
2118,2023-09-22 21:00:00,11.0
2119,2023-09-23 00:00:00,13.0
2120,2023-09-23 03:00:00,13.0
2121,2023-09-23 06:00:00,12.0
2122,2023-09-23 09:00:00,10.0
2123,2023-09-23 12:00:00,8.0
2124,2023-09-23 15:00:00,8.0
2125,2023-09-23 18:00:00,8.0
2126,2023-09-23 21:00:00,9.0
2127,2023-09-24 00:00:00,6.0
2128,2023-09-24 03:00:00,6.0
2129,2023-09-24 06:00:00,5.0
2130,2023-09-24 09:00:00,4.0
2131,2023-09-24 12:00:00,4.0
2132,2023-09-24 15:00:00,4.0
2133,2023-09-24 18:00:00,4.0
2134,2023-09-24 21:00:00,5.0
2135,2023-09-25 00:00:00,4.0
2136,2023-09-25 03:00:00,3.0
2137,2023-09-25 06:00:00,2.0
2138,2023-09-25 09:00:00,3.0
2139,2023-09-25 12:00:00,3.0
2140,2023-09-25 15:00:00,4.0
2141,2023-09-25 18:00:00,5.0
2142,2023-09-25 21:00:00,7.0
2143,2023-09-26 00:00:00,6.0
2144,2023-09-26 03:00:00,4.0
2145,2023-09-26 06:00:00,2.0
2146,2023-09-26 09:00:00,2.0
2147,2023-09-26 12:00:00,3.0
2148,2023-09-26 15:00:00,3.0
2149,2023-09-26 18:00:00,2.0
2150,2023-09-26 21:00:00,3.0
2151,2023-09-27 00:00:00,2.0
2152,2023-09-27 03:00:00,2.0
2153,2023-09-27 06:00:00,2.0
2154,2023-09-27 09:00:00,2.0
2155,2023-09-27 12:00:00,2.0
2156,2023-09-27 15:00:00,4.0
2157,2023-09-27 18:00:00,5.0
2158,2023-09-27 21:00:00,9.0
2159,2023-09-28 00:00:00,13.0
2160,2023-09-28 03:00:00,14.0
2161,2023-09-28 06:00:00,15.0
2162,2023-09-28 09:00:00,23.0
2163,2023-09-28 12:00:00,25.0
2164,2023-09-28 15:00:00,32.0
2165,2023-09-28 18:00:00,38.0
2166,2023-09-28 21:00:00,50.0
2167,2023-09-29 00:00:00,51.0
2168,2023-09-29 03:00:00,38.0
2169,2023-09-29 06:00:00,24.0
2170,2023-09-29 09:00:00,21.0
2171,2023-09-29 12:00:00,19.0
2172,2023-09-29 15:00:00,13.0
2173,2023-09-29 18:00:00,10.0
2174,2023-09-29 21:00:00,9.0
2175,2023-09-30 00:00:00,10.0
2176,2023-09-30 03:00:00,11.0
2177,2023-09-30 06:00:00,11.0
2178,2023-09-30 09:00:00,10.0
2179,2023-09-30 12:00:00,7.0
2180,2023-09-30 15:00:00,8.0
2181,2023-09-30 18:00:00,12.0
2182,2023-09-30 21:00:00,20.0
2183,2023-10-01 00:00:00,18.0
2184,2023-10-01 03:00:00,11.0
2185,2023-10-01 06:00:00,10.0
2186,2023-10-01 09:00:00,10.0
2187,2023-10-01 12:00:00,9.0
2188,2023-10-01 15:00:00,6.0
2189,2023-10-01 18:00:00,7.0
2190,2023-10-01 21:00:00,8.0
2191,2023-10-02 00:00:00,6.0
2192,2023-10-02 03:00:00,7.0
2193,2023-10-02 06:00:00,7.0
2194,2023-10-02 09:00:00,8.0
2195,2023-10-02 12:00:00,8.0
2196,2023-10-02 15:00:00,7.0
2197,2023-10-02 18:00:00,7.0
2198,2023-10-02 21:00:00,11.0
2199,2023-10-03 00:00:00,13.0
2200,2023-10-03 03:00:00,13.0
2201,2023-10-03 06:00:00,11.0
2202,2023-10-03 09:00:00,9.0
2203,2023-10-03 12:00:00,9.0
2204,2023-10-03 15:00:00,8.0
2205,2023-10-03 18:00:00,9.0
2206,2023-10-03 21:00:00,12.0
2207,2023-10-04 00:00:00,13.0
2208,2023-10-04 03:00:00,12.0
2209,2023-10-04 06:00:00,11.0
2210,2023-10-04 09:00:00,11.0
2211,2023-10-04 12:00:00,13.0
2212,2023-10-04 15:00:00,16.0
2213,2023-10-04 18:00:00,12.0
2214,2023-10-04 21:00:00,13.0
2215,2023-10-05 00:00:00,11.0
2216,2023-10-05 03:00:00,6.0
2217,2023-10-05 06:00:00,5.0
2218,2023-10-05 09:00:00,6.0
2219,2023-10-05 12:00:00,7.0
2220,2023-10-05 15:00:00,6.0
2221,2023-10-05 18:00:00,7.0
2222,2023-10-05 21:00:00,7.0
2223,2023-10-06 00:00:00,6.0
2224,2023-10-06 03:00:00,7.0
2225,2023-10-06 06:00:00,6.0
2226,2023-10-06 09:00:00,7.0
2227,2023-10-06 12:00:00,8.0
2228,2023-10-06 15:00:00,8.0
2229,2023-10-06 18:00:00,9.0
2230,2023-10-06 21:00:00,14.0
2231,2023-10-07 00:00:00,16.0
2232,2023-10-07 03:00:00,14.0
2233,2023-10-07 06:00:00,12.0
2234,2023-10-07 09:00:00,11.0
2235,2023-10-07 12:00:00,9.0
2236,2023-10-07 15:00:00,7.0
2237,2023-10-07 18:00:00,7.0
2238,2023-10-07 21:00:00,12.0
2239,2023-10-08 00:00:00,19.0
2240,2023-10-08 03:00:00,8.0
2241,2023-10-08 06:00:00,6.0
2242,2023-10-08 09:00:00,5.0
2243,2023-10-08 12:00:00,5.0
2244,2023-10-08 15:00:00,5.0
2245,2023-10-08 18:00:00,4.0
2246,2023-10-08 21:00:00,6.0
2247,2023-10-09 00:00:00,5.0
2248,2023-10-09 03:00:00,4.0
2249,2023-10-09 06:00:00,3.0
2250,2023-10-09 09:00:00,4.0
2251,2023-10-09 12:00:00,4.0
2252,2023-10-09 15:00:00,5.0
2253,2023-10-09 18:00:00,8.0
2254,2023-10-09 21:00:00,11.0
2255,2023-10-10 00:00:00,6.0
2256,2023-10-10 03:00:00,5.0
2257,2023-10-10 06:00:00,6.0
2258,2023-10-10 09:00:00,10.0
2259,2023-10-10 12:00:00,17.0
2260,2023-10-10 15:00:00,11.0
2261,2023-10-10 18:00:00,9.0
2262,2023-10-10 21:00:00,14.0
2263,2023-10-11 00:00:00,14.0
2264,2023-10-11 03:00:00,12.0
2265,2023-10-11 06:00:00,12.0
2266,2023-10-11 09:00:00,12.0
2267,2023-10-11 12:00:00,12.0
2268,2023-10-11 15:00:00,10.0
2269,2023-10-11 18:00:00,13.0
2270,2023-10-11 21:00:00,18.0
2271,2023-10-12 00:00:00,19.0
2272,2023-10-12 03:00:00,18.0
2273,2023-10-12 06:00:00,16.0
2274,2023-10-12 09:00:00,15.0
2275,2023-10-12 12:00:00,15.0
2276,2023-10-12 15:00:00,14.0
2277,2023-10-12 18:00:00,15.0
2278,2023-10-12 21:00:00,19.0
2279,2023-10-13 00:00:00,18.0
2280,2023-10-13 03:00:00,19.0
2281,2023-10-13 06:00:00,18.0
2282,2023-10-13 09:00:00,18.0
2283,2023-10-13 12:00:00,18.0
2284,2023-10-13 15:00:00,20.0
2285,2023-10-13 18:00:00,25.0
2286,2023-10-13 21:00:00,27.0
2287,2023-10-14 00:00:00,24.0
2288,2023-10-14 03:00:00,22.0
2289,2023-10-14 06:00:00,22.0
2290,2023-10-14 09:00:00,24.0
2291,2023-10-14 12:00:00,22.0
2292,2023-10-14 15:00:00,15.0
2293,2023-10-14 18:00:00,14.0
2294,2023-10-14 21:00:00,17.0
2295,2023-10-15 00:00:00,17.0
2296,2023-10-15 03:00:00,16.0
2297,2023-10-15 06:00:00,14.0
2298,2023-10-15 09:00:00,16.0
2299,2023-10-15 12:00:00,16.0
2300,2023-10-15 15:00:00,16.0
2301,2023-10-15 18:00:00,18.0
2302,2023-10-15 21:00:00,18.0
2303,2023-10-16 00:00:00,16.0
2304,2023-10-16 03:00:00,20.0
2305,2023-10-16 06:00:00,20.0
2306,2023-10-16 09:00:00,20.0
2307,2023-10-16 12:00:00,18.0
2308,2023-10-16 15:00:00,16.0
2309,2023-10-16 18:00:00,21.0
2310,2023-10-16 21:00:00,18.0
2311,2023-10-17 00:00:00,13.0
2312,2023-10-17 03:00:00,12.0
2313,2023-10-17 06:00:00,11.0
2314,2023-10-17 09:00:00,12.0
2315,2023-10-17 12:00:00,14.0
2316,2023-10-17 15:00:00,12.0
2317,2023-10-17 18:00:00,15.0
2318,2023-10-17 21:00:00,17.0
2319,2023-10-18 00:00:00,17.0
2320,2023-10-18 03:00:00,16.0
2321,2023-10-18 06:00:00,15.0
2322,2023-10-18 09:00:00,16.0
2323,2023-10-18 12:00:00,20.0
2324,2023-10-18 15:00:00,21.0
2325,2023-10-18 18:00:00,18.0
2326,2023-10-18 21:00:00,13.0
2327,2023-10-19 00:00:00,14.0
2328,2023-10-19 03:00:00,15.0
2329,2023-10-19 06:00:00,13.0
2330,2023-10-19 09:00:00,15.0
2331,2023-10-19 12:00:00,15.0
2332,2023-10-19 15:00:00,20.0
2333,2023-10-19 18:00:00,23.0
2334,2023-10-19 21:00:00,26.0
2335,2023-10-20 00:00:00,18.0
2336,2023-10-20 03:00:00,10.0
2337,2023-10-20 06:00:00,9.0
2338,2023-10-20 09:00:00,9.0
2339,2023-10-20 12:00:00,5.0
2340,2023-10-20 15:00:00,5.0
2341,2023-10-20 18:00:00,4.0
2342,2023-10-20 21:00:00,5.0
2343,2023-10-21 00:00:00,6.0
2344,2023-10-21 03:00:00,6.0
2345,2023-10-21 06:00:00,6.0
2346,2023-10-21 09:00:00,7.0
2347,2023-10-21 12:00:00,6.0
2348,2023-10-21 15:00:00,6.0
2349,2023-10-21 18:00:00,5.0
2350,2023-10-21 21:00:00,7.0
2351,2023-10-22 00:00:00,9.0
2352,2023-10-22 03:00:00,10.0
2353,2023-10-22 06:00:00,10.0
2354,2023-10-22 09:00:00,10.0
2355,2023-10-22 12:00:00,10.0
2356,2023-10-22 15:00:00,10.0
2357,2023-10-22 18:00:00,9.0
2358,2023-10-22 21:00:00,11.0
2359,2023-10-23 00:00:00,12.0
2360,2023-10-23 03:00:00,13.0
2361,2023-10-23 06:00:00,13.0
2362,2023-10-23 09:00:00,15.0
2363,2023-10-23 12:00:00,18.0
2364,2023-10-23 15:00:00,16.0
2365,2023-10-23 18:00:00,14.0
2366,2023-10-23 21:00:00,18.0
2367,2023-10-24 00:00:00,21.0
2368,2023-10-24 03:00:00,21.0
2369,2023-10-24 06:00:00,21.0
2370,2023-10-24 09:00:00,23.0
2371,2023-10-24 12:00:00,24.0
2372,2023-10-24 15:00:00,19.0
2373,2023-10-24 18:00:00,16.0
2374,2023-10-24 21:00:00,20.0
2375,2023-10-25 00:00:00,21.0
2376,2023-10-25 03:00:00,22.0
2377,2023-10-25 06:00:00,21.0
2378,2023-10-25 09:00:00,22.0
2379,2023-10-25 12:00:00,23.0
2380,2023-10-25 15:00:00,20.0
2381,2023-10-25 18:00:00,26.0
2382,2023-10-25 21:00:00,24.0
2383,2023-10-26 00:00:00,27.0
2384,2023-10-26 03:00:00,30.0
2385,2023-10-26 06:00:00,31.0
2386,2023-10-26 09:00:00,37.0
2387,2023-10-26 12:00:00,38.0
2388,2023-10-26 15:00:00,38.0
2389,2023-10-26 18:00:00,33.0
2390,2023-10-26 21:00:00,37.0
2391,2023-10-27 00:00:00,22.0
2392,2023-10-27 03:00:00,22.0
2393,2023-10-27 06:00:00,23.0
2394,2023-10-27 09:00:00,23.0
2395,2023-10-27 12:00:00,16.0
2396,2023-10-27 15:00:00,6.0
2397,2023-10-27 18:00:00,7.0
2398,2023-10-27 21:00:00,13.0
2399,2023-10-28 00:00:00,16.0
2400,2023-10-28 03:00:00,17.0
2401,2023-10-28 06:00:00,16.0
2402,2023-10-28 09:00:00,17.0
2403,2023-10-28 12:00:00,20.0
2404,2023-10-28 15:00:00,20.0
2405,2023-10-28 18:00:00,17.0
2406,2023-10-28 21:00:00,22.0
2407,2023-10-29 00:00:00,25.0
2408,2023-10-29 03:00:00,22.0
2409,2023-10-29 06:00:00,18.0
2410,2023-10-29 09:00:00,16.0
2411,2023-10-29 12:00:00,14.0
2412,2023-10-29 15:00:00,13.0
2413,2023-10-29 18:00:00,14.0
2414,2023-10-29 21:00:00,20.0
2415,2023-10-30 00:00:00,23.0
2416,2023-10-30 03:00:00,22.0
2417,2023-10-30 06:00:00,20.0
2418,2023-10-30 09:00:00,20.0
2419,2023-10-30 12:00:00,24.0
2420,2023-10-30 15:00:00,30.0
2421,2023-10-30 18:00:00,34.0
2422,2023-10-30 21:00:00,27.0
2423,2023-10-31 00:00:00,28.0
2424,2023-10-31 03:00:00,29.0
2425,2023-10-31 06:00:00,30.0
2426,2023-10-31 09:00:00,34.0
2427,2023-10-31 12:00:00,29.0
2428,2023-10-31 15:00:00,32.0
2429,2023-10-31 18:00:00,33.0
2430,2023-10-31 21:00:00,29.0
2431,2023-11-01 00:00:00,24.0
2432,2023-11-01 03:00:00,22.0
2433,2023-11-01 06:00:00,19.0
2434,2023-11-01 09:00:00,19.0
2435,2023-11-01 12:00:00,22.0
2436,2023-11-01 15:00:00,25.0
2437,2023-11-01 18:00:00,28.0
2438,2023-11-01 21:00:00,29.0
2439,2023-11-02 00:00:00,28.0
2440,2023-11-02 03:00:00,29.0
2441,2023-11-02 06:00:00,25.0
2442,2023-11-02 09:00:00,22.0
2443,2023-11-02 12:00:00,19.0
2444,2023-11-02 15:00:00,18.0
2445,2023-11-02 18:00:00,12.0
2446,2023-11-02 21:00:00,11.0
2447,2023-11-03 00:00:00,10.0
2448,2023-11-03 03:00:00,9.0
2449,2023-11-03 06:00:00,7.0
2450,2023-11-03 09:00:00,8.0
2451,2023-11-03 12:00:00,12.0
2452,2023-11-03 15:00:00,19.0
2453,2023-11-03 18:00:00,20.0
2454,2023-11-03 21:00:00,23.0
2455,2023-11-04 00:00:00,25.0
2456,2023-11-04 03:00:00,26.0
2457,2023-11-04 06:00:00,25.0
2458,2023-11-04 09:00:00,23.0
2459,2023-11-04 12:00:00,21.0
2460,2023-11-04 15:00:00,17.0
2461,2023-11-04 18:00:00,16.0
2462,2023-11-04 21:00:00,10.0
2463,2023-11-05 00:00:00,6.0
2464,2023-11-05 03:00:00,5.0
2465,2023-11-05 06:00:00,3.0
2466,2023-11-05 09:00:00,4.0
2467,2023-11-05 12:00:00,5.0
2468,2023-11-05 15:00:00,6.0
2469,2023-11-05 18:00:00,9.0
2470,2023-11-05 21:00:00,24.0
2471,2023-11-06 00:00:00,19.0
2472,2023-11-06 03:00:00,12.0
2473,2023-11-06 06:00:00,3.0
2474,2023-11-06 09:00:00,7.0
2475,2023-11-06 12:00:00,8.0
2476,2023-11-06 15:00:00,6.0
2477,2023-11-06 18:00:00,9.0
2478,2023-11-06 21:00:00,10.0
2479,2023-11-07 00:00:00,5.0
2480,2023-11-07 03:00:00,7.0
2481,2023-11-07 06:00:00,6.0
2482,2023-11-07 09:00:00,6.0
2483,2023-11-07 12:00:00,7.0
2484,2023-11-07 15:00:00,8.0
2485,2023-11-07 18:00:00,8.0
2486,2023-11-07 21:00:00,9.0
2487,2023-11-08 00:00:00,10.0
2488,2023-11-08 03:00:00,9.0
2489,2023-11-08 06:00:00,9.0
2490,2023-11-08 09:00:00,10.0
2491,2023-11-08 12:00:00,11.0
2492,2023-11-08 15:00:00,10.0
2493,2023-11-08 18:00:00,10.0
2494,2023-11-08 21:00:00,19.0
2495,2023-11-09 00:00:00,20.0
2496,2023-11-09 03:00:00,16.0
2497,2023-11-09 06:00:00,15.0
2498,2023-11-09 09:00:00,17.0
2499,2023-11-09 12:00:00,18.0
2500,2023-11-09 15:00:00,17.0
2501,2023-11-09 18:00:00,14.0
2502,2023-11-09 21:00:00,16.0
2503,2023-11-10 00:00:00,22.0
2504,2023-11-10 03:00:00,16.0
2505,2023-11-10 06:00:00,11.0
2506,2023-11-10 09:00:00,10.0
2507,2023-11-10 12:00:00,9.0
2508,2023-11-10 15:00:00,7.0
2509,2023-11-10 18:00:00,6.0
2510,2023-11-10 21:00:00,7.0
2511,2023-11-11 00:00:00,8.0
2512,2023-11-11 03:00:00,9.0
2513,2023-11-11 06:00:00,10.0
2514,2023-11-11 09:00:00,10.0
2515,2023-11-11 12:00:00,12.0
2516,2023-11-11 15:00:00,11.0
2517,2023-11-11 18:00:00,10.0
2518,2023-11-11 21:00:00,11.0
2519,2023-11-12 00:00:00,10.0
2520,2023-11-12 03:00:00,10.0
2521,2023-11-12 06:00:00,8.0
2522,2023-11-12 09:00:00,11.0
2523,2023-11-12 12:00:00,12.0
2524,2023-11-12 15:00:00,11.0
2525,2023-11-12 18:00:00,12.0
2526,2023-11-12 21:00:00,11.0
2527,2023-11-13 00:00:00,12.0
2528,2023-11-13 03:00:00,14.0
2529,2023-11-13 06:00:00,14.0
2530,2023-11-13 09:00:00,16.0
2531,2023-11-13 12:00:00,13.0
2532,2023-11-13 15:00:00,10.0
2533,2023-11-13 18:00:00,11.0
2534,2023-11-13 21:00:00,13.0
2535,2023-11-14 00:00:00,14.0
2536,2023-11-14 03:00:00,12.0
2537,2023-11-14 06:00:00,12.0
2538,2023-11-14 09:00:00,14.0
2539,2023-11-14 12:00:00,18.0
2540,2023-11-14 15:00:00,16.0
2541,2023-11-14 18:00:00,16.0
2542,2023-11-14 21:00:00,18.0
2543,2023-11-15 00:00:00,19.0
2544,2023-11-15 03:00:00,19.0
2545,2023-11-15 06:00:00,19.0
2546,2023-11-15 09:00:00,21.0
2547,2023-11-15 12:00:00,29.0
2548,2023-11-15 15:00:00,34.0
2549,2023-11-15 18:00:00,35.0
2550,2023-11-15 21:00:00,38.0
2551,2023-11-16 00:00:00,39.0
2552,2023-11-16 03:00:00,39.0
2553,2023-11-16 06:00:00,37.0
2554,2023-11-16 09:00:00,41.0
2555,2023-11-16 12:00:00,44.0
2556,2023-11-16 15:00:00,40.0
2557,2023-11-16 18:00:00,21.0
2558,2023-11-16 21:00:00,25.0
2559,2023-11-17 00:00:00,26.0
2560,2023-11-17 03:00:00,19.0
2561,2023-11-17 06:00:00,10.0
2562,2023-11-17 09:00:00,9.0
2563,2023-11-17 12:00:00,8.0
2564,2023-11-17 15:00:00,8.0
2565,2023-11-17 18:00:00,7.0
2566,2023-11-17 21:00:00,7.0
2567,2023-11-18 00:00:00,6.0
2568,2023-11-18 03:00:00,7.0
2569,2023-11-18 06:00:00,7.0
2570,2023-11-18 09:00:00,8.0
2571,2023-11-18 12:00:00,13.0
2572,2023-11-18 15:00:00,18.0
2573,2023-11-18 18:00:00,19.0
2574,2023-11-18 21:00:00,17.0
2575,2023-11-19 00:00:00,19.0
2576,2023-11-19 03:00:00,19.0
2577,2023-11-19 06:00:00,19.0
2578,2023-11-19 09:00:00,18.0
2579,2023-11-19 12:00:00,19.0
2580,2023-11-19 15:00:00,24.0
2581,2023-11-19 18:00:00,39.0
2582,2023-11-19 21:00:00,34.0
2583,2023-11-20 00:00:00,19.0
2584,2023-11-20 03:00:00,18.0
2585,2023-11-20 06:00:00,18.0
2586,2023-11-20 09:00:00,19.0
2587,2023-11-20 12:00:00,20.0
2588,2023-11-20 15:00:00,16.0
2589,2023-11-20 18:00:00,14.0
2590,2023-11-20 21:00:00,18.0
2591,2023-11-21 00:00:00,20.0
2592,2023-11-21 03:00:00,19.0
2593,2023-11-21 06:00:00,17.0
2594,2023-11-21 09:00:00,19.0
2595,2023-11-21 12:00:00,25.0
2596,2023-11-21 15:00:00,25.0
2597,2023-11-21 18:00:00,23.0
2598,2023-11-21 21:00:00,22.0
2599,2023-11-22 00:00:00,28.0
2600,2023-11-22 03:00:00,26.0
2601,2023-11-22 06:00:00,24.0
2602,2023-11-22 09:00:00,26.0
2603,2023-11-22 12:00:00,35.0
2604,2023-11-22 15:00:00,33.0
2605,2023-11-22 18:00:00,24.0
2606,2023-11-22 21:00:00,28.0
2607,2023-11-23 00:00:00,24.0
2608,2023-11-23 03:00:00,21.0
2609,2023-11-23 06:00:00,30.0
2610,2023-11-23 09:00:00,78.0
2611,2023-11-23 12:00:00,98.0
2612,2023-11-23 15:00:00,78.0
2613,2023-11-23 18:00:00,47.0
2614,2023-11-23 21:00:00,18.0
2615,2023-11-24 00:00:00,14.0
2616,2023-11-24 03:00:00,11.0
2617,2023-11-24 06:00:00,8.0
2618,2023-11-24 09:00:00,6.0
2619,2023-11-24 12:00:00,7.0
2620,2023-11-24 15:00:00,10.0
2621,2023-11-24 18:00:00,8.0
2622,2023-11-24 21:00:00,6.0
2623,2023-11-25 00:00:00,5.0
2624,2023-11-25 03:00:00,6.0
2625,2023-11-25 06:00:00,7.0
2626,2023-11-25 09:00:00,9.0
2627,2023-11-25 12:00:00,10.0
2628,2023-11-25 15:00:00,9.0
2629,2023-11-25 18:00:00,9.0
2630,2023-11-25 21:00:00,11.0
2631,2023-11-26 00:00:00,12.0
2632,2023-11-26 03:00:00,12.0
2633,2023-11-26 06:00:00,11.0
2634,2023-11-26 09:00:00,12.0
2635,2023-11-26 12:00:00,14.0
2636,2023-11-26 15:00:00,15.0
2637,2023-11-26 18:00:00,17.0
2638,2023-11-26 21:00:00,21.0
2639,2023-11-27 00:00:00,22.0
2640,2023-11-27 03:00:00,22.0
2641,2023-11-27 06:00:00,18.0
2642,2023-11-27 09:00:00,16.0
2643,2023-11-27 12:00:00,13.0
2644,2023-11-27 15:00:00,16.0
2645,2023-11-27 18:00:00,30.0
2646,2023-11-27 21:00:00,47.0
2647,2023-11-28 00:00:00,36.0
2648,2023-11-28 03:00:00,34.0
2649,2023-11-28 06:00:00,30.0
2650,2023-11-28 09:00:00,26.0
2651,2023-11-28 12:00:00,15.0
2652,2023-11-28 15:00:00,11.0
2653,2023-11-28 18:00:00,10.0
2654,2023-11-28 21:00:00,10.0
2655,2023-11-29 00:00:00,7.0
2656,2023-11-29 03:00:00,5.0
2657,2023-11-29 06:00:00,4.0
2658,2023-11-29 09:00:00,5.0
2659,2023-11-29 12:00:00,9.0
2660,2023-11-29 15:00:00,13.0
2661,2023-11-29 18:00:00,15.0
2662,2023-11-29 21:00:00,14.0
2663,2023-11-30 00:00:00,8.0
2664,2023-11-30 03:00:00,7.0
2665,2023-11-30 06:00:00,6.0
2666,2023-11-30 09:00:00,6.0
2667,2023-11-30 12:00:00,7.0
2668,2023-11-30 15:00:00,8.0
2669,2023-11-30 18:00:00,9.0
2670,2023-11-30 21:00:00,9.0
2671,2023-12-01 00:00:00,8.0
2672,2023-12-01 03:00:00,8.0
2673,2023-12-01 06:00:00,9.0
2674,2023-12-01 09:00:00,11.0
2675,2023-12-01 12:00:00,11.0
2676,2023-12-01 15:00:00,11.0
2677,2023-12-01 18:00:00,10.0
2678,2023-12-01 21:00:00,12.0
2679,2023-12-02 00:00:00,14.0
2680,2023-12-02 03:00:00,15.0
2681,2023-12-02 06:00:00,15.0
2682,2023-12-02 09:00:00,18.0
2683,2023-12-02 12:00:00,23.0
2684,2023-12-02 15:00:00,23.0
2685,2023-12-02 18:00:00,11.0
2686,2023-12-02 21:00:00,21.0
2687,2023-12-03 00:00:00,29.0
2688,2023-12-03 03:00:00,18.0
2689,2023-12-03 06:00:00,22.0
2690,2023-12-03 09:00:00,25.0
2691,2023-12-03 12:00:00,26.0
2692,2023-12-03 15:00:00,24.0
2693,2023-12-03 18:00:00,21.0
2694,2023-12-03 21:00:00,23.0
2695,2023-12-04 00:00:00,25.0
2696,2023-12-04 03:00:00,25.0
2697,2023-12-04 06:00:00,25.0
2698,2023-12-04 09:00:00,27.0
2699,2023-12-04 12:00:00,34.0
2700,2023-12-04 15:00:00,27.0
2701,2023-12-04 18:00:00,19.0
2702,2023-12-04 21:00:00,23.0
2703,2023-12-05 00:00:00,25.0
2704,2023-12-05 03:00:00,25.0
2705,2023-12-05 06:00:00,24.0
2706,2023-12-05 09:00:00,24.0
2707,2023-12-05 12:00:00,25.0
2708,2023-12-05 15:00:00,24.0
2709,2023-12-05 18:00:00,25.0
2710,2023-12-05 21:00:00,35.0
2711,2023-12-06 00:00:00,37.0
2712,2023-12-06 03:00:00,34.0
2713,2023-12-06 06:00:00,33.0
2714,2023-12-06 09:00:00,37.0
2715,2023-12-06 12:00:00,44.0
2716,2023-12-06 15:00:00,50.0
2717,2023-12-06 18:00:00,52.0
2718,2023-12-06 21:00:00,72.0
2719,2023-12-07 00:00:00,49.0
2720,2023-12-07 03:00:00,13.0
2721,2023-12-07 06:00:00,12.0
2722,2023-12-07 09:00:00,11.0
2723,2023-12-07 12:00:00,12.0
2724,2023-12-07 15:00:00,22.0
2725,2023-12-07 18:00:00,21.0
2726,2023-12-07 21:00:00,21.0
2727,2023-12-08 00:00:00,21.0
2728,2023-12-08 03:00:00,20.0
2729,2023-12-08 06:00:00,19.0
2730,2023-12-08 09:00:00,21.0
2731,2023-12-08 12:00:00,23.0
2732,2023-12-08 15:00:00,25.0
2733,2023-12-08 18:00:00,25.0
2734,2023-12-08 21:00:00,26.0
2735,2023-12-09 00:00:00,23.0
2736,2023-12-09 03:00:00,21.0
2737,2023-12-09 06:00:00,21.0
2738,2023-12-09 09:00:00,24.0
2739,2023-12-09 12:00:00,29.0
2740,2023-12-09 15:00:00,36.0
2741,2023-12-09 18:00:00,35.0
2742,2023-12-09 21:00:00,44.0
2743,2023-12-10 00:00:00,47.0
2744,2023-12-10 03:00:00,46.0
2745,2023-12-10 06:00:00,41.0
2746,2023-12-10 09:00:00,33.0
2747,2023-12-10 12:00:00,31.0
2748,2023-12-10 15:00:00,33.0
2749,2023-12-10 18:00:00,34.0
2750,2023-12-10 21:00:00,34.0
2751,2023-12-11 00:00:00,19.0
2752,2023-12-11 03:00:00,6.0
2753,2023-12-11 06:00:00,2.0
2754,2023-12-11 09:00:00,2.0
2755,2023-12-11 12:00:00,2.0
2756,2023-12-11 15:00:00,2.0
2757,2023-12-11 18:00:00,2.0
2758,2023-12-11 21:00:00,2.0
2759,2023-12-12 00:00:00,2.0
2760,2023-12-12 03:00:00,2.0
2761,2023-12-12 06:00:00,2.0
2762,2023-12-12 09:00:00,2.0
2763,2023-12-12 12:00:00,3.0
2764,2023-12-12 15:00:00,3.0
2765,2023-12-12 18:00:00,3.0
2766,2023-12-12 21:00:00,6.0
2767,2023-12-13 00:00:00,6.0
2768,2023-12-13 03:00:00,6.0
2769,2023-12-13 06:00:00,5.0
2770,2023-12-13 09:00:00,6.0
2771,2023-12-13 12:00:00,7.0
2772,2023-12-13 15:00:00,7.0
2773,2023-12-13 18:00:00,7.0
2774,2023-12-13 21:00:00,8.0
2775,2023-12-14 00:00:00,7.0
2776,2023-12-14 03:00:00,6.0
2777,2023-12-14 06:00:00,6.0
2778,2023-12-14 09:00:00,7.0
2779,2023-12-14 12:00:00,8.0
2780,2023-12-14 15:00:00,6.0
2781,2023-12-14 18:00:00,2.0
2782,2023-12-14 21:00:00,3.0
2783,2023-12-15 00:00:00,2.0
2784,2023-12-15 03:00:00,2.0
2785,2023-12-15 06:00:00,2.0
2786,2023-12-15 09:00:00,2.0
2787,2023-12-15 12:00:00,2.0
2788,2023-12-15 15:00:00,3.0
2789,2023-12-15 18:00:00,3.0
2790,2023-12-15 21:00:00,5.0
2791,2023-12-16 00:00:00,5.0
2792,2023-12-16 03:00:00,9.0
2793,2023-12-16 06:00:00,17.0
2794,2023-12-16 09:00:00,14.0
2795,2023-12-16 12:00:00,9.0
2796,2023-12-16 15:00:00,6.0
2797,2023-12-16 18:00:00,4.0
2798,2023-12-16 21:00:00,6.0
2799,2023-12-17 00:00:00,9.0
2800,2023-12-17 03:00:00,10.0
2801,2023-12-17 06:00:00,9.0
2802,2023-12-17 09:00:00,7.0
2803,2023-12-17 12:00:00,8.0
2804,2023-12-17 15:00:00,7.0
2805,2023-12-17 18:00:00,6.0
2806,2023-12-17 21:00:00,4.0
2807,2023-12-18 00:00:00,5.0
2808,2023-12-18 03:00:00,6.0
2809,2023-12-18 06:00:00,6.0
2810,2023-12-18 09:00:00,6.0
2811,2023-12-18 12:00:00,9.0
2812,2023-12-18 15:00:00,11.0
2813,2023-12-18 18:00:00,8.0
2814,2023-12-18 21:00:00,7.0
2815,2023-12-19 00:00:00,6.0
2816,2023-12-19 03:00:00,8.0
2817,2023-12-19 06:00:00,10.0
2818,2023-12-19 09:00:00,11.0
2819,2023-12-19 12:00:00,13.0
2820,2023-12-19 15:00:00,20.0
2821,2023-12-19 18:00:00,21.0
2822,2023-12-19 21:00:00,21.0
2823,2023-12-20 00:00:00,22.0
2824,2023-12-20 03:00:00,24.0
2825,2023-12-20 06:00:00,29.0
2826,2023-12-20 09:00:00,38.0
2827,2023-12-20 12:00:00,40.0
2828,2023-12-20 15:00:00,35.0
2829,2023-12-20 18:00:00,25.0
2830,2023-12-20 21:00:00,13.0
2831,2023-12-21 00:00:00,9.0
2832,2023-12-21 03:00:00,9.0
2833,2023-12-21 06:00:00,9.0
2834,2023-12-21 09:00:00,10.0
2835,2023-12-21 12:00:00,13.0
2836,2023-12-21 15:00:00,17.0
2837,2023-12-21 18:00:00,16.0
2838,2023-12-21 21:00:00,15.0
2839,2023-12-22 00:00:00,11.0
2840,2023-12-22 03:00:00,9.0
2841,2023-12-22 06:00:00,6.0
2842,2023-12-22 09:00:00,7.0
2843,2023-12-22 12:00:00,9.0
2844,2023-12-22 15:00:00,13.0
2845,2023-12-22 18:00:00,13.0
2846,2023-12-22 21:00:00,15.0
2847,2023-12-23 00:00:00,14.0
2848,2023-12-23 03:00:00,14.0
2849,2023-12-23 06:00:00,15.0
2850,2023-12-23 09:00:00,19.0
2851,2023-12-23 12:00:00,20.0
2852,2023-12-23 15:00:00,20.0
2853,2023-12-23 18:00:00,19.0
2854,2023-12-23 21:00:00,21.0
2855,2023-12-24 00:00:00,22.0
2856,2023-12-24 03:00:00,22.0
2857,2023-12-24 06:00:00,23.0
2858,2023-12-24 09:00:00,28.0
2859,2023-12-24 12:00:00,30.0
2860,2023-12-24 15:00:00,28.0
2861,2023-12-24 18:00:00,25.0
2862,2023-12-24 21:00:00,33.0
2863,2023-12-25 00:00:00,35.0
2864,2023-12-25 03:00:00,37.0
2865,2023-12-25 06:00:00,40.0
2866,2023-12-25 09:00:00,42.0
2867,2023-12-25 12:00:00,45.0
2868,2023-12-25 15:00:00,30.0
2869,2023-12-25 18:00:00,23.0
2870,2023-12-25 21:00:00,28.0
2871,2023-12-26 00:00:00,32.0
2872,2023-12-26 03:00:00,33.0
2873,2023-12-26 06:00:00,32.0
2874,2023-12-26 09:00:00,35.0
2875,2023-12-26 12:00:00,41.0
2876,2023-12-26 15:00:00,27.0
2877,2023-12-26 18:00:00,30.0
2878,2023-12-26 21:00:00,41.0
2879,2023-12-27 00:00:00,42.0
2880,2023-12-27 03:00:00,44.0
2881,2023-12-27 06:00:00,44.0
2882,2023-12-27 09:00:00,49.0
2883,2023-12-27 12:00:00,59.0
2884,2023-12-27 15:00:00,63.0
2885,2023-12-27 18:00:00,62.0
2886,2023-12-27 21:00:00,68.0
2887,2023-12-28 00:00:00,66.0
2888,2023-12-28 03:00:00,64.0
2889,2023-12-28 06:00:00,62.0
2890,2023-12-28 09:00:00,62.0
2891,2023-12-28 12:00:00,46.0
2892,2023-12-28 15:00:00,24.0
2893,2023-12-28 18:00:00,19.0
2894,2023-12-28 21:00:00,22.0
2895,2023-12-29 00:00:00,25.0
2896,2023-12-29 03:00:00,26.0
2897,2023-12-29 06:00:00,27.0
2898,2023-12-29 09:00:00,30.0
2899,2023-12-29 12:00:00,36.0
2900,2023-12-29 15:00:00,35.0
2901,2023-12-29 18:00:00,41.0
2902,2023-12-29 21:00:00,36.0
2903,2023-12-30 00:00:00,30.0
2904,2023-12-30 03:00:00,30.0
2905,2023-12-30 06:00:00,31.0
2906,2023-12-30 09:00:00,33.0
2907,2023-12-30 12:00:00,36.0
2908,2023-12-30 15:00:00,34.0
2909,2023-12-30 18:00:00,28.0
2910,2023-12-30 21:00:00,30.0
2911,2023-12-31 00:00:00,30.0
2912,2023-12-31 03:00:00,29.0
2913,2023-12-31 06:00:00,25.0
2914,2023-12-31 09:00:00,15.0
2915,2023-12-31 12:00:00,5.0
2916,2023-12-31 15:00:00,10.0
2917,2023-12-31 18:00:00,13.0
2918,2023-12-31 21:00:00,22.0
