,air_conditioners_1,air_conditioners_2,alternating_current_motors,aluminum_alloy,aluminum_oxide,aluminum_products,beer,bullet_trains,cars,caustic_soda,cement,cement_equipment,chemical_fertilizers_manufactured,chemical_fiber,chemical_medicine,chemical_pesticides,cloth,cold_rolled_steel_plate,color_television_sets,copper_products,corrugated_steel_bar,crude_iron_ore,crude_steel,electrical_instrument,electrolyzed_aluminum,electronic_computers,elevators_escalators_and_lifts,engines,equipment_for_feed_production,equipment_for_mobile_communication_base_stations,equipment_for_packaging,equipment_for_prevention_and_control_of_atmospheric_pollution,ethylene,excavators,feed,ferroalloy,fresh_and_frozen_meat,home_refrigerators,home_washing_machines,industrial_boilers,insulating_glass,integrated_circuits,laminated_glass,large_tractors,lead,liquior,lithium_ion_batteries,machine_made_paper_and_paperboards,medium_tractors,medium_wide_steel_belt,metal_containers,metal_cutting_tools,metal_forming_machine_tools,metal_smelting_equipment,micro_computer_equipment,milk_products,mobile_telephones,motor_vehicles,optic_cable,optoelectronic_devices,phosphate_ore,photovoltaic_cells,pig_iron,plain_glass,plastic_products,portable_electric_devices,power_generation_equipment,primary_plastic,railway_locomotives,refined_copper,refined_edible_vegetable_oil,refined_sugar,rolled_steel,salt,silk_and_woven_fabric,small_tractors,soda_ash,soft_drinks,steel_ships_for_civil_use,sulfuric_acid,suv,synthetic_detergents,synthetic_fiber,synthetic_rubber,ten_kinds_of_nonferrous_metals,tires,tobaccos,toughened_glass,traditional_chinese_medicine,trucks,welded_steel_pipe,wine,wire_rod,xerox_and_hectograph_printing_equipment,yarn,zinc
Apr 2024,241.0,3033.1,2869.5,140.1,686.3,584.0,276.4,25.0,86.1,351.9,17395.1,23651.1,508.3,660.9,30.2,31.3,28.6,397.9,1731.6,181.3,1634.3,8790.4,8594.3,2651.2,358.2,2815.3,13.0,19632.3,6740.0,71.8,63761.0,36440.0,248.9,23032.0,2497.4,264.2,304.8,933.6,944.3,17947.3,986.8,376.2,1142.7,12552.0,65.7,35.8,236909.5,1318.9,24112.0,1820.4,1950.9,6.0,1.5,63505.4,2603.8,225.4,12586.4,234.6,2068.8,1573.1,959.6,4620.4,7163.0,8143.0,646.0,1714.7,1373.6,1014.0,18.0,113.6,375.3,61.4,11652.4,448.2,2182.3,1.2,317.4,1602.2,342.2,835.4,89.5,91.0,609.8,70.0,649.5,8944.9,1979.7,4736.2,17.5,30.1,542.1,0.8,1075.3,19.4,187.1,58.6
Mar 2024,301.7,3083.3,3007.0,144.9,677.6,603.0,306.9,48.0,92.2,368.4,15440.0,33621.1,542.2,692.2,32.2,33.4,29.4,431.2,1792.2,200.0,1778.7,9814.6,8826.9,3029.9,358.5,3133.4,13.1,24415.7,9878.0,44.1,68746.0,38458.0,277.3,29746.0,2634.4,295.4,339.6,993.4,932.4,19786.4,1053.2,361.7,1297.0,15045.0,71.5,43.2,246299.0,1384.9,33240.0,1851.9,1667.8,6.0,1.4,153591.9,2986.7,239.0,14000.6,279.4,2241.5,1541.4,944.6,5511.4,7265.7,8652.4,678.6,1769.5,1668.8,1076.0,97.0,114.7,435.4,231.6,12336.6,403.1,2201.6,1.7,322.9,1786.5,330.1,890.0,114.6,104.8,638.2,73.6,667.2,9691.3,2021.6,5065.9,19.1,36.9,567.3,1.2,1136.0,21.3,198.9,65.1
Feb 2024,213.8,1881.8,2236.0,111.0,669.8,488.2,283.3,100.0,64.0,343.4,9140.2,27460.9,469.7,583.9,27.3,24.2,24.0,326.0,1266.6,143.6,1605.0,8793.0,8398.1,1731.5,354.8,2272.3,7.8,17136.2,3441.0,30.9,70622.5,29102.0,257.7,20319.0,2251.2,283.5,301.8,687.2,811.2,19476.6,893.8,352.1,1110.6,10371.5,58.8,41.2,184284.8,1120.8,24991.0,1696.6,1166.0,4.6,1.1,92969.8,2190.4,243.8,11703.1,191.8,1771.8,1246.4,636.4,3496.3,7036.7,8096.9,594.4,1311.6,1227.6,965.8,19.0,110.8,393.4,270.0,10671.4,335.4,1728.7,1.4,308.8,1343.6,296.5,844.4,80.4,78.6,534.6,71.0,638.4,7662.2,3190.2,4402.3,15.8,24.1,326.3,1.0,1057.2,18.0,168.2,62.0
Jan 2024,213.8,1881.8,2236.0,111.0,669.8,488.2,283.3,100.0,64.0,343.4,9140.2,27460.9,469.7,583.9,27.3,24.2,24.0,326.0,1266.6,143.6,1605.0,8793.0,8398.1,1731.5,354.8,2272.3,7.8,17136.2,3441.0,30.9,70622.5,29102.0,257.7,20319.0,2251.2,283.5,301.8,687.2,811.2,19476.6,893.8,352.1,1110.6,10371.5,58.8,41.2,184284.8,1120.8,24991.0,1696.6,1166.0,4.6,1.1,92969.8,2190.4,243.8,11703.1,191.8,1771.8,1246.4,636.4,3496.3,7036.7,8096.9,594.4,1311.6,1227.6,965.8,19.0,110.8,393.4,270.0,10671.4,335.4,1728.7,1.4,308.8,1343.6,296.5,844.4,80.4,78.6,534.6,71.0,638.4,7662.2,3190.2,4402.3,15.8,24.1,326.3,1.0,1057.2,18.0,168.2,62.0
Dec 2023,269.0,2152.9,3229.6,139.0,684.4,594.6,214.8,144.0,111.3,368.9,15792.9,35131.5,493.3,647.2,40.1,26.4,27.7,379.0,1688.7,195.0,1764.4,8603.3,6744.4,3124.2,358.7,3256.4,14.0,21260.9,2620.0,76.7,69965.0,34495.0,271.5,21867.0,2701.7,295.8,380.1,817.3,923.4,22557.8,1357.2,361.5,1454.6,8649.0,62.5,54.9,246001.9,1358.8,26419.0,1561.8,1420.6,5.9,1.5,69537.7,3088.9,254.7,16934.6,304.0,2658.7,1454.6,1022.3,5083.1,6087.1,8499.9,698.4,1578.7,3249.9,1079.7,240.0,116.9,497.3,270.8,10849.5,401.7,2239.1,1.3,300.4,1313.4,248.0,906.6,116.9,104.8,589.1,80.3,658.8,8687.0,813.0,5257.1,21.4,29.1,537.4,2.2,1083.3,19.9,201.9,66.1
Nov 2023,242.4,1595.7,3036.4,133.5,698.7,573.7,159.7,145.0,102.1,349.8,18978.6,30658.7,498.0,654.1,29.6,23.6,28.0,365.8,1582.6,201.2,1801.0,8556.8,7609.9,2449.4,354.4,3137.8,13.4,23454.5,1899.0,60.9,62003.0,48666.0,269.4,18744.0,2784.9,305.1,342.1,828.6,1025.3,18561.9,1366.8,334.6,1370.7,7447.0,65.3,46.9,225528.4,1317.9,21141.0,1581.9,1128.1,5.7,1.3,64634.4,2994.6,256.2,16101.2,295.3,2615.4,1337.0,996.5,5310.3,6483.9,8185.9,670.0,1468.0,3015.9,1037.1,137.0,114.0,439.7,95.6,11043.5,466.5,2474.8,1.2,291.8,1029.7,237.7,817.4,116.0,99.2,596.1,80.3,650.4,8641.7,1803.3,5124.6,19.1,32.4,565.7,1.5,1110.8,18.0,197.5,65.8
Oct 2023,205.2,1373.0,2812.9,126.0,705.3,550.1,184.7,1.0,96.4,353.2,19121.1,30310.4,506.6,645.3,26.6,24.0,26.6,359.0,1629.5,196.9,1825.1,8644.5,7909.2,2364.3,361.6,2963.3,11.6,22173.9,2740.0,49.8,78328.0,43911.0,282.2,17186.0,2801.7,313.5,335.2,827.2,1005.7,17318.1,1257.9,312.8,1185.5,7651.0,67.4,41.1,213396.5,1315.1,15915.0,1714.5,847.0,5.3,1.1,67382.3,2836.9,268.1,15002.1,277.9,2440.0,1316.0,866.4,5224.1,6918.7,8255.6,655.5,1284.4,2122.2,1050.1,140.0,113.1,409.4,63.9,11370.6,618.8,2279.9,1.2,309.5,1060.4,270.1,822.1,106.1,101.8,585.3,84.7,654.7,8485.7,1710.4,4992.9,17.6,32.3,552.9,1.1,1104.1,15.3,195.5,62.6
Sep 2023,218.3,1611.4,3196.1,126.1,707.2,555.0,286.6,209.0,101.1,345.5,18886.6,26359.4,487.4,631.4,24.7,22.3,27.3,367.5,1801.1,201.4,1862.4,8436.8,8210.8,2364.7,357.7,3396.7,13.6,22685.0,2238.0,38.8,72306.0,50042.0,263.9,14886.0,2836.2,300.8,325.3,885.1,1035.0,20510.4,1247.3,305.3,1323.8,10761.0,68.7,42.0,219333.7,1286.7,17756.0,1777.0,982.2,5.4,1.3,71391.9,3255.9,271.8,15941.4,283.3,2589.8,1256.7,1024.2,5139.6,7154.2,8106.6,681.8,1402.8,2756.8,1022.4,173.0,113.6,445.7,26.2,11781.5,485.2,2392.2,1.3,272.3,1614.9,266.2,807.7,107.4,104.1,573.6,84.6,641.6,8702.8,2386.3,4616.6,17.5,29.5,576.9,1.5,1231.4,16.6,193.6,56.9
Aug 2023,220.9,1643.4,3129.4,124.9,708.0,548.3,374.4,84.0,92.5,339.5,17924.7,33029.3,478.0,634.6,22.2,22.0,26.2,351.3,1706.7,186.6,1877.9,8633.3,8641.3,2602.4,360.2,3214.0,14.1,19247.6,2162.0,37.4,58465.0,44405.0,264.3,13354.0,2750.9,296.5,307.6,838.3,917.1,18881.4,1177.8,312.3,1251.6,8071.0,61.9,26.8,208011.4,1224.7,17022.0,1801.2,893.7,4.9,1.1,62804.5,3092.4,257.1,12764.9,251.3,2743.1,1324.2,855.1,4881.0,7462.3,8227.6,635.5,1411.1,1615.9,1008.1,61.0,111.7,446.6,20.9,11652.4,392.9,2267.1,1.4,249.3,1834.2,292.1,791.7,95.4,94.3,577.1,79.4,629.3,8529.9,2141.7,4485.6,14.4,24.3,548.3,1.0,1190.6,16.4,187.2,54.5
Jul 2023,215.5,2305.8,2905.6,121.8,693.3,528.4,402.4,56.0,82.5,329.3,17618.3,30493.9,457.4,631.5,24.4,18.9,25.7,346.2,1597.7,187.6,2015.1,8570.9,9079.7,2357.0,348.1,2755.7,13.2,18346.7,1913.0,44.9,55189.0,41623.0,240.8,13237.0,2662.1,285.3,323.5,849.5,727.4,17691.4,1208.8,291.5,1197.6,5244.0,60.4,28.7,204002.8,1181.1,13382.0,1741.7,727.8,4.7,1.1,70846.5,2641.9,245.0,12100.9,232.4,2670.9,1319.6,844.7,4449.5,7759.6,8220.7,651.0,1405.9,1128.3,974.5,25.0,103.4,396.2,20.5,11653.4,385.6,2351.7,1.3,251.3,1890.7,229.5,764.5,92.5,86.7,575.2,74.4,603.2,8478.9,2106.8,4482.1,15.4,21.9,521.1,1.0,1223.0,30.1,185.1,53.2
Jun 2023,219.7,2637.6,3241.9,126.6,709.0,603.1,419.7,360.0,90.3,326.0,18503.2,37145.5,487.2,641.9,27.2,20.9,28.7,346.5,1614.1,211.0,2061.8,8515.5,9111.0,2660.9,345.5,3277.5,15.6,19656.1,1938.0,61.2,60585.0,46113.0,238.4,20364.0,2714.9,286.3,336.2,875.0,830.5,22309.2,1239.5,316.5,1322.4,6385.0,61.5,37.8,206955.3,1238.0,14015.0,1771.1,821.2,5.5,1.4,76605.0,3137.8,261.0,12604.2,256.4,3000.6,1237.7,933.1,4698.3,7698.1,8048.0,666.0,1464.5,2495.1,991.8,205.0,109.7,420.1,32.5,12007.9,658.2,2290.4,1.4,266.8,1827.4,355.4,733.2,99.4,94.4,582.2,72.9,615.0,8577.2,1619.0,4492.1,18.4,28.1,602.9,1.5,1254.1,28.6,199.8,58.1
May 2023,207.4,2606.3,3202.2,120.7,700.9,542.7,374.6,121.0,84.7,341.3,19637.9,31513.2,475.6,609.2,26.9,20.1,27.4,338.0,1682.4,199.9,1992.9,7760.0,9012.3,2405.5,341.5,3057.7,15.0,18722.2,717.0,62.6,53072.0,40118.0,261.7,16613.0,2579.0,286.5,328.5,850.0,870.5,19085.0,1131.2,299.0,1175.9,9503.0,61.6,34.7,198304.3,1223.8,18051.0,1787.8,699.9,5.4,1.4,74153.4,2935.4,275.2,12404.1,230.7,3028.9,1244.4,840.5,4150.0,7700.1,7961.6,630.1,1484.3,2108.0,987.0,45.0,109.5,412.4,31.8,11846.9,580.2,2296.5,1.5,263.1,1584.6,240.7,751.4,89.1,87.9,554.1,71.6,615.1,8532.4,1762.1,4347.6,17.2,26.1,575.8,1.0,1163.0,27.7,194.2,59.0
Apr 2023,205.0,2586.9,3042.6,117.6,690.5,541.0,305.9,8.0,72.7,336.4,19391.5,34859.1,474.0,588.3,27.8,20.1,27.4,317.3,1721.1,189.6,2110.1,7509.6,9263.5,2271.1,333.4,2670.9,14.1,17355.8,1553.0,59.1,56312.0,41994.0,274.4,19652.0,2519.8,284.4,319.9,840.9,920.9,14721.4,1097.2,281.1,1140.0,11539.0,61.4,37.4,184410.4,1161.1,30846.0,1825.0,782.7,5.1,1.6,64051.7,2539.7,246.6,11817.4,201.8,2811.9,1174.6,875.8,3992.0,7784.0,7871.9,638.7,1419.0,1492.1,960.0,47.0,105.9,367.5,46.8,11995.2,387.8,2007.3,1.6,263.7,1454.8,296.4,779.4,71.4,86.7,537.1,71.8,603.6,8526.9,1921.2,4307.0,18.4,28.3,544.9,0.9,1247.7,27.0,199.2,59.4
Mar 2023,251.7,2930.7,3614.6,132.3,681.2,578.9,343.3,48.0,88.7,355.2,20580.1,39123.7,514.3,657.2,35.6,22.6,30.8,347.6,1869.0,220.0,2328.4,8640.3,9572.6,2571.2,336.7,3499.7,14.6,23772.3,1340.0,71.5,64463.0,44434.0,261.2,34363.0,2680.9,318.6,335.2,936.3,907.0,19605.8,1196.7,294.0,1286.5,11951.0,76.3,49.8,235815.4,1243.5,40021.0,1735.5,736.0,6.3,2.1,81966.1,3299.8,268.8,14216.5,260.8,3609.7,1276.9,948.7,4319.6,7806.8,8013.6,732.9,1727.6,1826.5,1026.9,48.0,105.4,429.8,155.6,12724.7,337.8,1991.6,2.2,267.2,1769.3,312.1,859.1,98.4,95.4,601.6,75.7,627.6,9086.5,2001.8,4709.2,22.7,37.0,645.6,1.6,1353.3,28.1,234.3,64.4
Feb 2023,160.2,1665.2,2646.0,90.7,649.4,436.0,262.4,32.0,68.0,329.6,9927.4,33463.4,442.6,480.4,28.8,19.6,25.0,249.6,1212.2,155.6,1693.4,7517.6,8434.8,1561.8,336.8,2392.8,7.6,16567.1,2333.0,55.9,46645.0,34299.5,254.0,20408.0,2388.2,299.1,289.8,660.5,704.0,27039.5,983.0,221.5,1083.0,9457.5,68.6,56.2,172773.0,989.6,29822.5,1588.2,431.0,3.8,1.4,63946.7,2301.8,260.3,10185.7,182.6,2116.2,762.9,673.9,3148.3,7213.0,7679.9,558.4,1098.0,989.2,930.4,21.0,97.2,413.0,265.6,10311.2,280.5,2263.5,1.4,251.4,1344.2,170.8,789.4,69.2,78.9,436.2,69.0,596.0,6432.5,3060.0,4341.4,20.2,21.2,380.6,1.0,1093.8,27.9,196.7,53.6
Jan 2023,160.2,1665.2,2646.0,90.7,649.4,436.0,262.4,32.0,68.0,329.6,9927.4,33463.4,442.6,480.4,28.8,19.6,25.0,249.6,1212.2,155.6,1693.4,7517.6,8434.8,1561.8,336.8,2392.8,7.6,16567.1,2333.0,55.9,46645.0,34299.5,254.0,20408.0,2388.2,299.1,289.8,660.5,704.0,27039.5,983.0,221.5,1083.0,9457.5,68.6,56.2,172773.0,989.6,29822.5,1588.2,431.0,3.8,1.4,63946.7,2301.8,260.3,10185.7,182.6,2116.2,762.9,673.9,3148.3,7213.0,7679.9,558.4,1098.0,989.2,930.4,21.0,97.2,413.0,265.6,10311.2,280.5,2263.5,1.4,251.4,1344.2,170.8,789.4,69.2,78.9,436.2,69.0,596.0,6432.5,3060.0,4341.4,20.2,21.2,380.6,1.0,1093.8,27.9,196.7,53.6
Dec 2022,197.7,1770.5,3478.2,104.9,652.1,561.5,254.3,164.0,97.3,344.3,16843.5,44371.7,482.4,523.6,36.9,21.5,34.7,352.7,1727.3,216.4,1951.7,7861.2,7788.9,2540.3,343.4,3806.4,12.7,17347.2,5545.0,55.8,79454.0,63269.0,264.7,22751.0,2918.7,299.4,356.0,745.1,836.4,54726.1,1423.8,284.1,1116.2,5572.0,75.6,74.1,212966.1,1202.7,19011.0,1664.0,833.6,5.3,1.5,84225.4,3649.8,266.5,14310.3,248.8,2430.0,857.8,1123.3,3562.0,6899.8,8086.1,718.3,1374.7,2616.4,1012.9,377.0,96.1,522.8,288.9,11193.4,387.0,2833.6,1.4,257.7,1380.4,255.9,850.8,92.2,95.8,479.4,80.9,594.6,6990.8,1058.5,5428.1,26.4,21.6,574.4,3.2,1104.8,34.0,257.9,62.0
Nov 2022,173.6,1513.2,3946.2,111.0,680.2,554.8,178.6,26.0,92.8,331.1,19171.9,37825.7,451.1,550.9,33.2,21.4,33.0,339.1,1783.1,210.5,1978.5,7953.6,7454.4,2108.4,340.6,3220.6,13.3,18942.9,3966.0,63.7,72303.0,50512.0,250.9,26435.0,2856.5,295.4,306.1,758.6,953.1,43423.7,1463.2,260.3,1181.4,8725.0,71.4,62.2,215490.8,1195.2,31193.0,1485.0,759.7,4.6,1.4,66850.1,3092.5,272.2,14169.8,242.3,2670.2,929.2,951.2,3472.4,6798.6,7890.1,697.8,1450.3,1901.4,978.6,125.0,98.6,460.1,94.1,10918.6,352.2,2572.4,1.6,267.5,1096.5,234.7,815.1,99.5,95.8,505.5,72.3,588.1,7481.2,1802.2,5468.5,22.4,17.9,547.0,2.2,1073.1,36.9,244.0,60.5
Oct 2022,162.2,1443.2,3561.0,108.6,710.8,525.4,185.6,1.0,97.5,335.5,20383.7,37149.0,453.2,579.2,30.1,20.6,31.8,340.4,1926.2,194.9,2093.6,7267.5,7975.9,2164.0,344.9,3627.7,11.8,20211.8,2277.0,67.6,79115.0,39240.0,261.3,26235.0,2859.9,284.0,292.6,690.0,880.6,28915.6,1354.0,224.8,1230.5,9240.0,68.7,57.2,193187.6,1151.5,24255.0,1578.7,710.2,4.3,1.3,70117.7,3520.6,275.7,15413.5,255.9,2959.4,798.0,760.6,3100.4,7082.9,8249.0,668.5,1256.8,1934.4,966.0,112.0,95.3,428.6,63.7,11484.7,560.0,2451.2,1.5,251.5,1199.6,219.1,793.9,103.0,95.2,533.9,72.1,585.2,7321.6,1802.2,5835.0,19.9,20.5,550.1,1.6,1174.6,34.8,231.5,59.5
Sep 2022,193.1,1858.0,3969.8,109.8,705.2,543.2,310.2,224.0,106.8,338.3,20861.9,33251.0,454.0,579.6,29.3,18.8,32.1,334.9,2096.9,222.1,2141.8,7897.6,8694.9,2502.0,342.1,3985.3,13.8,21820.5,3884.0,83.5,101846.0,40174.0,244.5,23024.0,2996.5,264.8,295.7,799.5,870.3,32587.9,1347.6,261.4,1249.7,12678.0,67.2,54.0,187582.2,1156.6,26538.0,1570.3,1341.1,4.4,1.7,80455.9,3850.7,275.8,15584.1,275.8,3277.7,795.6,1098.8,2981.1,7393.9,8593.9,692.0,1514.6,2183.6,961.9,226.0,94.6,446.3,40.4,11618.8,389.7,2947.8,1.3,236.2,1688.1,240.6,772.7,108.6,100.4,539.6,69.6,578.3,7545.4,2274.2,5243.4,19.1,20.8,619.3,1.9,1296.4,34.1,229.9,58.3
Aug 2022,185.0,1607.2,4091.0,108.2,718.4,530.4,393.3,40.0,94.9,321.5,18808.2,29684.5,419.7,558.6,24.3,18.9,30.2,302.8,1802.1,196.5,1925.2,8113.3,8386.8,2209.8,350.6,3302.4,14.9,19860.2,3483.0,93.8,68061.0,53050.0,222.0,21039.0,2691.2,242.3,289.8,702.3,690.5,25959.2,1210.9,247.4,1206.6,12444.0,63.8,33.8,179515.5,1070.8,20205.0,1405.8,1533.7,4.5,1.6,87717.7,3175.4,257.0,12771.7,242.6,3340.8,831.0,891.5,2591.8,7137.4,8789.4,644.1,1457.0,1174.7,894.4,70.0,91.7,415.1,25.7,10832.9,377.4,2230.6,1.3,215.8,1885.4,252.9,758.2,93.1,85.0,515.8,68.2,573.6,7226.5,2061.6,4712.6,16.7,18.6,528.3,1.6,1262.1,36.4,217.1,52.8
Jul 2022,155.6,1829.9,4094.0,112.3,708.2,533.5,421.6,8.0,96.2,333.3,19218.1,28264.1,435.9,556.3,26.9,19.8,30.8,360.2,1650.0,188.5,1712.2,8022.7,8142.9,2216.1,342.6,3567.2,15.1,20995.7,3633.0,71.5,118701.0,32549.0,224.3,19612.0,2612.0,265.4,289.9,728.8,657.7,32482.7,1247.2,272.2,1259.7,8847.0,61.6,37.8,183299.6,1122.5,18021.0,1522.9,1378.4,4.6,1.6,72031.8,3413.1,249.2,12049.7,244.5,3275.4,929.7,875.3,2490.8,7048.6,8691.1,642.2,1737.4,894.8,893.7,110.0,87.0,384.0,30.6,10624.2,417.7,2782.0,1.3,225.2,1973.0,228.8,774.9,93.5,85.7,509.6,67.5,562.8,7479.9,2086.8,4677.0,18.5,20.9,517.2,1.5,1157.2,32.9,217.6,52.2
Jun 2022,175.9,2221.4,3880.8,104.4,731.7,550.1,419.3,68.0,101.5,333.5,19558.4,40939.9,506.1,597.8,30.6,21.9,33.8,379.0,1552.5,201.9,2006.1,9871.1,9073.0,2402.3,339.1,4334.2,17.1,21396.1,3484.0,69.2,139005.0,36774.0,240.2,21769.0,2689.6,297.0,319.1,734.4,660.6,33284.8,1272.0,288.0,1281.0,5967.0,64.2,58.5,200298.7,1185.5,18725.0,1694.9,1657.2,5.3,1.8,92923.3,4100.6,275.1,13612.4,257.7,3153.4,1041.1,950.6,2701.9,7687.5,8729.5,699.6,1848.4,1667.9,940.5,241.0,93.2,397.9,47.2,11841.7,593.0,2929.0,1.4,249.3,1828.0,306.8,805.2,98.6,86.1,549.0,66.3,569.7,7698.0,1459.6,4940.5,21.2,23.2,527.4,1.9,1305.4,34.0,236.1,54.9
May 2022,187.1,2182.9,3309.0,102.7,698.8,535.6,356.7,68.0,75.8,340.7,20279.5,32671.9,491.1,566.9,32.2,22.9,31.6,375.9,1540.1,180.3,2186.7,9780.5,9661.3,2133.8,342.3,3673.0,13.2,15422.7,3624.0,73.8,43122.0,30485.0,244.4,20937.0,2570.6,306.0,305.8,667.0,679.5,29463.4,1328.5,275.1,1097.5,7429.0,60.9,56.3,191758.9,1189.2,22332.0,1769.9,1365.0,5.0,4.2,70660.6,3461.3,275.9,12666.0,199.3,3217.3,1074.7,892.9,2534.8,8048.9,8817.9,688.8,1719.4,1486.3,953.9,45.0,91.2,406.1,54.0,12261.1,515.9,2366.5,1.3,253.2,1543.6,254.0,779.8,72.9,85.6,519.8,65.4,564.4,7023.3,1882.5,4512.9,20.4,20.4,539.1,1.3,1341.0,21.3,223.3,54.7
Apr 2022,165.7,2279.2,3042.0,94.8,682.0,520.0,258.7,49.0,41.5,322.6,19470.7,30039.3,480.3,539.7,28.8,22.9,32.3,343.9,1512.7,171.4,2055.0,8579.4,9277.5,1987.6,336.1,3266.3,8.3,10593.9,2586.0,76.5,32367.0,59125.0,217.8,13981.0,2407.8,304.5,315.8,652.4,649.9,27537.5,1145.6,259.3,1027.4,10146.0,58.2,57.8,202081.2,1105.1,27690.0,1654.9,1398.4,4.7,3.8,71958.5,3035.4,238.8,12693.0,128.2,2598.1,1005.8,883.6,2144.2,7677.8,8563.9,661.6,1426.7,919.2,900.6,35.0,89.8,359.4,72.4,11482.7,394.6,2477.5,1.4,247.9,1410.1,242.0,795.3,45.8,73.7,499.2,60.6,553.1,6470.7,1889.1,4568.6,18.5,19.5,481.0,1.5,1243.5,18.1,221.0,53.7
Mar 2022,237.3,2552.5,3891.4,104.9,685.3,528.0,284.9,80.0,83.7,324.6,18654.6,43739.9,503.0,635.4,29.1,23.7,34.7,443.2,1846.0,189.8,2039.9,9476.2,8829.5,2567.3,329.8,4244.3,13.2,21106.4,35723.0,67.8,56788.0,58452.0,236.5,30812.0,2616.7,312.9,332.7,867.1,761.0,32279.0,1228.3,285.0,1178.5,10128.0,65.4,77.5,225739.8,1245.5,33070.0,1628.5,1761.7,5.8,2.4,75824.6,4101.1,250.1,14384.1,238.7,3018.2,1069.4,940.3,2211.4,7159.8,8721.7,787.8,2121.5,1517.4,991.9,70.0,93.5,404.9,256.6,11688.7,376.0,3319.5,1.9,243.9,1723.7,286.4,794.6,85.0,92.3,585.1,67.6,563.5,8126.3,1999.5,5009.7,21.5,35.0,522.9,1.8,1236.4,31.5,255.2,59.1
Feb 2022,226.4,1463.0,2760.5,75.8,588.8,433.2,265.4,16.0,79.1,311.4,9966.3,33273.0,425.5,507.7,25.8,19.6,28.5,315.8,1271.6,141.4,1740.9,7787.8,7897.9,1667.2,316.4,3092.4,6.8,20713.3,19590.0,51.2,68684.0,27834.0,243.6,31325.0,2339.4,274.7,267.7,597.0,690.2,22707.6,1067.6,286.6,1136.4,8750.5,57.6,63.3,179241.0,1047.8,29156.0,1425.1,1181.6,4.4,1.5,64854.6,2928.2,245.1,10635.3,213.3,2328.6,746.9,721.6,1935.4,6606.6,8258.8,593.2,1929.7,1639.0,922.6,62.5,85.0,362.4,259.4,9835.6,297.6,5541.3,1.2,233.6,1351.0,223.6,766.8,82.6,72.9,462.3,58.1,525.4,6209.0,3002.5,4676.3,24.0,27.2,330.6,1.6,1065.4,29.2,199.4,52.8
Jan 2022,226.4,1463.0,2760.5,75.8,588.8,433.2,265.4,16.0,79.1,311.4,9966.3,33273.0,425.5,507.7,25.8,19.6,28.5,315.8,1271.6,141.4,1740.9,7787.8,7897.9,1667.2,316.4,3092.4,6.8,20713.3,19590.0,51.2,68684.0,27834.0,243.6,31325.0,2339.4,274.7,267.7,597.0,690.2,22707.6,1067.6,286.6,1136.4,8750.5,57.6,63.3,179241.0,1047.8,29156.0,1425.1,1181.6,4.4,1.5,64854.6,2928.2,245.1,10635.3,213.3,2328.6,746.9,721.6,1935.4,6606.6,8258.8,593.2,1929.7,1639.0,922.6,62.5,85.0,362.4,259.4,9835.6,297.6,5541.3,1.2,233.6,1351.0,223.6,766.8,82.6,72.9,462.3,58.1,525.4,6209.0,3002.5,4676.3,24.0,27.2,330.6,1.6,1065.4,29.2,199.4,52.8
Dec 2021,273.6,1963.5,3978.9,98.9,624.3,582.8,235.8,5.0,113.5,337.9,19085.1,40015.3,448.9,584.9,31.7,23.2,39.2,441.4,1888.4,207.1,2002.6,7851.2,8619.3,2974.9,310.9,4664.0,14.5,27021.5,13149.0,61.5,92232.0,47263.0,245.4,32949.0,2859.9,294.3,330.4,757.8,785.6,50687.7,1541.7,299.4,1287.9,9603.0,74.1,83.8,231166.2,1234.4,37029.0,1599.9,1800.6,5.5,1.8,81496.0,4454.0,281.2,17461.3,296.6,3110.8,1178.9,1158.8,2268.5,7209.5,8596.0,795.2,2460.0,1874.1,978.7,323.0,91.0,509.1,277.7,11354.8,409.8,3773.1,1.7,246.9,1358.8,277.6,806.8,113.5,96.0,539.5,80.9,547.4,8243.5,1214.2,5655.7,24.6,34.8,521.6,4.0,1272.3,38.7,275.0,57.7
Nov 2021,265.3,1662.8,4113.4,90.6,605.0,520.2,187.0,9.0,99.3,332.8,19958.0,30042.6,440.7,566.1,28.1,21.0,37.1,392.3,1765.8,193.7,1776.6,7839.6,6931.3,2570.0,310.1,4410.9,14.1,23143.5,11543.0,42.3,65335.0,40829.0,231.3,29850.0,2837.9,298.7,302.0,808.5,843.8,34639.0,1473.4,300.6,1241.6,7855.0,67.3,71.5,217695.5,1158.1,25940.0,1290.5,1836.7,4.8,2.1,88468.6,4233.0,258.0,16023.4,267.3,3064.0,1084.5,945.7,2065.8,6173.0,8358.5,731.6,2442.6,1713.3,942.6,156.0,87.7,488.5,104.3,10102.9,482.6,3597.4,1.6,247.6,1170.0,357.2,757.0,103.6,94.2,523.7,78.7,535.2,8042.1,1796.0,5604.5,23.2,32.1,506.1,2.6,1102.5,30.5,266.0,57.2
Oct 2021,227.9,1454.9,3355.6,91.1,629.1,484.0,218.4,18.0,87.6,317.4,20140.2,32872.8,450.6,536.7,28.0,19.0,34.1,357.9,1759.2,170.1,1891.7,8012.7,7158.4,2387.9,313.2,4284.4,12.5,21098.4,8493.0,41.7,64441.0,34115.0,231.7,26725.0,2796.2,267.7,314.3,763.6,766.8,31843.3,1349.8,300.5,1155.8,5573.0,62.2,59.2,200709.8,1101.2,19263.0,1267.1,2075.8,4.4,1.8,65729.6,4141.8,283.4,13867.2,234.4,2511.2,994.5,807.1,1825.6,6302.7,8547.0,683.6,2333.8,1485.9,906.2,100.0,85.5,421.1,64.3,10173.7,491.6,3344.4,1.4,242.1,1294.1,286.2,756.6,89.5,92.5,494.7,73.7,525.9,7307.1,1867.2,5221.0,20.3,27.8,494.8,1.7,1174.3,23.5,243.2,53.2
Sep 2021,225.8,1508.1,3780.5,93.5,654.8,512.0,298.9,102.0,82.5,311.8,20503.8,33283.8,452.3,534.0,25.9,18.7,33.7,358.8,1748.2,189.7,1769.8,8469.8,7375.0,2332.1,307.5,4508.4,14.9,19757.6,8389.0,60.4,53515.0,37007.0,222.5,25894.0,2749.9,239.5,300.5,763.8,699.5,33374.9,1370.2,304.4,1187.4,9822.0,60.0,56.9,204574.8,1073.6,21114.0,1418.1,2332.0,4.8,1.9,76833.7,4334.1,261.8,15165.0,218.6,2907.5,1015.7,888.5,2120.4,6518.7,8422.5,690.1,2324.6,1251.3,877.8,157.0,88.5,426.0,29.9,10195.1,380.9,3451.8,1.3,232.4,1597.6,212.8,793.9,85.1,96.0,488.6,68.1,523.4,6871.6,2229.4,5134.2,20.2,25.6,524.6,2.1,1117.1,22.0,240.7,55.6
Aug 2021,220.4,1491.2,3429.8,95.0,646.6,509.7,352.9,2.0,70.6,318.7,21516.7,32476.9,452.7,585.5,23.2,19.9,33.5,359.3,1569.4,190.2,2012.3,8391.5,8323.9,2346.2,315.5,3983.1,14.2,17042.1,8679.0,53.4,84032.0,36489.0,231.0,17236.0,2858.9,274.5,281.5,736.4,673.8,28894.2,1371.7,320.8,1108.9,7927.0,59.4,39.8,190144.4,1148.2,18955.0,1429.0,2273.7,4.8,1.8,71872.5,3829.0,259.4,13316.2,173.4,2961.1,967.0,830.5,1919.8,7153.4,8886.3,680.8,2328.4,1365.3,906.3,57.0,87.4,437.6,32.4,10880.4,406.2,3217.5,1.3,242.7,1790.8,234.0,797.4,61.1,87.3,537.4,64.3,529.5,7359.6,2051.2,5498.7,18.2,19.2,521.9,1.7,1257.8,25.8,240.5,54.1
Jul 2021,212.1,1801.8,3453.9,94.5,650.3,520.8,377.1,0.0,70.6,308.7,20582.1,28814.1,433.4,597.0,23.3,19.9,34.4,350.4,1338.7,183.0,2101.9,7992.9,8679.0,2412.2,326.3,3738.2,14.1,18879.4,10243.0,46.7,44779.0,34570.0,237.7,18357.0,2777.4,280.6,270.9,741.0,623.8,30849.6,1313.1,315.7,1077.1,6011.0,57.5,41.0,189420.2,1135.0,16803.0,1455.4,2224.2,5.1,1.9,77065.9,3597.1,253.4,12692.3,185.3,2615.2,1051.8,808.5,1752.6,7284.9,8831.1,677.5,2457.5,1107.9,900.5,57.0,84.6,374.2,34.0,11099.7,445.8,3309.0,1.2,223.1,1887.2,156.2,773.6,65.4,77.2,551.8,64.0,536.7,7271.0,2113.7,5092.1,17.7,26.6,507.2,1.8,1351.6,29.4,238.4,55.6
Jun 2021,219.6,2167.0,3590.9,95.8,680.4,564.0,390.4,245.0,74.3,320.2,22432.8,33166.5,471.8,585.6,25.2,22.0,36.0,378.8,1396.5,189.3,2475.5,8786.9,9387.5,2613.4,329.0,4300.2,14.8,20739.8,9537.0,47.1,76612.0,37389.0,232.5,27284.0,2967.8,316.1,285.5,742.5,664.0,32894.1,1328.0,308.2,1073.2,4501.0,64.0,67.5,203061.0,1190.2,16460.0,1619.2,2105.9,5.7,1.9,67493.1,4107.8,268.9,14322.4,203.8,2672.7,1132.5,907.0,1741.1,7578.2,8706.5,721.3,2545.1,1418.9,932.7,133.0,83.7,437.0,41.6,12072.3,595.8,3395.3,1.7,248.1,1884.9,319.0,726.8,72.1,87.6,539.6,69.1,549.0,7538.9,1718.4,5175.5,20.8,34.7,526.5,3.0,1420.2,52.2,249.5,56.7
May 2021,241.8,2205.8,3350.5,84.8,659.6,542.6,357.2,109.0,78.0,319.3,24306.8,34977.1,487.4,584.7,25.1,20.4,34.1,377.0,1442.9,183.8,2467.3,8761.2,9945.4,2692.9,331.7,3764.3,13.6,21616.5,7402.0,46.8,75444.0,37865.0,228.0,36102.0,2879.7,315.8,270.1,748.7,703.2,34243.2,1323.3,298.7,1069.3,7313.0,59.3,56.9,187799.1,1161.4,23870.0,1641.6,2023.1,5.8,1.9,64983.3,3614.2,266.9,13235.3,209.6,2466.4,1079.4,915.9,1771.7,7815.0,8812.9,694.5,2353.1,1287.6,920.6,71.0,86.6,408.2,36.1,12469.4,511.5,3218.4,1.6,247.9,1657.2,245.9,743.2,71.5,79.2,537.3,64.2,545.0,7787.5,1705.6,5152.3,18.2,36.5,513.8,2.4,1501.7,51.8,234.4,52.7
Apr 2021,296.0,2421.0,3267.0,93.1,649.0,540.8,314.3,73.0,74.0,321.1,23927.6,36099.8,488.1,582.9,26.5,24.0,33.8,396.3,1514.2,189.6,2365.6,8689.4,9784.6,2397.7,334.6,3750.7,14.0,23821.2,13385.0,47.9,60759.0,41964.0,220.9,43412.0,2670.6,296.0,252.7,772.9,772.0,35892.3,1262.5,286.5,1091.3,11395.0,54.6,61.8,187082.4,1135.5,36052.0,1615.6,1960.3,5.9,1.9,59702.0,3589.8,245.5,12754.0,227.3,2466.0,1018.4,824.8,1619.9,7597.2,8605.4,706.9,2456.3,1090.1,905.5,46.0,90.1,389.8,62.5,12127.5,431.3,3118.7,1.9,257.3,1577.2,264.8,792.1,83.5,78.4,530.4,64.3,548.4,8304.4,1677.7,5184.2,19.5,43.5,554.5,2.8,1417.4,51.5,238.2,54.4
Mar 2021,358.9,2591.6,3248.0,87.0,653.7,536.7,316.0,172.0,87.5,326.7,19702.0,59118.4,507.5,596.7,30.5,24.3,34.3,401.9,1824.0,181.5,2295.8,8175.0,9402.1,2432.4,327.6,4395.7,12.2,25851.4,36564.0,40.9,63605.0,43637.0,248.9,58429.0,2598.9,309.5,248.8,946.6,831.2,48544.8,1155.5,290.9,1106.7,13508.0,63.5,79.2,192954.7,1196.9,42094.0,1492.9,1895.8,6.0,2.2,69273.3,4070.3,256.9,13723.0,251.7,2621.3,1084.1,851.2,1833.6,7474.5,8512.1,723.0,2373.2,1242.9,969.5,52.0,87.0,434.8,209.5,11987.2,371.6,3589.7,1.9,254.0,1770.7,244.2,775.4,89.8,92.3,544.0,66.5,548.3,8264.9,1905.8,5376.2,20.9,50.5,572.9,2.8,1376.7,57.2,251.1,55.0
Feb 2021,244.6,1470.2,2438.5,73.0,632.2,513.8,252.4,143.0,71.7,313.7,12064.5,23691.0,428.1,488.2,21.3,19.2,25.0,300.2,1289.1,132.3,2024.2,6464.6,8749.4,1649.8,322.6,3193.6,7.6,21410.6,18556.0,33.4,30666.5,47333.5,237.3,35544.5,2243.1,359.0,216.9,605.4,656.8,27442.2,1145.4,266.4,893.0,7328.5,55.4,61.4,147597.2,1034.9,27530.0,1493.7,1115.3,3.8,1.4,57980.4,2862.5,234.0,10429.4,192.8,1869.2,811.6,666.9,1387.4,7237.6,8040.4,563.4,1811.6,950.4,908.7,32.5,81.5,408.4,275.9,10476.3,288.6,2405.2,1.3,233.6,1168.3,225.2,750.5,68.2,76.6,442.4,59.2,527.8,6660.4,2949.4,4627.4,16.4,36.6,342.6,2.8,1292.4,38.0,199.4,53.8
Jan 2021,244.6,1470.2,2438.5,73.0,632.2,513.8,252.4,143.0,71.7,313.7,12064.5,23691.0,428.1,488.2,21.3,19.2,25.0,300.2,1289.1,132.3,2024.2,6464.6,8749.4,1649.8,322.6,3193.6,7.6,21410.6,18556.0,33.4,30666.5,47333.5,237.3,35544.5,2243.1,359.0,216.9,605.4,656.8,27442.2,1145.4,266.4,893.0,7328.5,55.4,61.4,147597.2,1034.9,27530.0,1493.7,1115.3,3.8,1.4,57980.4,2862.5,234.0,10429.4,192.8,1869.2,811.6,666.9,1387.4,7237.6,8040.4,563.4,1811.6,950.4,908.7,32.5,81.5,408.4,275.9,10476.3,288.6,2405.2,1.3,233.6,1168.3,225.2,750.5,68.2,76.6,442.4,59.2,527.8,6660.4,2949.4,4627.4,16.4,36.6,342.6,2.8,1292.4,38.0,199.4,53.8
Dec 2020,327.8,2152.5,3239.4,94.3,613.4,567.8,212.7,493.0,106.2,337.8,21333.1,36718.9,411.9,603.8,27.8,22.0,38.1,397.3,1844.1,192.1,2358.0,7702.1,9236.5,3144.7,326.8,4806.8,13.7,29132.7,19703.0,34.2,27166.0,34292.0,208.4,49439.0,2829.0,307.5,257.5,796.4,806.4,57200.2,1521.7,276.0,1200.9,8218.0,71.6,98.1,216607.6,1209.9,34461.0,1566.6,1603.0,4.9,2.3,80974.7,4464.5,251.1,16495.5,280.4,2984.3,1106.9,952.3,2039.2,7421.5,8377.6,774.8,2395.0,1689.9,946.3,189.0,98.6,578.5,306.2,12033.8,410.8,3757.8,1.9,232.6,1254.9,272.7,801.3,100.8,98.9,553.1,71.2,574.6,8233.8,1242.4,5459.7,26.1,39.6,562.7,5.7,1468.4,41.9,288.9,60.2
Nov 2020,327.0,1771.6,3093.5,93.8,630.0,538.1,170.7,361.0,106.3,337.0,24330.3,28868.8,457.3,573.8,24.7,19.6,35.8,364.5,1962.2,191.4,2327.1,7521.2,8766.0,2474.1,318.2,4261.4,13.1,27885.0,18057.0,50.2,26033.0,43322.0,198.4,44371.0,2734.1,303.8,239.5,898.9,856.6,57282.0,1431.1,252.1,1066.3,7006.0,62.8,73.5,198974.4,1182.8,27144.0,1401.7,1150.5,4.4,1.9,71189.6,3933.9,239.0,14966.3,278.3,2876.8,1083.0,734.0,1679.9,7200.5,8351.2,790.3,2202.0,1596.7,932.8,89.0,94.5,529.9,116.0,11734.4,449.8,3457.5,1.9,245.0,1041.0,312.9,724.9,101.0,100.4,522.4,69.5,549.2,8323.7,1936.6,5157.4,22.5,40.8,593.2,3.6,1478.5,34.9,264.6,58.0
Oct 2020,310.8,1448.9,2816.6,89.7,638.9,516.9,187.6,105.0,96.4,315.9,24099.7,31765.8,460.4,560.9,22.4,17.5,34.6,348.1,1960.2,176.8,2378.1,7842.1,9328.2,2604.6,320.0,4237.0,11.6,24774.9,16508.0,42.5,24897.0,23883.0,202.4,35098.0,2849.0,302.4,234.9,879.6,840.6,34638.7,1423.9,272.9,980.9,7498.0,59.9,60.2,196984.7,1167.2,23204.0,1499.2,1023.7,4.0,1.7,57609.4,3946.4,261.4,13101.3,248.1,2203.0,959.3,731.7,1518.2,7617.1,8095.6,686.6,2163.1,1528.1,920.3,186.0,91.4,496.4,81.3,11848.3,691.6,3242.8,2.4,250.7,1080.6,203.0,722.4,88.5,98.8,511.1,70.5,544.7,7846.2,1721.7,4951.0,19.1,37.3,562.4,3.7,1516.0,23.4,247.0,58.6
Sep 2020,334.3,1714.1,3079.6,87.2,656.0,506.2,315.7,21.0,92.5,311.5,23340.5,30335.7,481.8,541.7,21.9,15.2,34.0,333.4,2057.4,181.4,2342.2,7348.1,9357.7,2581.2,316.3,4078.0,12.7,25637.0,15764.0,51.8,27545.0,30702.0,187.4,31789.0,2780.3,297.6,228.9,935.8,799.2,32089.5,1376.4,240.5,987.8,8023.0,56.5,61.8,199261.2,1151.0,20704.0,1545.1,998.8,4.1,1.8,64834.0,3787.5,257.7,14877.8,246.1,2348.0,939.5,926.5,1640.4,7578.3,8122.6,708.1,2244.3,1289.6,895.2,164.0,90.9,505.3,25.3,11806.3,515.8,3358.9,1.6,219.1,1718.0,293.1,708.5,89.3,112.0,497.2,67.5,532.4,8156.1,2241.2,4945.4,18.8,38.4,586.2,3.1,1508.5,26.0,245.9,56.5
Aug 2020,297.9,1533.0,2900.4,81.2,644.9,486.0,377.7,41.0,79.3,318.9,22489.0,19495.7,456.3,524.7,19.3,15.7,32.4,326.9,1932.8,194.9,2413.3,7699.9,9592.5,2207.9,317.1,3639.1,12.3,21847.1,14352.0,61.6,24296.0,28112.0,178.8,27006.0,2537.6,292.5,206.5,908.5,749.2,30467.7,1328.7,222.2,907.9,6579.0,56.4,41.0,178820.2,1113.3,17717.0,1577.8,778.1,3.8,1.9,66844.5,3426.3,252.5,13120.1,208.8,2342.1,928.8,869.6,1408.9,7854.6,8138.0,656.6,2133.1,998.1,877.4,61.0,89.4,476.5,21.9,11913.3,403.5,2988.9,1.3,238.4,1766.0,224.9,721.9,72.0,94.3,480.3,66.3,528.6,7710.4,2003.6,4771.6,16.2,36.0,551.9,2.1,1465.6,21.4,231.1,53.9
Jul 2020,274.4,1851.2,2948.6,81.6,610.0,487.8,407.0,49.0,82.5,303.5,21792.7,25107.5,446.2,524.7,21.0,17.0,32.9,333.4,1754.1,187.6,2392.2,7302.7,9442.0,2364.6,309.6,3464.1,12.1,23855.9,15758.0,97.6,24209.0,27839.0,173.8,25275.0,2449.2,293.9,205.3,914.7,686.2,29477.8,1340.8,222.0,884.0,5555.0,52.2,42.8,162345.9,1106.5,18980.0,1468.9,536.5,3.9,1.9,55107.0,3289.3,251.2,12225.8,225.8,2529.9,879.6,932.2,1374.8,7818.3,7829.7,681.6,2115.4,1064.6,828.7,34.0,81.4,468.9,29.7,11688.5,417.5,3262.6,1.7,241.8,1689.6,201.1,690.6,71.2,91.5,480.3,63.4,507.5,7466.0,2022.9,4316.6,16.9,41.0,563.1,2.0,1447.1,22.6,223.9,52.4
June 2020,242.9,2490.3,2825.5,82.2,629.3,556.5,455.4,367.0,86.0,294.3,22864.5,30964.4,497.8,547.5,25.8,18.6,33.5,314.7,1610.1,198.2,2446.5,7831.7,9252.0,2666.9,301.5,3421.6,12.4,26249.8,11085.0,124.9,22939.0,31962.0,159.3,33970.0,2404.1,307.7,225.1,887.4,655.5,27695.3,1275.8,211.0,878.6,4415.0,55.2,67.5,162799.9,1110.9,19830.0,1418.1,656.4,4.5,2.0,59895.3,3216.5,253.9,12989.5,231.1,2696.7,770.5,937.6,1464.2,7663.5,7915.6,654.8,1813.4,1612.2,848.8,156.0,86.0,474.8,32.1,11585.1,709.2,3737.2,1.6,218.1,1803.7,274.2,682.4,77.2,94.5,506.3,59.2,508.2,7102.3,1726.0,4519.2,21.4,45.2,589.4,2.6,1444.0,22.9,234.2,52.0
May 2020,234.1,1942.8,2635.7,81.6,593.5,516.1,408.1,131.0,78.6,299.3,24868.7,26817.3,497.0,537.3,23.2,19.5,32.4,305.0,1509.9,187.7,2422.0,7464.2,9226.7,2236.0,297.7,3509.4,11.6,25812.2,10932.0,149.6,21713.0,26229.0,168.0,40420.0,2305.0,278.5,218.1,776.7,608.3,25185.3,1209.1,215.0,819.0,5300.0,50.6,58.6,145371.9,1076.7,25899.0,1421.0,699.8,4.1,2.0,51707.5,3263.9,250.1,11028.2,215.2,2625.4,705.6,809.8,2039.1,7731.5,7844.5,669.0,1767.8,1023.6,842.1,37.0,85.3,498.8,37.4,11452.7,501.6,3255.3,1.5,216.7,1565.3,211.1,672.6,70.2,100.6,497.9,59.1,498.3,6892.9,1732.8,4433.8,18.1,45.8,587.5,2.1,1427.3,20.7,219.8,51.4
Apr 2020,246.7,1915.9,2629.4,82.3,606.7,528.4,310.3,40.0,78.2,286.4,22346.9,30559.8,495.9,519.2,25.3,21.0,31.9,335.6,1478.0,185.4,2111.6,7437.9,8503.3,2333.8,296.7,3325.1,11.0,25201.3,17425.0,132.8,20496.0,27823.0,167.5,43622.0,2244.6,274.5,200.8,701.5,555.7,25195.7,1084.3,219.5,751.7,7980.0,48.9,60.4,142462.8,1046.6,33759.0,1297.3,677.6,3.9,2.1,57307.1,3105.4,221.4,10863.6,210.0,2673.1,814.0,757.3,1180.6,7202.1,7479.5,611.8,1972.1,887.7,828.1,67.0,81.9,470.8,60.6,10701.2,379.8,3117.5,1.7,235.4,1402.1,311.1,719.2,68.8,93.9,478.2,59.0,492.7,6661.2,1806.2,4063.9,18.0,44.0,568.4,3.3,1293.7,22.4,215.7,51.7
Mar 2020,235.2,1940.3,2585.8,72.7,588.1,461.5,238.5,268.0,54.6,300.4,14784.7,36384.3,506.9,490.0,24.8,22.8,32.8,321.4,1818.4,179.9,1901.5,7475.7,7897.5,2047.8,296.9,3144.5,8.9,20060.6,31316.0,79.9,22311.0,24256.0,173.4,31101.0,2113.7,300.0,200.1,726.6,640.0,44933.0,942.9,212.1,728.9,6947.0,46.7,65.8,133436.5,1045.6,34212.0,1317.2,687.1,3.6,1.8,49650.0,2894.6,195.1,11804.2,146.1,2311.2,925.7,545.4,1287.1,6697.2,7833.3,784.5,1744.2,1044.2,839.0,77.0,77.1,418.1,164.0,9888.0,329.2,3854.2,1.5,230.5,1384.2,151.8,657.0,47.9,100.0,448.3,57.3,482.8,7140.4,2242.1,3956.1,18.6,31.3,479.4,2.2,1152.0,22.0,215.0,48.9
Feb 2020,90.0,814.2,1318.0,51.0,522.6,295.3,158.0,90.0,37.6,261.8,7490.8,19194.6,385.4,363.6,19.0,13.1,20.8,177.4,984.4,105.8,1697.9,5559.5,7735.1,1023.8,292.4,1441.2,3.0,12380.7,19156.5,36.1,13472.0,17181.5,175.8,13814.5,1833.4,270.4,181.0,333.5,387.8,17050.8,716.6,148.2,528.4,2423.0,36.1,58.2,71191.6,718.6,11618.5,1280.2,244.4,1.8,0.9,37527.4,1343.4,180.7,6938.2,100.2,1280.4,488.4,361.8,732.9,6616.8,7457.9,394.2,990.0,409.7,718.0,7.5,76.4,319.6,251.8,8356.3,235.4,2697.8,0.8,215.4,837.1,184.5,599.9,35.7,64.0,325.0,46.2,467.7,4043.2,2593.7,2993.8,14.4,17.6,220.6,1.8,1075.8,26.8,135.4,52.0
Jan 2020,90.0,814.2,1318.0,51.0,522.6,295.3,158.0,90.0,37.6,261.8,7490.8,19194.6,385.4,363.6,19.0,13.1,20.8,177.4,984.4,105.8,1697.9,5559.5,7735.1,1023.8,292.4,1441.2,3.0,12380.7,19156.5,36.1,13472.0,17181.5,175.8,13814.5,1833.4,270.4,181.0,333.5,387.8,17050.8,716.6,148.2,528.4,2423.0,36.1,58.2,71191.6,718.6,11618.5,1280.2,244.4,1.8,0.9,37527.4,1343.4,180.7,6938.2,100.2,1280.4,488.4,361.8,732.9,6616.8,7457.9,394.2,990.0,409.7,718.0,7.5,76.4,319.6,251.8,8356.3,235.4,2697.8,0.8,215.4,837.1,184.5,599.9,35.7,64.0,325.0,46.2,467.7,4043.2,2593.7,2993.8,14.4,17.6,220.6,1.8,1075.8,26.8,135.4,52.0
Dec 2019,241.4,2034.9,2549.9,90.6,591.8,522.0,242.2,205.0,97.3,309.7,19935.1,43198.9,465.8,536.9,24.7,20.9,41.0,300.2,2008.6,229.3,2186.0,7517.7,8426.5,3137.9,303.6,3373.4,10.9,27377.5,21975.0,82.7,21236.0,30362.0,186.4,28720.0,2449.3,319.2,235.5,690.2,726.5,45700.8,1322.4,201.6,905.1,3956.0,59.5,90.9,162383.3,1158.0,22711.0,1315.8,591.8,3.6,2.2,52632.3,3189.1,258.9,17529.4,270.5,2756.0,1048.2,944.0,1330.5,6706.3,8107.9,761.5,1802.2,1035.3,883.3,160.0,93.0,586.4,281.7,10432.9,437.4,4504.9,4.6,254.1,1403.5,225.4,792.4,101.1,95.7,493.9,73.8,531.0,7231.7,1346.1,5008.7,23.8,39.2,464.6,7.9,1335.3,51.7,267.0,60.7
Nov 2019,178.0,1545.5,2442.7,86.6,567.1,468.5,185.6,85.0,100.5,288.5,22487.4,45024.1,440.9,546.0,23.3,16.7,41.6,295.4,1977.1,192.4,2240.8,7924.5,8028.7,3088.1,289.8,3393.9,11.5,27627.5,22038.0,83.6,18455.0,37268.0,177.8,26180.0,2283.9,325.8,216.5,722.2,720.9,35152.8,1310.1,185.8,849.3,4110.0,57.2,79.9,142782.1,1081.3,21393.0,1192.4,539.3,3.3,2.0,63468.5,3201.1,228.1,18090.6,260.8,2536.1,879.5,733.7,1275.9,6477.1,7700.9,691.1,1764.5,1033.6,827.2,206.0,90.9,515.6,100.0,10401.6,593.6,4336.3,3.5,260.9,1127.9,252.5,755.8,95.0,90.5,503.2,66.5,511.0,7246.7,1952.8,4675.3,22.0,38.3,533.9,4.9,1352.1,44.5,261.4,59.4
Oct 2019,176.9,1332.2,2429.7,81.3,596.8,455.8,216.7,73.0,89.9,283.5,21848.8,29375.6,466.5,541.1,23.3,16.0,37.9,275.8,1996.8,171.9,2206.7,7804.8,8152.1,2863.9,288.2,3316.7,10.3,23843.0,18140.0,72.1,17561.0,31651.0,173.6,24889.0,2288.3,302.0,209.7,704.6,761.5,33108.1,1277.3,179.5,836.6,2562.0,53.8,68.5,144519.8,1071.4,15700.0,1215.3,417.1,3.2,1.9,46176.8,3157.4,227.4,16096.4,227.9,2393.2,839.8,690.0,1117.3,6558.2,7886.9,656.5,1549.4,734.4,822.9,89.0,86.8,446.9,41.6,10263.6,716.1,3935.5,3.1,254.4,1161.6,279.2,742.5,81.4,92.8,497.8,58.8,497.1,7128.9,1854.8,4492.3,20.3,31.0,482.7,4.2,1346.0,40.4,248.7,54.8
Sep 2019,161.3,1783.9,2504.0,82.8,583.3,441.8,317.6,206.0,89.8,283.0,21764.6,29354.1,498.2,525.8,22.2,15.9,43.1,289.5,1952.2,175.6,2127.3,7737.1,8277.3,2585.9,290.0,3778.0,11.3,22977.1,19083.0,86.4,19040.0,32047.0,166.3,21957.0,2325.7,294.4,230.0,736.7,720.5,31722.1,1250.4,183.2,838.3,4218.0,54.4,70.0,147207.1,1085.6,18820.0,1316.7,471.8,3.7,1.9,49948.1,3654.6,231.2,16968.8,222.0,2771.2,840.4,829.8,1178.3,6730.6,8015.1,679.7,2298.2,949.5,797.4,135.0,83.8,475.3,17.0,10437.1,541.0,4036.2,3.0,248.4,1618.7,309.2,772.7,76.1,97.7,481.7,61.7,496.7,7370.7,2158.1,4671.3,20.1,30.4,502.4,3.9,1376.0,40.5,265.2,54.8
Aug 2019,163.0,1433.2,2414.5,78.8,604.3,426.4,402.5,253.0,80.9,274.1,21018.2,33860.1,495.9,511.2,21.1,15.5,43.1,271.2,1667.8,169.8,2190.9,7429.6,8725.1,2612.4,297.3,3155.8,11.6,20863.7,18628.0,70.7,19180.0,33309.0,164.5,17540.0,2190.9,281.0,227.7,701.7,678.2,34260.3,1204.8,180.4,824.7,3868.0,48.4,52.6,134068.6,1044.3,15289.0,1312.4,459.7,3.7,1.9,46290.1,3043.0,234.7,14523.1,200.0,2492.1,862.3,833.2,1123.8,7117.4,7898.3,742.5,2441.7,821.9,771.0,129.0,80.0,494.1,13.2,10638.9,490.2,4056.2,2.9,230.9,1717.9,273.9,735.0,69.5,88.1,468.4,59.1,491.0,7068.7,2024.5,4731.6,18.4,26.1,516.5,3.1,1400.4,45.4,248.2,52.8
Jul 2019,150.2,1686.1,2497.8,82.0,622.2,425.1,417.5,177.0,74.6,277.0,21003.0,27119.8,485.2,511.9,24.6,16.9,46.9,269.2,1356.6,168.5,2248.5,7399.6,8522.3,2182.6,298.4,2886.8,11.7,19297.1,20189.0,418.3,19924.0,31770.0,168.4,15813.0,2082.4,275.6,253.3,734.2,491.5,32534.2,1193.5,172.3,812.3,2664.0,47.2,52.4,134881.0,1044.2,13654.0,1397.0,519.7,3.8,2.1,61324.4,2779.4,231.5,14041.4,185.4,2503.8,873.2,866.6,997.2,6831.4,7800.5,758.0,2267.0,703.5,779.3,83.0,80.1,430.0,13.8,10581.8,526.6,4253.6,2.2,230.3,1717.2,266.6,720.2,61.6,84.1,468.8,59.0,489.7,7352.1,1954.6,4627.6,20.5,23.1,512.2,3.0,1383.7,48.4,263.4,51.2
Jun 2019,161.2,2133.1,2529.1,72.0,641.4,433.3,440.1,345.0,81.9,280.7,20985.9,36864.7,516.7,505.1,30.2,18.0,42.1,269.8,1404.8,175.1,2269.3,7313.4,8753.3,2436.3,297.3,3276.4,10.0,19058.4,20031.0,4666.7,13912.0,27414.0,166.0,21378.0,2100.7,288.9,232.6,746.1,650.2,38834.8,1011.4,148.9,733.2,1694.0,47.5,72.8,126618.2,1042.1,12381.0,1407.3,759.8,4.3,2.5,56464.4,3154.7,234.3,15125.5,196.0,2465.6,857.3,904.1,1113.5,7013.9,8210.3,633.1,2415.3,1128.8,759.6,235.0,80.4,443.7,15.8,10709.9,733.3,4298.6,3.0,227.4,1719.9,279.6,698.9,63.1,81.0,462.3,50.6,489.7,7027.9,1824.6,4068.8,28.4,25.2,527.7,4.3,1421.1,46.5,245.3,51.3
May 2019,169.7,2191.2,2393.8,71.4,624.3,490.8,363.9,142.0,77.3,284.0,22696.2,31310.4,521.9,490.7,29.5,17.8,40.9,280.5,1583.2,156.8,2181.7,7078.7,8909.1,2620.6,297.5,2732.8,9.6,20146.2,16034.0,6023.3,14403.0,40142.0,171.4,24209.0,2041.2,277.5,240.6,777.8,680.6,32838.9,947.8,165.2,746.3,2578.0,45.2,58.8,112631.1,1064.8,14869.0,1376.4,899.8,3.8,2.6,49162.9,2633.3,219.8,14603.0,185.1,2281.5,965.5,866.7,1025.1,7219.0,7823.7,621.0,2300.0,842.3,756.5,57.0,71.1,429.2,17.1,10740.3,604.1,3993.4,2.7,233.6,1454.7,275.4,682.4,54.1,75.2,446.1,50.3,474.0,7204.3,1828.8,3752.0,26.2,30.1,473.1,3.5,1406.9,47.9,232.7,48.0
Apr 2019,177.4,2363.6,2432.8,69.1,627.6,394.6,292.1,146.0,79.7,296.7,21345.4,33759.0,503.7,464.8,28.9,17.5,42.2,280.0,1688.6,147.7,2051.4,6845.0,8503.2,2548.7,291.6,2643.0,7.4,21491.8,21861.0,5749.8,8941.0,23657.0,169.3,30825.0,1929.8,258.9,221.8,771.2,646.8,27297.0,933.5,141.1,710.2,3787.0,49.4,62.9,106382.7,991.5,22031.0,1285.6,997.1,3.6,2.5,39340.0,2399.9,204.9,14672.7,202.0,2100.5,934.3,807.5,849.8,6983.4,7871.5,489.3,2351.2,545.4,759.4,58.0,74.0,381.8,77.0,10205.2,442.7,4602.9,2.9,223.7,1314.4,261.6,670.2,62.4,73.0,427.3,49.1,473.6,7375.8,1784.2,3622.7,25.6,37.3,451.6,2.8,1363.1,49.3,230.7,46.5
Mar 2019,203.3,2406.9,2482.4,68.9,623.0,420.4,309.0,137.0,98.8,298.1,17971.1,46861.5,497.0,478.1,28.0,19.3,42.9,296.2,1728.5,155.8,1911.4,6977.6,8032.6,2305.6,288.0,3037.8,6.8,25436.0,31809.0,5131.6,8640.0,27921.0,174.9,33877.0,1962.1,273.6,272.4,735.7,661.1,25017.9,921.7,138.4,757.6,4970.0,50.1,71.0,114331.5,1047.2,32785.0,1188.6,991.2,5.0,2.4,62510.4,2806.8,213.5,14529.8,258.7,2295.3,1001.9,809.2,996.3,6615.2,7632.5,540.4,2581.7,794.8,790.2,100.0,70.5,422.4,352.6,9786.7,449.6,4416.6,3.1,224.7,1449.5,263.8,734.5,85.7,93.4,435.4,50.3,466.6,7639.3,1942.1,4386.9,24.5,40.4,523.2,3.4,1252.3,44.7,248.0,45.3
Feb 2019,128.9,1394.2,1751.2,60.8,600.4,325.8,269.5,166.5,72.9,306.4,10590.3,27364.2,417.1,394.6,24.7,15.1,32.8,212.2,1413.2,105.5,1691.0,5927.2,7479.0,1424.4,284.4,2101.1,3.4,20095.6,24145.5,4278.0,5497.0,47122.5,165.6,24767.0,1722.4,244.9,227.6,549.5,543.0,18421.7,737.8,114.8,631.3,3104.5,46.2,70.0,84755.8,846.4,19176.0,1196.6,464.6,4.1,1.6,43290.0,1890.8,218.1,11813.1,186.0,1807.2,793.2,646.8,670.9,6329.5,7111.0,478.5,2094.4,558.3,708.7,78.5,67.0,383.2,294.8,8572.8,328.8,3177.8,2.4,207.6,1083.6,300.0,690.4,61.5,69.8,355.2,46.8,451.4,5560.9,2484.6,3521.7,21.3,28.4,291.5,5.7,1143.2,44.3,201.0,42.6
Jan 2019,128.9,1394.2,1751.2,60.8,600.4,325.8,269.5,166.5,72.9,306.4,10590.3,27364.2,417.1,394.6,24.7,15.1,32.8,212.2,1413.2,105.5,1691.0,5927.2,7479.0,1424.4,284.4,2101.1,3.4,20095.6,24145.5,4278.0,5497.0,47122.5,165.6,24767.0,1722.4,244.9,227.6,549.5,543.0,18421.7,737.8,114.8,631.3,3104.5,46.2,70.0,84755.8,846.4,19176.0,1196.6,464.6,4.1,1.6,43290.0,1890.8,218.1,11813.1,186.0,1807.2,793.2,646.8,670.9,6329.5,7111.0,478.5,2094.4,558.3,708.7,78.5,67.0,383.2,294.8,8572.8,328.8,3177.8,2.4,207.6,1083.6,300.0,690.4,61.5,69.8,355.2,46.8,451.4,5560.9,2484.6,3521.7,21.3,28.4,291.5,5.7,1143.2,44.3,201.0,42.6
Dec 2018,162.2,1832.0,2306.0,69.7,620.9,444.5,208.9,458.0,103.0,299.4,18394.0,59580.2,455.3,464.0,24.6,20.7,47.6,262.1,2112.1,161.3,1907.7,6842.2,7612.1,2366.2,305.1,3011.0,7.2,22202.5,20091.0,5269.1,10251.0,25808.0,160.2,28822.0,2250.3,291.6,260.3,618.8,696.3,38245.4,950.1,144.0,807.6,2958.0,56.1,91.5,137470.9,1043.0,20801.0,1307.6,679.0,3.8,2.1,63751.5,2768.6,232.8,16843.4,252.6,2827.2,1642.3,904.3,1042.4,6320.1,7569.8,612.3,2157.4,808.6,760.1,287.0,83.9,533.5,361.7,9365.0,447.3,5098.1,2.5,234.4,1139.7,217.7,826.9,77.6,83.0,421.2,49.6,507.6,7231.6,1344.7,4430.2,26.7,35.9,398.2,9.6,1210.2,50.9,266.6,50.9
Nov 2018,150.7,1519.8,2283.7,72.0,622.3,410.6,189.1,309.0,104.2,283.9,20520.6,57048.7,480.0,445.0,24.2,20.1,48.2,257.5,2026.1,156.3,1857.1,6889.3,7762.1,1966.5,282.0,3264.8,6.8,22648.7,17892.0,4987.7,10427.0,23720.0,145.3,25232.0,2177.9,265.7,228.5,707.0,635.6,25589.9,905.0,152.8,757.1,1888.0,48.4,86.8,118980.1,979.7,16350.0,1213.4,681.5,3.8,1.9,67199.1,2979.9,212.4,17404.3,258.2,2347.2,1534.2,824.8,949.7,6372.6,7150.3,540.0,2192.6,872.6,715.4,237.0,76.8,500.9,136.5,9423.6,455.4,4670.7,3.0,223.4,962.1,234.9,763.1,85.4,82.9,398.4,50.8,471.3,7262.0,2228.1,4049.5,23.3,33.8,446.2,7.5,1315.5,47.5,272.8,52.0
Oct 2018,126.5,1356.8,2217.2,67.9,565.1,394.4,224.1,258.0,97.9,289.8,22043.2,50000.6,497.9,432.0,25.5,17.9,46.7,256.7,2078.3,138.8,1912.5,6882.2,8255.2,1811.1,271.5,3094.1,6.4,20766.7,16212.0,4726.8,8924.0,22617.0,160.8,21405.0,2303.4,254.0,226.9,685.4,662.0,26940.3,889.8,130.1,726.6,2151.0,46.0,77.2,114474.3,963.6,14271.0,1298.8,634.1,3.7,1.9,50409.8,2824.3,221.5,15448.5,237.0,2363.2,1035.8,784.3,831.4,6773.6,7361.9,519.3,1876.1,859.5,735.0,87.0,73.6,559.0,37.3,9802.4,748.0,4382.1,3.0,226.8,1079.3,291.9,745.0,81.4,83.0,386.3,52.9,452.2,7281.3,1824.6,3891.2,22.2,29.4,458.1,6.3,1331.2,46.2,284.0,50.1
Sep 2018,133.9,1608.3,2338.1,63.9,581.1,400.4,323.8,232.0,102.8,280.2,20780.6,47667.2,496.5,415.6,25.4,16.2,46.9,256.9,2033.8,151.8,1828.0,6692.7,8084.5,1916.1,278.5,3523.9,7.2,22337.4,19149.0,4478.3,9162.0,20795.0,161.0,19655.0,2257.5,264.8,231.1,721.0,652.1,27246.4,879.9,145.5,730.3,2682.0,44.7,82.2,122376.0,989.9,20698.0,1290.2,966.8,4.3,2.0,63084.5,3072.5,236.0,15771.1,242.6,2305.2,1023.1,912.0,816.2,6637.7,7267.1,541.3,2330.2,1162.5,721.8,140.0,76.4,510.5,14.6,9675.0,478.9,4434.4,3.8,220.0,1482.9,272.4,722.0,80.9,91.0,368.3,47.8,456.3,7369.0,2104.1,4310.1,23.3,29.2,452.0,5.8,1292.9,44.2,286.8,45.6
Aug 2018,132.2,1475.3,2390.8,64.1,559.4,437.6,440.7,197.0,88.3,274.7,20018.1,45236.7,453.0,442.4,22.8,18.3,45.5,251.0,1883.8,148.3,1806.8,6465.9,8032.6,1813.1,283.7,3377.6,7.8,19239.5,28018.0,4951.9,8580.0,23676.0,158.0,17524.0,2248.4,255.9,229.0,693.5,641.5,29189.1,861.8,146.8,741.4,4106.0,41.3,60.8,119460.5,1005.6,18574.0,1334.8,1137.9,4.2,2.0,64980.9,2762.3,235.8,14860.3,203.2,2628.7,1052.9,950.0,726.4,6665.5,7281.4,529.8,2469.2,845.6,706.4,127.0,74.9,474.0,6.3,9637.6,382.7,4425.5,3.5,208.9,1627.2,300.1,721.7,65.6,82.6,397.1,43.9,453.5,7386.8,2032.9,4097.3,21.2,26.5,434.2,4.9,1286.5,47.9,277.2,43.1
Jul 2018,134.4,1718.8,2522.6,70.6,580.6,413.8,460.6,83.0,90.4,259.4,19618.1,46553.4,458.7,451.1,24.6,17.1,44.9,251.0,1518.5,148.6,1742.9,6476.0,8124.1,1890.4,292.5,2892.6,6.8,20743.4,34379.0,4813.5,8200.0,29632.0,158.4,20958.0,2116.3,259.5,242.2,651.6,532.4,27358.2,834.4,150.9,724.9,3098.0,41.0,62.1,132129.6,999.3,14574.0,1342.8,1123.4,4.3,2.1,78786.3,2346.7,236.0,13518.4,206.4,2847.0,1047.7,955.3,741.2,6751.5,7293.0,538.0,2458.5,679.0,701.6,54.0,73.2,422.3,15.8,9569.1,526.0,4385.7,3.3,201.8,1609.4,255.8,691.2,64.1,78.8,402.5,45.3,462.4,7612.6,1930.7,4159.8,23.4,27.8,425.5,5.4,1284.1,52.6,288.6,43.9
Jun 2018,128.3,2079.8,2550.4,68.8,586.4,446.9,446.2,300.0,100.2,266.5,20009.5,50704.6,509.1,470.7,26.0,20.7,48.2,260.2,1415.3,157.2,1745.4,6550.2,8019.6,1898.1,283.3,3235.7,6.8,21755.7,33722.0,3037.2,8555.0,36842.0,146.4,24601.0,2159.2,243.0,271.9,713.0,538.5,33909.8,867.1,157.0,784.4,1733.0,40.2,83.6,116212.2,1013.5,15155.0,1320.2,1026.4,4.7,2.3,63575.6,2635.1,236.3,14109.3,233.9,2814.7,1046.1,987.0,847.2,6587.9,7395.1,590.8,2483.3,1319.7,679.5,221.0,77.6,447.3,15.1,9551.1,762.8,4595.0,4.7,205.4,1747.7,309.8,695.3,73.9,84.5,423.6,43.2,461.5,7738.0,1844.8,4129.2,27.6,30.9,446.8,5.6,1206.5,52.4,310.6,47.5
May 2018,162.2,2134.4,2377.7,68.3,600.8,434.4,397.1,211.0,103.9,284.4,21520.5,47670.9,499.8,438.4,25.7,21.9,49.7,293.9,1555.8,148.0,1774.4,6725.3,8112.7,2044.1,278.6,3002.5,6.7,24019.0,33583.0,2721.8,8443.0,33747.0,141.0,25618.0,2034.6,250.0,268.4,757.8,562.4,29446.1,831.4,156.2,742.0,1959.0,41.3,78.1,101685.8,1049.7,20726.0,1372.2,1086.4,5.2,2.5,52269.4,2518.9,225.0,13957.6,238.8,2767.8,1047.7,929.7,929.0,6688.6,7137.4,569.4,2244.4,1286.7,697.5,97.0,76.7,419.6,26.6,9707.0,611.2,4332.2,4.6,207.6,1495.4,255.1,677.4,72.7,84.2,396.3,46.8,455.3,7727.7,1893.5,4066.6,27.8,33.0,455.0,5.2,1213.1,49.7,294.5,45.7
Apr 2018,184.4,2143.2,2299.7,67.3,579.8,449.3,336.2,153.0,100.2,290.5,21072.2,46757.4,527.0,424.1,27.5,23.5,51.6,276.1,1584.9,153.2,1655.7,6746.8,7669.8,1889.3,277.1,2444.5,5.8,23296.2,38364.0,2296.1,9225.0,28414.0,152.2,25822.0,2044.6,271.9,340.5,752.6,618.3,29689.7,800.0,143.8,720.4,3175.0,38.1,78.6,100543.4,1068.2,24789.0,1281.8,1111.9,5.6,2.4,49099.9,2002.3,216.2,14366.7,245.0,3287.5,972.8,930.6,830.1,6310.6,7099.5,571.2,2262.9,555.2,707.2,63.0,77.8,442.0,79.9,9226.5,436.8,4446.9,4.4,207.8,1456.0,259.0,690.0,81.2,83.0,381.4,46.4,453.9,7746.0,1743.9,3897.0,26.5,35.3,462.0,5.7,1136.9,49.8,288.9,48.1
Mar 2018,171.3,2019.0,2224.8,63.8,562.9,465.0,336.2,211.0,103.7,296.1,15442.7,62463.2,498.9,403.9,29.5,24.4,51.5,291.4,1703.7,157.9,1691.1,6688.5,7398.0,1875.3,277.5,3254.6,5.6,25330.3,45586.0,2421.0,7090.0,29361.0,160.0,27302.0,2202.8,286.4,379.8,726.0,658.2,27160.8,796.5,149.6,735.4,7014.0,42.3,89.7,98873.2,1088.8,34470.0,1195.1,1158.8,5.0,2.8,51191.9,2813.9,208.9,15243.6,270.2,2868.2,1025.8,890.9,816.7,6045.5,6875.1,558.3,2393.7,1029.9,751.4,63.0,75.3,490.5,317.2,8976.5,364.2,4289.1,4.5,214.0,1531.2,239.2,711.2,95.0,117.0,361.6,49.8,455.4,7965.7,1820.2,4014.2,27.5,38.9,442.3,6.1,1121.7,46.0,295.8,46.9
Feb 2018,127.2,1401.2,1796.2,57.2,512.6,439.4,283.8,148.0,89.4,287.2,11128.2,48134.8,400.3,357.8,25.1,23.0,43.8,199.0,1358.2,121.0,1570.4,6173.2,6840.8,1328.4,266.6,2233.8,3.0,20820.8,36795.0,2071.8,5527.5,32068.5,140.6,17141.5,1854.6,257.4,379.6,591.4,550.3,24827.6,721.0,133.4,628.8,4441.0,42.2,97.0,71532.0,902.6,24914.0,1124.8,707.1,4.4,2.2,39044.9,1840.2,215.1,13165.8,220.9,2234.6,857.0,793.6,611.7,5665.6,6486.0,697.6,2075.4,643.4,660.0,47.5,74.0,411.6,285.9,7951.4,289.3,3731.1,3.8,216.2,1203.6,426.2,689.2,79.0,89.4,322.7,52.2,442.8,6380.0,2295.4,3360.6,25.2,26.6,267.8,11.2,1036.1,68.0,266.0,47.8
Jan 2018,127.2,1401.2,1796.2,57.2,512.6,439.4,283.8,148.0,89.4,287.2,11128.2,48134.8,400.3,357.8,25.1,23.0,43.8,199.0,1358.2,121.0,1570.4,6173.2,6840.8,1328.4,266.6,2233.8,3.0,20820.8,36795.0,2071.8,5527.5,32068.5,140.6,17141.5,1854.6,257.4,379.6,591.4,550.3,24827.6,721.0,133.4,628.8,4441.0,42.2,97.0,71532.0,902.6,24914.0,1124.8,707.1,4.4,2.2,39044.9,1840.2,215.1,13165.8,220.9,2234.6,857.0,793.6,611.7,5665.6,6486.0,697.6,2075.4,643.4,660.0,47.5,74.0,411.6,285.9,7951.4,289.3,3731.1,3.8,216.2,1203.6,426.2,689.2,79.0,89.4,322.7,52.2,442.8,6380.0,2295.4,3360.6,25.2,26.6,267.8,11.2,1036.1,68.0,266.0,47.8
Dec 2017,184.2,1574.2,2542.2,70.5,526.1,515.5,254.2,344.0,125.3,299.4,19144.1,68010.0,475.1,448.0,30.8,26.3,67.9,278.4,1881.9,165.5,1734.6,10922.4,6704.7,2295.8,271.4,3382.3,6.3,26318.9,39063.0,1822.5,10048.0,40342.0,160.3,23010.0,2567.3,293.3,322.3,660.4,713.6,43926.1,1089.9,150.3,989.1,5089.0,42.4,127.1,117894.7,1067.8,37363.0,1059.6,1006.0,5.8,2.9,71399.7,2803.9,254.5,18630.9,305.4,2995.6,1130.5,1288.0,931.7,5472.3,6062.2,706.7,2236.3,1191.0,752.2,271.0,86.5,629.2,356.9,8778.9,442.4,5802.0,9.3,232.9,1341.0,334.9,795.9,105.9,125.8,411.5,52.8,472.4,7763.2,1785.9,4995.0,36.4,32.7,445.2,16.1,1103.8,73.5,377.6,57.6
Nov 2017,172.3,1460.1,2696.5,72.0,486.2,529.3,235.8,276.0,126.8,284.6,22051.3,68644.4,524.1,442.7,29.7,27.4,63.4,297.2,1800.3,181.7,1686.1,10965.8,6615.1,2170.7,235.0,3662.7,6.2,27138.6,37854.0,2127.3,8608.0,28810.0,154.8,19868.0,2646.9,307.4,308.2,782.2,682.7,40630.7,952.8,136.2,974.5,2542.0,42.4,120.4,109137.1,1055.3,25426.0,1061.1,1133.1,6.3,2.9,66447.5,2937.6,252.0,18982.5,310.7,3290.5,982.4,1031.2,871.6,5488.3,6092.7,709.5,2321.4,946.2,728.5,178.0,78.6,597.7,131.4,8685.2,574.9,5693.5,11.4,241.8,1230.4,291.8,774.1,109.3,123.9,405.4,60.3,432.4,7933.4,2265.3,5500.9,32.3,32.5,494.9,10.1,1057.6,68.6,381.5,60.3
Oct 2017,150.5,1347.3,2550.8,69.5,541.6,541.6,292.5,302.0,104.8,278.9,21989.6,80699.7,542.7,450.3,29.0,30.2,63.9,267.9,1749.0,174.6,1792.0,12007.4,7236.2,1868.4,254.6,3361.2,5.7,23647.4,36456.0,1919.6,7634.0,33842.0,160.5,16092.0,2751.9,304.1,318.8,813.2,658.3,42270.3,1042.0,134.3,890.9,2521.0,41.6,118.7,104668.6,1089.9,44073.0,1177.8,1142.1,6.7,2.9,52407.8,2696.0,266.4,18042.3,260.1,3086.7,975.9,855.6,776.9,6001.5,6423.5,700.4,2353.7,1033.4,731.3,120.0,78.1,573.0,32.9,9178.5,739.9,5478.5,10.8,239.5,1320.7,286.1,760.0,88.7,118.8,411.5,57.3,445.9,7950.7,1856.8,5401.5,30.6,29.9,493.4,9.1,1186.1,66.5,379.8,57.7
Sep 2017,159.6,1525.4,2609.5,71.6,604.9,543.3,408.4,264.0,119.0,282.9,22139.7,82825.4,564.7,441.0,27.9,29.4,63.2,291.3,1756.7,180.8,1826.5,11912.6,7182.7,2118.6,260.6,3737.8,6.4,24873.5,40233.0,2005.2,9626.0,41399.0,156.9,15238.0,2796.3,316.7,314.6,846.6,718.7,42098.2,1161.9,139.6,917.1,3965.0,42.7,125.0,111398.9,1094.5,51909.0,1113.2,1197.7,6.8,2.9,40767.0,3096.6,287.4,19000.2,291.8,3225.7,1017.9,1374.5,907.2,5959.9,6323.9,726.8,2594.5,1184.0,764.3,116.0,77.4,607.8,21.4,9356.4,497.0,5493.3,10.0,227.9,1751.4,352.9,779.5,92.8,115.6,401.4,50.4,444.1,8174.5,2319.8,5503.8,31.9,36.4,583.0,9.8,1195.7,67.7,373.7,53.7
Aug 2017,169.6,1462.8,2661.9,71.5,586.4,555.5,505.2,198.0,89.2,270.7,21184.8,82706.3,568.5,435.0,26.4,28.9,62.0,307.3,1545.7,180.1,1859.4,11549.1,7459.4,1946.8,264.0,3434.2,6.4,20621.9,43164.0,2511.8,10049.0,40713.0,159.9,14111.0,2605.7,291.6,295.7,858.0,630.4,42762.0,1041.1,151.7,807.6,6071.0,40.1,101.1,94284.5,1050.0,38335.0,1233.6,1352.9,6.8,2.6,54032.4,2961.9,265.4,16284.1,213.4,3392.8,1012.4,1371.3,812.4,6260.8,6525.8,710.0,2562.7,774.4,733.2,152.0,74.9,575.5,18.8,9676.3,454.2,5357.9,9.1,216.2,1903.3,298.8,774.2,70.4,105.2,394.8,48.4,442.0,8205.2,2000.7,5306.3,30.2,24.7,598.1,8.9,1170.8,70.6,365.0,49.4
Jul 2017,171.2,1665.4,2580.5,72.1,602.8,558.4,515.5,170.0,86.6,280.6,21283.4,82910.4,549.1,448.5,30.5,30.5,63.1,320.9,1273.5,177.3,1865.3,11466.4,7402.1,1842.7,268.6,2977.9,6.1,19945.7,40561.0,2493.2,10005.0,45757.0,148.3,14651.0,2520.0,294.0,288.9,851.1,598.0,40624.6,1079.4,133.3,809.0,3528.0,43.2,100.4,93567.6,1057.3,35651.0,1178.2,1156.1,6.3,2.8,49854.1,2504.9,258.7,16356.8,207.3,2881.1,1072.3,1258.5,771.2,6207.4,6661.6,689.5,2417.4,895.4,714.0,121.0,73.3,524.6,15.3,9667.0,568.5,5375.2,7.4,221.7,1902.1,390.5,732.3,66.6,101.9,410.1,50.8,447.2,8279.6,1858.9,5206.7,31.1,24.4,601.8,7.7,1180.1,72.6,371.7,47.6
Jun 2017,188.5,1917.5,2658.6,79.1,631.5,588.4,509.2,398.0,90.5,288.7,22080.9,103198.4,601.3,478.3,34.9,35.4,66.3,348.3,1311.2,198.8,1885.1,12469.3,7323.1,2016.3,293.1,3358.2,6.8,20282.1,39012.0,2815.6,9851.0,50951.0,135.2,14730.0,2658.1,312.9,313.1,871.3,635.1,41321.6,1112.4,145.0,805.0,2759.0,43.7,127.3,105986.9,1122.9,47185.0,1159.4,1175.5,7.4,3.1,53654.6,2896.9,290.1,17303.4,225.0,3355.5,1072.6,1447.4,987.1,6167.8,7077.8,748.1,2491.9,1614.6,736.1,180.0,76.8,656.2,19.9,9756.9,866.8,5801.2,9.5,229.7,2024.8,365.3,814.6,71.8,125.7,439.7,52.9,485.2,8964.3,1947.1,5316.2,36.2,26.7,616.4,8.7,1210.2,73.3,388.1,54.4
May 2017,166.8,1870.6,2638.4,72.8,644.3,548.3,430.5,73.0,85.5,294.2,22845.8,97105.3,591.1,444.6,30.4,32.5,62.9,352.4,1201.1,185.8,1824.1,10748.1,7225.9,1727.3,282.5,2829.5,6.6,21107.9,41096.0,2823.1,9064.0,47882.0,148.1,16675.0,2493.6,289.4,314.4,848.5,586.7,37509.1,1024.9,136.2,771.9,2795.0,40.6,110.2,86001.8,1096.3,39478.0,1174.6,850.6,7.0,3.0,41280.0,2402.3,253.0,14929.4,218.2,3206.8,980.9,1332.5,836.8,6173.3,7305.5,674.6,2353.9,1167.9,711.4,122.0,72.7,573.7,32.1,9578.2,670.7,5736.0,9.4,215.5,1651.1,363.4,743.1,70.1,114.3,407.6,49.7,457.7,8703.3,1703.8,4959.5,31.9,27.5,557.9,7.3,1190.9,64.4,357.8,48.1
Apr 2017,172.1,1950.2,2434.6,71.6,640.3,517.6,355.4,173.0,86.0,308.9,22112.8,104195.3,569.0,435.5,31.7,33.3,60.2,315.8,1273.9,177.7,1779.2,10337.2,7277.7,1705.2,276.6,2598.8,5.9,20549.2,45508.0,2307.7,8753.0,36538.0,149.6,18676.0,2341.7,293.1,292.6,834.4,627.4,36371.4,959.2,129.4,775.5,3780.0,41.2,107.0,73510.7,1095.4,43129.0,1180.0,753.5,7.2,2.7,49156.0,2265.4,233.8,15214.9,220.9,3109.4,982.9,1229.4,832.5,6257.7,6832.1,647.2,2303.4,1157.3,708.4,107.0,72.4,554.9,69.7,9489.8,430.9,5681.9,10.2,224.8,1570.2,353.1,749.1,71.7,112.1,399.4,45.4,451.0,8186.5,1631.2,4703.0,31.8,30.2,559.3,6.7,1199.2,62.1,344.5,47.4
Mar 2017,195.9,1887.5,2530.4,73.8,631.2,530.8,360.9,214.0,105.7,310.3,20162.4,117184.9,605.2,441.5,31.7,33.0,60.6,320.7,1465.1,193.6,1672.4,11361.0,7199.5,1753.5,270.7,3220.8,6.0,23796.5,45299.0,2220.5,9163.0,39653.0,158.8,19292.0,2451.5,305.3,304.4,924.1,754.3,37052.8,843.1,136.3,810.0,8286.0,44.7,121.4,75665.9,1112.5,67569.0,1251.3,1411.6,6.9,2.8,46446.2,2818.6,246.9,17379.6,269.5,2929.2,981.6,1392.3,855.5,6199.9,6989.1,671.0,2565.9,1166.0,752.0,152.0,76.4,585.5,248.9,9676.4,379.6,5759.5,12.0,217.4,1807.0,491.4,776.8,89.4,118.0,402.1,46.4,457.3,8536.0,1871.9,4481.7,35.0,35.3,583.5,8.4,1172.1,74.8,352.0,50.4
Feb 2017,174.2,1225.6,1863.6,60.9,587.2,424.4,304.8,102.0,94.2,281.5,12004.0,64381.3,524.0,378.0,25.6,28.4,47.8,262.2,1065.2,137.0,1401.2,9207.9,6438.4,1015.8,274.2,2133.7,2.9,21089.4,41180.0,2158.2,6788.5,25024.5,151.5,11190.5,2129.8,257.8,304.2,672.0,585.7,27490.4,719.4,100.4,694.0,4594.5,41.8,110.6,57242.8,955.8,43454.0,1171.5,727.2,8.4,2.3,32742.2,1856.4,295.8,15302.6,229.5,2317.6,725.0,1131.4,575.4,5677.2,6469.7,577.6,2096.4,718.6,689.8,60.5,68.6,576.6,272.4,8327.6,320.2,4698.1,9.5,224.2,1372.4,544.2,736.4,77.6,117.6,340.5,43.9,445.8,7061.8,2102.3,3908.1,30.6,25.4,449.2,8.3,976.4,66.8,303.7,49.1
Jan 2017,174.2,1225.6,1863.6,60.9,587.2,424.4,304.8,102.0,94.2,281.5,12004.0,64381.3,524.0,378.0,25.6,28.4,47.8,262.2,1065.2,137.0,1401.2,9207.9,6438.4,1015.8,274.2,2133.7,2.9,21089.4,41180.0,2158.2,6788.5,25024.5,151.5,11190.5,2129.8,257.8,304.2,672.0,585.7,27490.4,719.4,100.4,694.0,4594.5,41.8,110.6,57242.8,955.8,43454.0,1171.5,727.2,8.4,2.3,32742.2,1856.4,295.8,15302.6,229.5,2317.6,725.0,1131.4,575.4,5677.2,6469.7,577.6,2096.4,718.6,689.8,60.5,68.6,576.6,272.4,8327.6,320.2,4698.1,9.5,224.2,1372.4,544.2,736.4,77.6,117.6,340.5,43.9,445.8,7061.8,2102.3,3908.1,30.6,25.4,449.2,8.3,976.4,66.8,303.7,49.1
Dec 2016,210.5,1462.2,2618.3,70.6,561.4,513.8,274.2,326.0,124.2,298.1,19978.9,66982.6,580.3,451.1,28.4,32.9,69.6,357.5,1751.3,199.9,1647.8,11938.6,6721.9,1811.2,289.1,3202.9,5.9,23281.9,38778.0,2308.5,10476.0,52465.0,152.4,11920.0,2704.4,296.9,360.5,711.5,717.5,48430.1,1014.5,140.4,879.8,3246.0,41.4,145.1,84414.3,1111.6,49308.0,1182.4,935.9,6.8,2.9,60281.6,2798.7,279.8,24641.7,298.2,3278.7,997.8,1429.4,800.7,5746.9,6362.9,731.3,2302.4,1413.4,741.4,197.0,75.6,727.3,341.0,9571.1,384.0,6667.8,12.7,231.0,1452.1,400.4,798.0,101.4,125.6,414.8,47.9,473.0,8602.2,2010.6,4982.3,36.3,30.6,538.1,13.3,1100.8,57.1,380.8,53.5
Nov 2016,199.7,1195.0,2601.7,65.5,587.5,510.9,252.9,304.0,128.1,291.9,21350.8,65060.5,593.9,434.3,27.9,32.9,66.5,340.0,1642.7,195.2,1723.0,11667.9,6629.0,2025.9,280.0,3346.7,6.0,23766.9,37963.0,3001.9,9593.0,60483.0,145.3,10774.0,2712.9,313.3,351.1,769.7,761.8,44544.8,854.0,125.2,866.4,2602.0,36.2,135.2,83960.5,1081.7,38924.0,1091.4,954.0,7.1,2.9,52384.6,2963.7,269.8,23583.1,300.0,2952.0,928.7,1391.5,653.7,5722.8,6345.9,704.7,2182.6,1427.0,725.7,120.0,72.0,675.4,117.7,9540.4,526.0,6041.1,12.6,230.9,1360.5,369.8,762.5,100.8,112.7,399.2,46.8,458.5,8192.6,2154.9,4950.6,32.8,29.3,624.5,12.3,1159.8,53.6,404.2,56.2
Oct 2016,178.5,1161.3,2463.2,63.8,536.7,498.6,300.6,302.0,102.7,285.9,22783.3,54985.3,614.2,423.5,28.0,30.0,65.6,321.7,1561.7,181.7,1798.9,11928.9,6850.8,1631.6,272.7,3142.2,5.3,18868.9,33855.0,2200.7,9222.0,45098.0,146.6,9286.0,2636.3,305.1,334.4,742.9,633.6,43109.6,861.2,119.5,818.7,2980.0,39.0,117.8,78935.6,1070.1,42820.0,1171.6,927.5,6.9,2.7,48715.1,2811.8,265.4,22385.2,240.9,2764.1,852.0,1334.1,567.9,5875.9,6449.5,671.8,2040.1,1107.9,722.9,89.0,73.7,636.6,32.4,9767.9,739.4,5437.6,12.5,225.5,1337.0,304.4,760.2,77.4,110.6,388.3,49.6,454.8,7831.9,1916.9,4793.9,29.6,23.9,628.1,10.2,1183.8,56.7,389.4,55.5
Sep 2016,175.4,1235.1,2480.4,63.7,518.3,506.2,409.6,291.0,113.0,264.7,22392.7,72287.4,611.5,389.0,27.2,30.5,61.7,326.4,1703.0,180.8,1717.0,11892.7,6817.0,1733.7,275.1,3317.4,5.6,19742.0,32365.0,2667.2,9337.0,36158.0,132.3,8795.0,2723.2,313.9,321.6,804.5,670.6,42189.5,896.1,116.3,784.3,7236.0,35.8,123.6,79818.7,1018.6,55164.0,1103.7,845.1,7.3,2.8,47375.8,2941.8,270.7,19878.1,257.6,3032.8,813.7,1348.0,544.4,5931.7,6297.0,683.7,2183.1,1529.5,665.0,104.0,72.5,615.1,12.5,9809.3,477.3,5384.8,12.2,216.8,1627.3,401.9,730.5,82.7,112.3,355.2,50.7,452.0,8151.9,2101.8,4772.8,30.5,25.1,635.2,12.5,1261.8,56.2,375.4,55.1
Aug 2016,163.9,1206.1,2379.8,59.4,506.1,495.3,517.2,241.0,90.1,258.5,21771.9,74164.6,608.1,398.4,26.4,29.7,60.0,312.5,1585.7,171.9,1745.8,11506.9,6857.1,1741.2,271.3,2680.6,5.9,16774.6,31515.0,2263.5,9071.0,32479.0,138.7,7518.0,2543.5,294.6,295.9,754.3,627.6,40301.0,888.4,114.9,736.4,7416.0,35.1,97.4,73717.9,988.0,40749.0,1150.0,835.4,7.1,2.9,40919.0,2317.8,255.1,18129.8,204.0,3007.8,786.0,1259.4,569.6,6019.3,6200.9,652.3,2132.4,899.2,663.9,63.0,74.3,549.7,6.6,9790.6,463.3,5343.9,10.1,207.9,1793.4,340.9,715.4,62.5,102.1,364.1,47.7,445.2,8011.3,1983.7,4528.3,28.6,22.2,639.9,9.9,1227.0,60.6,355.8,51.7
Jul 2016,171.4,1326.5,2317.5,63.6,504.4,478.2,507.9,207.0,89.4,267.7,21410.2,76997.4,601.2,426.5,26.7,31.0,61.0,310.5,1294.0,175.8,1747.4,11574.3,6680.7,1786.7,265.9,2318.0,5.5,15954.7,30323.0,2552.8,8647.0,36822.0,146.1,8215.0,2430.3,309.6,284.0,794.9,584.0,39349.9,859.5,113.8,715.5,5969.0,36.9,96.5,64008.3,1009.7,36237.0,1059.6,931.8,6.1,2.7,44625.3,1975.9,255.6,17924.9,197.8,3075.9,731.9,1139.3,570.1,5780.7,6377.1,670.0,2032.5,1142.2,681.0,114.0,72.2,510.2,11.0,9593.6,547.6,5462.4,10.0,207.6,1726.0,291.0,714.3,58.9,101.2,391.1,47.3,438.6,8286.4,1920.0,4450.8,29.0,19.8,604.1,8.1,1195.6,58.7,358.1,50.6
Jun 2016,182.2,1656.9,2462.9,72.9,505.7,526.8,480.7,374.0,92.1,282.1,22277.6,92017.0,612.4,466.3,30.8,33.5,63.5,341.8,1349.8,202.0,1795.0,12106.4,6946.9,1867.7,268.6,2712.0,6.2,17172.4,30873.0,2785.5,9021.0,44891.0,139.0,8278.0,2576.9,328.1,312.9,901.7,639.4,41493.2,933.8,117.2,698.7,3977.0,36.9,116.0,59872.7,1044.0,46812.0,1043.9,1069.7,6.8,2.8,42398.6,2384.6,299.8,18733.9,211.3,2717.4,720.5,1210.9,754.1,5974.4,6527.5,727.1,2140.0,1593.3,682.3,204.0,68.6,610.2,16.4,10071.5,826.6,5943.5,10.2,218.9,1794.4,439.7,731.5,61.7,118.7,432.4,48.0,442.5,8838.4,1949.3,4434.8,33.2,22.5,640.9,10.2,1314.7,59.9,371.6,54.1
May 2016,166.9,1432.3,2372.7,61.6,495.4,493.3,425.1,253.0,90.3,280.3,22660.5,81258.4,625.0,431.4,29.4,32.0,59.5,328.7,1272.3,179.7,1768.3,10754.1,7050.4,1720.6,267.5,2620.8,5.8,16995.3,32574.0,3378.2,8998.0,30057.0,150.3,10211.0,2385.0,310.6,283.8,855.2,585.4,36900.3,1104.7,110.1,707.3,4433.0,34.7,105.5,54274.8,1031.5,40498.0,1072.9,890.8,6.1,2.7,40979.9,2281.6,242.9,15832.4,208.7,2883.3,692.6,1136.1,698.1,6064.9,6596.3,651.3,2053.4,1491.9,685.8,96.0,68.0,523.1,22.4,9946.1,583.5,5490.1,10.5,212.9,1441.0,300.4,732.9,60.4,113.5,400.2,47.6,436.4,8675.4,1843.4,4200.0,29.2,24.3,627.2,8.1,1321.0,60.0,343.5,53.3
Apr 2016,188.4,1582.9,2140.8,61.8,486.5,479.9,357.8,263.0,93.7,276.0,21626.3,87675.2,617.0,429.6,29.4,32.0,58.8,312.3,1423.4,167.6,1739.6,10256.7,6942.1,1602.0,256.9,2445.1,4.6,18650.7,39164.0,3364.1,8472.0,25066.0,146.8,11513.0,2221.3,297.3,272.0,873.3,607.1,36977.6,845.6,103.4,719.0,7478.0,34.1,101.8,49771.9,1028.0,52980.0,1036.7,689.1,6.7,2.6,41415.5,2091.9,233.4,15460.3,220.2,2636.6,556.1,1111.8,587.0,5842.0,6234.9,636.6,2117.3,792.4,665.9,85.0,69.4,506.9,58.3,9667.6,393.1,5423.0,11.2,219.6,1488.6,317.9,728.7,64.4,105.5,397.1,42.2,424.5,8172.8,1706.7,4195.3,28.4,27.5,601.8,7.6,1269.2,60.2,336.0,50.4
Mar 2016,209.0,1639.1,2316.4,58.9,478.7,478.9,384.3,422.0,109.2,285.5,20138.6,83047.1,688.8,424.8,29.5,32.9,59.1,316.7,1579.0,170.8,1771.9,9815.8,7065.3,1602.1,261.8,2933.8,4.8,21317.4,56873.0,3551.6,7818.0,22902.0,161.5,10740.0,2270.0,303.9,281.9,867.1,727.0,38858.0,847.8,104.8,739.6,7916.0,34.8,119.0,44364.6,1060.0,79283.0,1106.2,1112.4,6.7,2.5,49725.3,2513.7,236.4,15051.6,255.4,2456.8,489.8,1254.6,649.5,6019.9,6471.9,642.6,2293.3,1206.3,688.5,121.0,70.4,577.3,276.2,9922.5,351.1,5539.0,13.2,208.7,1743.9,391.7,744.7,72.0,122.6,391.3,41.1,431.1,8208.6,1812.4,4388.8,30.6,31.7,640.5,10.1,1241.9,46.1,338.5,50.2
Feb 2016,157.7,1052.2,1769.6,48.2,450.8,402.0,315.8,243.5,88.0,240.4,11937.4,56944.6,566.4,350.9,25.2,29.0,46.1,254.9,1125.0,120.7,1396.6,8093.8,6053.4,1004.0,227.4,2188.5,2.2,16388.2,57418.0,3020.6,5649.0,17704.5,161.8,7179.0,1922.7,252.8,272.4,592.4,559.8,33883.6,857.9,80.3,607.8,4738.0,30.6,108.2,53963.8,865.6,41861.0,1013.0,428.7,5.0,1.6,34095.9,1843.4,211.8,14487.4,206.3,1790.9,349.8,939.1,453.4,5269.6,6011.4,508.2,1948.5,756.8,622.5,45.0,64.2,472.8,266.2,8114.0,242.6,4646.7,10.2,203.8,1232.6,332.8,700.9,61.6,116.1,319.6,39.2,380.6,6009.2,2218.6,3064.1,25.4,20.4,466.8,8.2,954.7,56.0,284.6,47.2
Jan 2016,157.7,1052.2,1769.6,48.2,450.8,402.0,315.8,243.5,88.0,240.4,11937.4,56944.6,566.4,350.9,25.2,29.0,46.1,254.9,1125.0,120.7,1396.6,8093.8,6053.4,1004.0,227.4,2188.5,2.2,16388.2,57418.0,3020.6,5649.0,17704.5,161.8,7179.0,1922.7,252.8,272.4,592.4,559.8,33883.6,857.9,80.3,607.8,4738.0,30.6,108.2,53963.8,865.6,41861.0,1013.0,428.7,5.0,1.6,34095.9,1843.4,211.8,14487.4,206.3,1790.9,349.8,939.1,453.4,5269.6,6011.4,508.2,1948.5,756.8,622.5,45.0,64.2,472.8,266.2,8114.0,242.6,4646.7,10.2,203.8,1232.6,332.8,700.9,61.6,116.1,319.6,39.2,380.6,6009.2,2218.6,3064.1,25.4,20.4,466.8,8.2,954.7,56.0,284.6,47.2
Dec 2015,216.5,1286.4,2443.0,61.9,500.2,495.2,250.3,390.0,121.4,252.8,19797.5,62176.8,649.8,445.3,29.6,35.8,66.0,359.9,1666.6,192.4,1755.8,11967.2,6437.2,1759.0,253.1,3396.0,4.8,19626.7,43582.0,3111.0,10184.0,30925.0,154.0,7271.0,2643.3,307.9,349.8,653.0,662.9,44258.6,1327.6,112.7,746.8,4148.0,31.4,137.9,59120.5,1026.1,46882.0,976.2,895.0,6.3,2.4,72988.6,2941.4,251.1,20247.2,263.3,3509.6,550.7,1238.1,593.8,5333.1,5698.9,739.8,2104.7,1032.7,702.0,343.0,77.2,705.0,344.6,9528.1,341.6,6402.4,12.1,223.1,1376.4,531.5,759.5,74.8,126.1,412.4,44.4,423.0,7604.9,1913.6,4297.8,33.2,24.8,649.1,12.9,1210.4,62.5,387.2,48.6
Nov 2015,178.5,1072.1,2459.4,58.1,479.8,474.0,265.6,350.0,119.7,259.6,20494.3,59178.9,662.8,465.1,26.4,34.3,64.6,343.0,1565.0,185.7,1727.0,11753.3,6331.7,1623.4,268.3,3386.8,4.9,19609.5,46356.0,3802.0,9387.0,32861.0,146.1,6675.0,2535.0,316.2,347.7,660.8,637.5,41893.8,1106.6,101.8,740.5,2798.0,34.1,128.5,56313.1,1034.0,46139.0,974.5,700.7,5.8,2.6,61988.5,2941.8,241.5,19049.0,255.0,3642.4,523.2,1312.0,586.7,5367.1,6069.2,686.3,1959.8,1117.3,674.9,273.0,74.0,651.9,101.6,9396.2,502.7,5683.4,12.8,219.0,1296.8,349.8,756.5,68.9,118.0,430.2,42.2,443.9,7741.0,2439.3,4237.5,30.4,23.9,634.8,11.5,1168.9,57.9,378.0,53.7
Oct 2015,179.4,1005.6,2287.8,57.2,473.2,457.3,311.1,248.0,103.2,253.5,22498.9,60551.1,650.6,445.3,28.1,30.2,62.7,295.4,1430.8,178.0,1776.6,12534.8,6612.4,1416.8,267.7,3313.0,4.5,17202.0,46914.0,3003.0,8254.0,29488.0,156.6,5708.0,2565.4,303.9,339.3,630.5,612.5,41459.9,1157.1,93.9,741.7,4025.0,32.4,116.9,50189.5,999.3,48956.0,1041.7,726.4,5.6,2.6,47514.9,2907.0,246.6,17578.1,219.4,3217.6,454.2,1275.6,548.6,5631.2,5873.6,677.0,1839.0,1017.8,681.7,180.0,69.5,623.2,28.8,9426.9,817.5,5283.6,12.4,219.6,1258.1,407.5,756.1,58.9,112.0,411.6,43.9,435.5,7549.4,2160.3,4067.0,26.5,21.9,644.4,11.8,1190.4,59.5,363.1,52.7
Sep 2015,183.5,1072.4,2329.3,55.2,474.2,461.8,401.5,336.0,86.9,241.8,21764.0,58240.2,654.7,431.1,29.5,29.6,62.4,310.8,1792.2,169.4,1782.4,13156.4,6611.8,1569.1,271.6,3414.3,4.7,15924.6,42014.0,2914.2,9289.0,27836.0,154.6,6557.0,2576.8,331.1,330.1,693.8,741.3,41097.5,1142.2,98.8,713.7,8748.0,31.4,122.2,52074.7,1013.9,54687.0,995.8,851.1,6.0,2.5,58713.3,2972.1,254.4,16262.0,195.1,3269.2,508.0,1188.2,517.6,5659.3,6059.8,676.3,2001.2,1152.8,680.4,134.0,67.9,597.6,10.3,9468.6,483.6,5299.9,11.8,213.8,1515.4,419.7,772.1,53.8,113.4,397.5,43.9,437.5,7758.0,2546.3,3947.8,27.0,21.3,655.8,12.3,1238.8,56.7,359.8,53.6
Aug 2015,161.4,1053.1,2308.9,47.3,487.6,453.6,509.6,416.0,72.9,240.8,21499.4,71845.8,711.9,391.2,28.9,30.0,59.3,320.8,1537.3,156.2,1752.1,12381.4,6694.4,1429.1,274.8,2694.5,4.7,14038.8,38121.0,2472.1,9161.0,28872.0,151.0,5584.0,2442.0,328.0,306.7,719.1,611.1,39091.7,1147.4,95.2,740.2,10625.0,31.7,93.6,49077.2,988.7,42501.0,1032.8,873.8,6.1,2.4,48613.1,2341.9,236.9,13757.5,162.8,3163.4,514.3,1188.6,464.3,5760.6,5722.4,643.0,2165.9,761.9,655.7,124.0,66.3,523.7,14.2,9449.1,455.8,5055.2,10.4,213.7,1711.3,360.2,790.0,46.5,103.8,359.6,42.6,440.6,8140.2,2096.9,3691.7,23.3,18.1,613.9,9.8,1268.7,63.9,341.6,53.0
Jul 2015,161.6,1213.6,2527.6,47.9,465.2,444.2,523.9,352.0,70.8,246.0,21192.6,74007.7,635.8,388.7,30.7,30.6,60.9,305.8,1210.4,157.3,1651.5,12619.0,6583.6,1423.5,272.1,2422.8,4.4,13355.9,34288.0,1969.4,9250.0,29110.0,145.6,6308.0,2381.7,311.5,305.7,776.8,558.2,37641.8,1023.3,97.2,708.3,9396.0,32.1,94.7,45799.0,985.7,36616.0,1001.5,974.3,6.0,2.5,51824.8,2042.9,227.8,14205.5,156.2,3122.6,523.3,1251.8,441.2,5732.5,5925.8,663.9,2172.9,847.3,626.6,96.0,66.4,530.8,9.8,9230.2,557.2,5035.6,10.4,215.9,1701.5,362.6,728.2,42.4,97.4,359.0,40.1,435.7,8116.6,2048.3,3615.2,29.5,17.1,595.2,8.4,1223.0,63.3,341.3,50.6
Jun 2015,188.5,1660.4,2621.8,53.4,480.8,472.2,514.9,428.0,92.5,254.2,21775.6,82690.3,661.8,419.9,29.0,30.7,64.4,337.8,1211.7,173.4,1742.4,12848.1,6894.6,1662.2,275.6,3113.7,4.9,16322.6,30433.0,2029.2,8743.0,34426.0,142.9,6698.0,2436.2,343.4,327.4,948.1,585.3,41527.5,1183.2,95.8,727.8,7235.0,38.2,113.6,46863.1,1032.7,48857.0,1045.5,1135.9,6.7,2.7,64296.6,2702.4,248.8,13901.4,194.9,3008.9,500.2,1351.8,482.4,5903.9,6735.7,684.6,2210.3,1166.0,665.3,211.0,69.3,610.2,16.6,9842.7,848.3,5553.8,11.0,211.6,1721.3,477.1,758.8,49.3,110.7,389.2,44.4,453.7,8493.9,2075.9,3586.1,30.1,20.7,605.0,9.6,1291.1,61.7,356.3,55.8
May 2015,186.9,1676.9,2427.7,53.8,465.4,444.2,483.9,143.0,91.7,257.5,22043.6,76280.7,638.5,412.6,27.5,29.0,59.1,344.7,1180.0,162.7,1764.7,11766.2,6995.3,1310.5,266.6,2760.7,4.2,16066.0,37791.0,2294.5,9196.0,29751.0,129.4,9243.0,2204.4,312.5,305.7,956.8,531.4,33898.1,1046.6,92.5,723.9,9014.0,35.7,101.3,43243.0,1006.2,51034.0,1041.9,1145.9,6.6,2.6,47814.5,2403.5,228.6,12762.2,198.4,2995.1,479.8,1150.4,408.1,6096.2,7210.0,617.9,2162.4,904.1,608.4,166.0,65.2,508.7,32.3,9847.9,669.0,5063.8,11.4,210.3,1555.8,370.2,717.3,47.0,102.3,380.6,42.5,433.7,8426.3,1972.1,3452.3,26.9,23.0,568.5,7.1,1333.5,61.4,330.6,53.1
Apr 2015,214.2,1798.0,2378.6,53.4,477.9,428.0,399.9,128.0,96.6,251.0,20865.1,77531.4,631.5,400.4,24.8,29.6,58.2,346.0,1401.1,164.0,1725.6,10409.5,6891.0,1159.4,258.6,2831.9,3.9,17202.7,37698.0,2727.7,7793.0,27845.0,123.0,10793.0,2065.2,285.4,280.0,949.9,616.2,38738.9,824.0,89.4,711.9,9518.0,33.2,98.9,43444.9,1010.4,71755.0,993.3,1239.2,7.0,2.4,48903.1,2381.8,213.9,12799.2,209.6,2950.9,476.8,1099.0,404.3,5948.6,6142.2,597.9,2193.4,992.0,602.0,108.0,60.7,453.7,79.0,9641.2,400.8,5958.6,11.9,217.3,1539.5,435.6,746.7,47.0,106.2,367.3,43.3,416.8,8153.3,1920.7,3500.8,29.9,26.5,585.2,7.4,1334.7,62.5,320.9,52.2
Mar 2015,195.5,1720.9,2413.1,50.5,480.3,415.7,395.7,153.0,115.0,258.4,16138.5,65396.6,635.3,392.2,25.0,31.1,58.1,326.1,1293.1,152.4,1704.4,10510.1,6948.3,1201.4,256.1,2788.7,3.7,19548.5,57814.0,2384.1,7255.0,25341.0,145.9,11426.0,2147.6,288.6,308.5,810.5,666.9,41029.0,591.4,84.9,676.5,8777.0,34.0,108.2,36840.2,976.3,78672.0,1064.4,1209.9,6.6,2.3,62193.7,2387.5,213.3,13079.9,245.1,2482.0,364.4,1210.4,434.7,6024.7,6633.5,590.6,2337.8,1663.2,612.6,178.0,63.5,534.2,289.0,9750.5,368.2,5755.1,14.5,214.4,1545.3,459.2,749.9,45.6,111.9,360.2,44.2,415.3,8437.2,1928.4,3359.8,28.1,30.9,558.7,8.3,1310.3,57.6,315.3,49.0
Feb 2015,124.0,900.3,1663.2,38.6,412.3,311.7,282.3,168.0,83.2,237.2,9616.5,54498.2,552.8,304.4,21.0,26.6,42.2,218.6,714.9,97.4,1420.7,8240.2,6172.0,747.7,227.9,2205.5,1.1,13907.5,53208.0,1852.7,4725.0,22348.0,142.3,6748.0,1711.5,248.9,244.7,532.7,395.2,24623.2,764.8,61.1,566.5,3937.0,31.4,95.6,26916.9,734.8,36636.0,955.1,617.3,4.8,1.6,42119.6,1995.4,193.8,10173.8,176.6,1847.0,206.9,822.9,313.6,5513.6,6186.2,414.3,1655.3,827.1,540.0,80.0,58.4,377.5,262.3,7797.6,280.6,3986.6,9.5,214.8,1009.1,287.7,718.4,31.4,106.4,276.0,42.7,376.0,5478.4,1333.4,2406.1,23.8,23.3,334.0,7.1,992.0,60.1,247.6,46.8
Jan 2015,177.2,1195.1000000000001,2211.7,49.1,438.59999999999997,381.2,372.59999999999997,231.0,120.89999999999999,257.0,16749.2,56878.8,511.60000000000014,385.4,23.5,31.199999999999996,52.0,273.20000000000005,1260.0,130.9,1651.6000000000001,9313.3,6880.6,1161.5,236.4,2827.3,2.4,19566.5,71106.0,2211.8,8304.0,28586.0,152.2,10469.0,2023.9,276.5,299.00000000000006,722.3,648.3,29261.600000000002,876.5,80.9,695.7,4714.0,34.1,104.30000000000001,40641.99999999999,962.8,47197.0,1076.8000000000002,1087.2,7.3999999999999995,2.0,46399.700000000004,2553.6,215.5,14023.400000000001,245.50000000000003,2458.2,389.80000000000007,945.4,358.69999999999993,6356.199999999999,6484.000000000001,538.5,2253.3999999999996,1037.0,614.9000000000001,83.0,61.199999999999996,487.4,301.09999999999997,9009.300000000001,325.1,5468.9,12.8,222.5,1302.5,373.00000000000006,715.4,44.00000000000001,108.4,352.5,47.2,393.5,7939.1,3456.7000000000003,3183.7000000000003,27.599999999999998,31.599999999999998,455.5,9.299999999999999,1150.8000000000002,68.20000000000002,299.19999999999993,49.8
