지점,지점명,일시,습도,풍향,풍속,강수량,현지기압,해면기압,변화량 기압,이슬점 온도,기온
50745,치치하르,2024-06-06 00:00:00,76.1,80.0,1.0,1.0,990.1,1007.1,0.3,17.3,21.7
50745,치치하르,2024-06-06 03:00:00,72.2,120.0,3.0,1.0,989.4,1006.5,0.7,18.1,23.4
50745,치치하르,2024-06-06 06:00:00,60.0,140.0,4.0,1.0,987.4,1004.5,2.0,15.3,23.5
50745,치치하르,2024-06-06 09:00:00,54.2,130.0,4.0,0.0,984.7,1001.7,2.7,15.1,25.0
50745,치치하르,2024-06-06 12:00:00,55.0,120.0,4.0,0.0,982.5,999.4,2.2,14.7,24.3
50745,치치하르,2024-06-06 15:00:00,57.9,210.0,4.0,0.0,983.6,1000.5,1.1,13.8,22.5
50745,치치하르,2024-06-06 18:00:00,70.9,200.0,2.0,0.0,982.9,999.9,0.7,13.8,19.2
50745,치치하르,2024-06-06 21:00:00,67.9,240.0,2.0,0.0,984.3,1001.3,1.4,11.9,17.9
50745,치치하르,2024-06-07 00:00:00,45.1,260.0,3.0,0.0,985.1,1002.0,0.8,9.1,21.5
50745,치치하르,2024-06-07 03:00:00,33.0,220.0,4.0,0.0,984.3,1001.2,0.8,7.8,25.2
50745,치치하르,2024-06-07 06:00:00,27.0,210.0,5.0,0.0,982.6,999.5,1.7,7.3,28.0
50745,치치하르,2024-06-07 09:00:00,64.8,240.0,8.0,0.0,982.8,999.9,0.2,14.7,21.6
50745,치치하르,2024-06-07 12:00:00,63.0,130.0,4.0,3.0,982.7,999.7,0.1,13.4,20.7
50745,치치하르,2024-06-07 15:00:00,77.0,320.0,2.0,3.0,982.8,999.8,0.1,14.3,18.4
50745,치치하르,2024-06-07 18:00:00,83.8,220.0,1.0,3.0,982.9,999.9,0.1,11.9,14.6
50745,치치하르,2024-06-07 21:00:00,78.9,210.0,1.0,3.0,983.4,1000.6,0.5,10.5,14.1
50745,치치하르,2024-06-08 00:00:00,59.0,250.0,2.0,0.0,983.9,1001.0,0.5,10.9,19.1
50745,치치하르,2024-06-08 03:00:00,38.0,230.0,3.0,0.0,983.5,1000.5,0.4,8.2,23.3
50745,치치하르,2024-06-08 06:00:00,27.1,240.0,2.0,0.0,982.6,999.7,0.9,5.1,25.4
50745,치치하르,2024-06-08 09:00:00,50.9,20.0,3.0,1.0,984.1,1001.4,1.5,9.9,20.4
50745,치치하르,2024-06-08 12:00:00,69.0,50.0,3.0,1.0,985.2,1002.5,1.1,10.6,16.3
50745,치치하르,2024-06-08 15:00:00,79.0,10.0,3.0,1.0,987.0,1004.2,1.8,10.8,14.4
50745,치치하르,2024-06-08 18:00:00,86.9,340.0,1.0,1.0,987.0,1004.2,0.0,9.5,11.6
50745,치치하르,2024-06-08 21:00:00,82.9,330.0,1.0,0.0,987.6,1005.0,0.6,9.0,11.8
50745,치치하르,2024-06-09 00:00:00,85.0,200.0,1.0,0.0,987.4,1005.1,0.8,9.2,11.8
50745,치치하르,2024-06-09 03:00:00,87.0,340.0,1.0,0.0,987.1,1004.0,0.8,9.4,11.7
50745,치치하르,2024-06-09 06:00:00,83.0,340.0,1.0,0.0,987.5,1005.1,0.8,8.9,11.7
50745,치치하르,2024-06-09 09:00:00,60.0,320.0,2.0,0.0,988.1,1005.4,1.4,8.3,16.1
50745,치치하르,2024-06-09 12:00:00,43.0,320.0,3.0,0.0,987.1,1007.3,0.7,7.2,20.6
50745,치치하르,2024-06-09 15:00:00,36.0,340.0,3.0,0.0,986.5,1005.4,0.5,7.8,23.3
50745,치치하르,2024-06-09 18:00:00,31.0,340.0,3.0,0.0,986.1,1003.6,0.4,6.7,24.4
50745,치치하르,2024-06-09 21:00:00,57.2,200.0,3.0,0.0,985.2,1002.2,0.5,10.9,19.6
50745,치치하르,2024-06-10 00:00:00,60.1,190.0,2.0,0.0,984.0,1001.1,1.2,12.4,20.4
50745,치치하르,2024-06-10 03:00:00,52.0,170.0,3.0,0.0,983.3,1000.3,0.7,12.8,23.2
50745,치치하르,2024-06-10 06:00:00,41.1,160.0,3.0,0.0,981.7,998.6,1.6,12.5,26.8
50745,치치하르,2024-06-10 09:00:00,36.0,160.0,2.0,0.0,980.2,997.0,1.5,11.8,28.3
50745,치치하르,2024-06-10 12:00:00,45.0,130.0,2.0,0.0,980.3,997.1,0.1,13.6,26.5
50745,치치하르,2024-06-10 15:00:00,57.0,130.0,2.0,5.0,979.4,996.2,0.9,14.5,23.5
50745,치치하르,2024-06-10 18:00:00,77.1,60.0,4.0,5.0,979.9,996.8,0.5,15.0,19.1
50745,치치하르,2024-06-10 21:00:00,93.2,0.0,2.0,5.0,981.9,998.8,2.0,15.9,17.0
50745,치치하르,2024-06-11 00:00:00,85.9,40.0,2.0,5.0,982.6,999.5,0.7,16.2,18.6
50745,치치하르,2024-06-11 03:00:00,77.8,10.0,4.0,0.0,983.2,1000.2,0.6,16.5,20.5
50745,치치하르,2024-06-11 06:00:00,91.0,40.0,2.0,2.0,983.6,1000.8,0.4,17.1,18.6
50745,치치하르,2024-06-11 09:00:00,85.0,50.0,1.0,5.0,983.8,1001.0,0.2,17.7,20.3
50745,치치하르,2024-06-11 12:00:00,82.8,350.0,1.0,5.0,984.0,1001.2,0.2,16.4,19.4
50745,치치하르,2024-06-11 15:00:00,95.0,310.0,0.0,5.0,985.0,1002.2,1.0,14.7,15.5
50745,치치하르,2024-06-11 18:00:00,85.1,70.0,2.0,2.0,985.0,1002.3,0.0,13.6,16.1
50745,치치하르,2024-06-11 21:00:00,81.8,40.0,3.0,0.0,986.9,1004.2,1.9,12.3,15.4
50745,치치하르,2024-06-12 00:00:00,65.9,40.0,4.0,0.0,988.4,1005.6,1.5,12.1,18.6
50745,치치하르,2024-06-12 03:00:00,49.1,10.0,3.0,0.0,988.0,1005.2,0.4,11.1,22.3
50745,치치하르,2024-06-12 06:00:00,43.1,350.0,3.0,0.0,986.9,1004.0,1.1,10.8,24.1
50745,치치하르,2024-06-12 09:00:00,42.1,320.0,1.0,0.0,986.4,1003.6,0.5,10.0,23.6
50745,치치하르,2024-06-12 12:00:00,64.9,0.0,0.0,0.0,986.0,1003.2,0.4,13.1,19.9
50745,치치하르,2024-06-12 15:00:00,72.0,80.0,1.0,0.0,985.0,1002.1,1.0,14.6,19.8
50745,치치하르,2024-06-12 18:00:00,62.8,90.0,2.0,0.0,984.1,1001.1,0.9,12.8,20.1
50745,치치하르,2024-06-12 21:00:00,73.2,80.0,3.0,0.0,983.1,1000.1,1.0,13.8,18.7
51463,우루무치,2024-06-06 00:00:00,39.9,190.0,3.0,0.0,910.5,1014.5,0.6,3.2,16.9
51463,우루무치,2024-06-06 03:00:00,25.1,70.0,2.0,0.0,910.4,1013.8,0.1,2.4,23.5
51463,우루무치,2024-06-06 06:00:00,17.0,330.0,3.0,0.0,909.0,1012.3,1.4,-1.2,25.6
51463,우루무치,2024-06-06 09:00:00,13.9,20.0,4.0,0.0,907.7,1010.9,1.3,-2.8,27.0
51463,우루무치,2024-06-06 12:00:00,15.0,340.0,2.0,0.0,907.3,1010.4,0.4,-2.1,26.6
51463,우루무치,2024-06-06 15:00:00,23.0,150.0,0.0,0.0,908.4,1011.1,1.1,0.7,22.9
51463,우루무치,2024-06-06 18:00:00,28.9,190.0,2.0,0.0,907.8,1010.7,0.6,0.8,19.3
51463,우루무치,2024-06-06 21:00:00,32.1,200.0,2.0,0.0,907.3,1010.1,0.5,1.2,18.1
51463,우루무치,2024-06-07 00:00:00,32.9,190.0,3.0,0.0,907.7,1010.6,0.4,1.9,18.5
51463,우루무치,2024-06-07 03:00:00,20.0,310.0,1.0,0.0,907.6,1009.9,0.1,1.0,25.6
51463,우루무치,2024-06-07 06:00:00,16.0,30.0,3.0,0.0,906.1,1008.4,1.5,-0.2,27.9
51463,우루무치,2024-06-07 09:00:00,14.0,340.0,3.0,0.0,904.7,1006.8,1.4,-0.9,29.3
51463,우루무치,2024-06-07 12:00:00,18.6,260.0,2.5,0.0,905.3,1007.1,1.4,1.0,27.4
51463,우루무치,2024-06-07 15:00:00,23.1,190.0,2.0,0.0,905.9,1007.5,1.3,2.9,25.5
51463,우루무치,2024-06-07 18:00:00,28.0,130.0,1.0,0.0,905.5,1007.0,0.4,3.8,23.3
51463,우루무치,2024-06-07 21:00:00,29.0,180.0,2.0,0.0,906.0,1007.5,0.5,3.4,22.3
51463,우루무치,2024-06-08 00:00:00,32.0,180.0,2.0,0.0,906.6,1008.4,0.6,4.2,21.6
51463,우루무치,2024-06-08 03:00:00,25.1,220.0,1.0,0.0,906.9,1008.6,0.3,4.1,25.5
51463,우루무치,2024-06-08 06:00:00,17.0,320.0,2.0,0.0,905.4,1006.7,1.5,1.8,29.4
51463,우루무치,2024-06-08 09:00:00,16.0,350.0,3.0,0.0,904.2,1005.4,1.2,1.3,29.8
51463,우루무치,2024-06-08 12:00:00,15.0,10.0,2.0,0.0,904.1,1005.5,0.1,0.2,29.5
51463,우루무치,2024-06-08 15:00:00,19.0,130.0,1.0,0.0,905.4,1007.0,1.3,-0.2,25.0
51463,우루무치,2024-06-08 18:00:00,30.1,190.0,1.0,0.0,906.0,1007.4,0.6,4.2,22.6
51463,우루무치,2024-06-08 21:00:00,34.0,180.0,1.0,0.0,906.4,1008.2,0.4,4.2,20.6
51463,우루무치,2024-06-09 00:00:00,27.0,300.0,1.0,0.0,935.7,1033.1,0.3,3.9,23.9
51463,우루무치,2024-06-09 03:00:00,27.2,230.0,3.2,0.0,936.2,1029.3,0.4,4.1,24.1
51463,우루무치,2024-06-09 06:00:00,33.8,200.0,2.7,0.0,936.8,1031.8,0.5,6.7,23.3
51463,우루무치,2024-06-09 09:00:00,29.0,280.0,2.8,0.0,937.9,1028.9,0.6,7.8,27.3
51463,우루무치,2024-06-09 12:00:00,24.0,10.0,2.3,0.0,937.6,1026.4,0.9,7.7,30.4
51463,우루무치,2024-06-09 15:00:00,22.2,360.0,3.2,0.0,936.0,1018.4,1.0,7.8,32.1
51463,우루무치,2024-06-09 18:00:00,20.5,340.0,4.2,0.0,935.0,1022.2,0.9,7.5,32.8
51463,우루무치,2024-06-09 21:00:00,24.8,290.0,3.5,0.0,935.9,1023.1,0.8,8.0,30.4
51463,우루무치,2024-06-10 00:00:00,37.0,190.0,2.0,0.0,906.5,1008.1,0.2,7.0,22.4
51463,우루무치,2024-06-10 03:00:00,29.0,310.0,2.0,0.0,906.6,1007.8,0.1,7.8,27.4
51463,우루무치,2024-06-10 06:00:00,24.1,340.0,3.0,0.0,905.6,1006.8,1.0,7.2,29.9
51463,우루무치,2024-06-10 09:00:00,21.0,40.0,4.0,0.0,903.9,1004.9,1.7,5.9,30.7
51463,우루무치,2024-06-10 12:00:00,24.0,30.0,2.0,0.0,904.2,1005.4,0.3,7.0,29.7
51463,우루무치,2024-06-10 15:00:00,31.0,90.0,1.0,0.0,905.3,1006.3,1.1,8.0,26.5
51463,우루무치,2024-06-10 18:00:00,35.9,210.0,2.0,0.0,904.8,1005.6,0.5,8.7,24.8
51463,우루무치,2024-06-10 21:00:00,38.0,170.0,2.0,0.0,904.5,1005.4,0.3,8.1,23.2
51463,우루무치,2024-06-11 00:00:00,36.1,190.0,2.0,0.0,904.8,1005.9,0.3,7.8,23.7
51463,우루무치,2024-06-11 03:00:00,27.9,300.0,2.0,0.0,905.1,1005.9,0.3,8.2,28.5
51463,우루무치,2024-06-11 06:00:00,22.0,340.0,4.0,0.0,904.1,1004.7,1.0,6.7,30.9
51463,우루무치,2024-06-11 09:00:00,24.1,310.0,6.0,0.0,903.7,1004.7,0.4,7.2,29.9
51463,우루무치,2024-06-11 12:00:00,27.0,300.0,5.0,0.0,903.8,1004.8,0.1,8.4,29.3
51463,우루무치,2024-06-11 15:00:00,33.9,100.0,1.0,0.0,905.4,1006.3,1.6,8.9,26.0
51463,우루무치,2024-06-11 18:00:00,32.9,180.0,2.0,0.0,905.0,1005.8,0.4,6.8,24.1
51463,우루무치,2024-06-11 21:00:00,33.0,170.0,2.0,0.0,904.6,1005.8,0.4,5.8,22.9
51463,우루무치,2024-06-12 00:00:00,32.1,180.0,3.0,0.0,904.9,1006.2,0.3,5.4,22.9
51463,우루무치,2024-06-12 03:00:00,36.1,300.0,5.0,0.0,906.3,1007.9,1.4,9.3,25.4
51463,우루무치,2024-06-12 06:00:00,29.9,10.0,3.0,0.0,905.5,1006.9,0.8,8.7,27.9
51463,우루무치,2024-06-12 09:00:00,25.0,340.0,4.0,0.0,903.6,1004.8,1.9,7.1,29.1
51463,우루무치,2024-06-12 12:00:00,24.0,330.0,3.0,0.0,903.6,1005.0,0.0,5.5,27.9
51463,우루무치,2024-06-12 15:00:00,36.0,230.0,3.0,0.0,905.5,1007.2,1.9,9.0,25.1
51463,우루무치,2024-06-12 18:00:00,50.2,190.0,2.0,0.0,905.2,1007.0,0.3,10.7,21.5
51463,우루무치,2024-06-12 21:00:00,51.9,120.0,1.0,0.0,904.8,1006.6,0.4,10.1,20.3
52203,HAMI,2024-06-06 00:00:00,26.9,100.0,4.0,0.0,928.0,1010.5,1.5,1.1,20.8
52203,HAMI,2024-06-06 03:00:00,20.0,140.0,3.0,0.0,928.5,1011.0,0.5,0.6,25.1
52203,HAMI,2024-06-06 06:00:00,18.0,10.0,2.0,0.0,926.5,1008.2,2.0,2.5,29.2
52203,HAMI,2024-06-06 09:00:00,11.0,10.0,2.0,0.0,924.4,1006.4,2.1,-3.4,30.3
52203,HAMI,2024-06-06 12:00:00,12.0,250.0,1.0,0.0,923.9,1005.7,0.5,-2.3,30.2
52203,HAMI,2024-06-06 15:00:00,45.1,20.0,1.0,0.0,925.1,1007.9,1.2,7.3,19.5
52203,HAMI,2024-06-06 18:00:00,22.9,40.0,2.0,0.0,925.4,1007.4,0.3,-0.7,21.3
52203,HAMI,2024-06-06 21:00:00,19.9,90.0,2.0,0.0,925.2,1007.3,0.2,-4.0,19.6
52203,HAMI,2024-06-07 00:00:00,21.0,90.0,2.0,0.0,926.1,1008.0,0.9,-2.0,21.2
52203,HAMI,2024-06-07 03:00:00,14.0,120.0,3.0,0.0,926.3,1008.8,0.2,-1.8,28.2
52203,HAMI,2024-06-07 06:00:00,9.0,210.0,2.0,0.0,924.7,1006.3,1.6,-5.0,31.7
52203,HAMI,2024-06-07 09:00:00,10.0,270.0,3.0,0.0,922.7,1004.4,2.0,-3.9,31.4
52203,HAMI,2024-06-07 12:00:00,19.0,230.0,1.0,0.0,921.9,1003.4,0.8,4.4,30.6
52203,HAMI,2024-06-07 15:00:00,38.1,50.0,1.0,0.0,922.9,1005.0,1.0,5.2,19.9
52203,HAMI,2024-06-07 18:00:00,32.9,50.0,1.0,0.0,922.7,1004.6,0.2,1.3,17.8
52203,HAMI,2024-06-07 21:00:00,48.0,30.0,1.0,0.0,922.5,1004.9,0.2,3.9,14.8
52203,HAMI,2024-06-08 00:00:00,23.9,90.0,2.0,0.0,924.0,1005.7,1.5,-0.1,21.3
52203,HAMI,2024-06-08 03:00:00,12.0,120.0,2.0,0.0,924.4,1006.6,0.4,-3.6,28.6
52203,HAMI,2024-06-08 06:00:00,9.0,250.0,2.0,0.0,922.7,1004.5,1.7,-4.3,32.7
52203,HAMI,2024-06-08 09:00:00,8.0,300.0,3.0,0.0,920.4,1002.1,2.3,-4.6,34.4
52203,HAMI,2024-06-08 12:00:00,10.0,260.0,2.0,0.0,919.8,1000.8,0.6,-2.6,33.0
52203,HAMI,2024-06-08 15:00:00,30.9,320.0,1.0,0.0,921.0,1002.3,1.2,5.8,24.0
52203,HAMI,2024-06-08 18:00:00,17.0,80.0,3.0,0.0,921.3,1001.8,0.3,-1.0,25.9
52203,HAMI,2024-06-08 21:00:00,26.9,70.0,1.0,0.0,922.0,1003.0,0.7,1.1,20.8
52203,HAMI,2024-06-09 00:00:00,26.6,330.0,1.2,0.0,922.0,1002.9,0.6,1.5,21.4
52203,HAMI,2024-06-09 03:00:00,26.4,320.0,1.5,0.0,921.9,1002.7,0.6,1.8,22.0
52203,HAMI,2024-06-09 06:00:00,26.1,320.0,1.8,0.0,921.9,1002.6,0.5,2.2,22.6
52203,HAMI,2024-06-09 09:00:00,25.9,310.0,2.0,0.0,921.8,1002.5,0.5,2.6,23.2
52203,HAMI,2024-06-09 12:00:00,25.6,300.0,2.2,0.0,921.8,1002.3,0.4,3.0,23.8
52203,HAMI,2024-06-09 15:00:00,25.4,300.0,2.5,0.0,921.8,1002.2,0.3,3.4,24.4
52203,HAMI,2024-06-09 18:00:00,25.1,290.0,2.8,0.0,921.7,1002.0,0.3,3.7,25.0
52203,HAMI,2024-06-09 21:00:00,24.9,280.0,3.0,0.0,921.7,1001.9,0.2,4.1,25.6
52203,HAMI,2024-06-10 00:00:00,30.0,130.0,1.0,0.0,922.9,1003.5,1.2,6.0,24.7
52203,HAMI,2024-06-10 03:00:00,22.0,150.0,5.0,0.0,922.8,1003.1,0.1,5.9,29.9
52203,HAMI,2024-06-10 06:00:00,15.0,240.0,2.0,0.0,921.5,1001.5,1.3,3.4,33.6
52203,HAMI,2024-06-10 09:00:00,14.0,210.0,2.0,0.0,919.5,999.5,2.0,3.9,35.4
52203,HAMI,2024-06-10 12:00:00,14.0,290.0,2.0,0.0,919.0,999.1,0.5,3.6,35.1
52203,HAMI,2024-06-10 15:00:00,25.0,250.0,1.0,0.0,920.6,1001.3,1.6,5.4,27.1
52203,HAMI,2024-06-10 18:00:00,34.1,20.0,2.0,0.0,920.8,1001.4,0.2,7.3,24.1
52203,HAMI,2024-06-10 21:00:00,29.0,80.0,1.0,0.0,921.3,1001.8,0.5,4.1,23.1
52203,HAMI,2024-06-11 00:00:00,27.0,80.0,2.0,0.0,922.0,1002.3,0.7,4.8,25.1
52203,HAMI,2024-06-11 03:00:00,23.0,120.0,3.0,0.0,922.0,1002.7,0.0,6.8,30.2
52203,HAMI,2024-06-11 06:00:00,13.0,300.0,2.0,0.0,920.1,1000.3,1.9,3.0,35.6
52203,HAMI,2024-06-11 09:00:00,12.0,270.0,4.0,0.0,917.6,997.6,2.5,2.9,37.0
52203,HAMI,2024-06-11 12:00:00,14.0,290.0,2.0,0.0,917.2,997.1,0.4,3.9,35.4
52203,HAMI,2024-06-11 15:00:00,18.0,290.0,3.0,0.0,918.5,998.4,1.3,3.7,30.7
52203,HAMI,2024-06-11 18:00:00,24.0,10.0,1.0,0.0,918.8,998.4,0.3,5.4,27.8
52203,HAMI,2024-06-11 21:00:00,21.0,50.0,5.0,0.0,918.9,998.1,0.1,4.8,29.4
52203,HAMI,2024-06-12 00:00:00,28.0,220.0,2.0,0.0,920.2,1000.2,1.3,6.1,26.0
52203,HAMI,2024-06-12 03:00:00,29.0,110.0,3.0,0.0,921.1,1001.6,0.9,8.4,28.1
52203,HAMI,2024-06-12 06:00:00,17.0,210.0,3.0,0.0,920.0,1000.0,1.1,5.2,33.6
52203,HAMI,2024-06-12 09:00:00,15.0,280.0,6.0,0.0,918.2,997.6,1.8,4.6,35.1
52203,HAMI,2024-06-12 12:00:00,23.0,40.0,1.0,0.0,917.8,997.9,0.4,9.6,33.6
52203,HAMI,2024-06-12 15:00:00,48.0,150.0,1.0,0.0,918.8,1000.0,1.0,12.5,24.2
52203,HAMI,2024-06-12 18:00:00,21.0,50.0,5.0,0.0,918.9,998.6,0.1,4.6,29.1
52203,HAMI,2024-06-12 21:00:00,23.1,80.0,4.0,0.0,919.3,999.4,0.4,2.9,25.5
52681,MINQIN,2024-06-06 00:00:00,90.1,290.0,4.0,2.0,864.2,1011.8,2.2,12.2,13.8
52681,MINQIN,2024-06-06 03:00:00,84.8,320.0,4.0,7.0,865.7,1014.0,1.5,11.0,13.5
52681,MINQIN,2024-06-06 06:00:00,76.9,320.0,2.0,8.0,865.1,1014.9,0.6,10.8,14.8
52681,MINQIN,2024-06-06 09:00:00,57.0,20.0,1.0,8.0,863.4,1012.2,1.7,10.3,19.0
52681,MINQIN,2024-06-06 12:00:00,54.2,90.0,1.0,7.0,862.9,1012.5,0.5,8.8,18.2
52681,MINQIN,2024-06-06 15:00:00,69.0,150.0,1.0,1.0,863.8,1014.2,0.9,10.6,16.3
52681,MINQIN,2024-06-06 18:00:00,72.1,200.0,3.0,0.0,862.5,1012.5,1.3,10.7,15.7
52681,MINQIN,2024-06-06 21:00:00,82.2,30.0,3.0,0.0,862.6,1011.8,0.1,11.5,14.5
52681,MINQIN,2024-06-07 00:00:00,67.8,230.0,2.0,0.2,862.7,1011.3,0.1,11.4,17.4
52681,MINQIN,2024-06-07 03:00:00,35.9,270.0,1.0,0.2,863.0,1010.6,0.3,7.1,23.0
52681,MINQIN,2024-06-07 06:00:00,18.0,50.0,2.0,0.2,861.6,1008.4,1.4,-0.3,25.8
52681,MINQIN,2024-06-07 09:00:00,16.0,150.0,3.0,0.2,859.5,1006.2,2.1,-1.7,26.1
52681,MINQIN,2024-06-07 12:00:00,20.0,110.0,2.0,0.0,859.7,1006.1,0.2,0.0,24.4
52681,MINQIN,2024-06-07 15:00:00,25.1,140.0,2.0,0.0,860.8,1006.3,1.1,1.8,22.8
52681,MINQIN,2024-06-07 18:00:00,33.9,130.0,2.0,0.0,860.6,1005.8,0.2,4.6,21.1
52681,MINQIN,2024-06-07 21:00:00,41.1,130.0,1.0,0.0,860.2,1005.5,0.4,6.5,20.1
52681,MINQIN,2024-06-08 00:00:00,49.1,210.0,1.0,0.0,861.3,1007.2,1.1,9.2,20.2
52681,MINQIN,2024-06-08 03:00:00,33.1,190.0,5.0,0.0,862.3,1008.1,1.0,6.0,23.1
52681,MINQIN,2024-06-08 06:00:00,21.9,130.0,5.0,0.0,861.4,1007.2,0.9,1.2,24.3
52681,MINQIN,2024-06-08 09:00:00,23.1,170.0,2.0,0.0,859.0,1004.1,2.4,3.5,26.2
52681,MINQIN,2024-06-08 12:00:00,23.0,220.0,2.0,0.0,858.7,1003.9,0.3,2.8,25.4
52681,MINQIN,2024-06-08 15:00:00,36.0,200.0,2.0,0.0,859.4,1004.9,0.7,6.1,21.8
52681,MINQIN,2024-06-08 18:00:00,52.9,150.0,1.0,0.0,859.4,1005.4,0.0,9.0,18.8
52681,MINQIN,2024-06-08 21:00:00,58.2,80.0,2.0,0.0,858.9,1004.7,0.5,9.1,17.4
52681,MINQIN,2024-06-09 00:00:00,55.8,80.0,2.0,0.0,858.7,1004.3,0.5,8.6,17.7
52681,MINQIN,2024-06-09 03:00:00,53.4,80.0,2.0,0.0,858.6,1003.9,0.4,8.1,17.9
52681,MINQIN,2024-06-09 06:00:00,51.0,90.0,2.0,0.0,858.4,1003.5,0.4,7.6,18.2
52681,MINQIN,2024-06-09 09:00:00,48.6,90.0,2.0,0.0,858.2,1003.0,0.3,7.2,18.4
52681,MINQIN,2024-06-09 12:00:00,46.2,90.0,2.0,0.0,858.0,1002.6,0.3,6.7,18.7
52681,MINQIN,2024-06-09 15:00:00,43.8,100.0,2.0,0.0,857.8,1002.2,0.3,6.2,19.0
52681,MINQIN,2024-06-09 18:00:00,41.4,100.0,2.0,0.0,857.7,1001.8,0.2,5.7,19.2
52681,MINQIN,2024-06-09 21:00:00,39.0,100.0,2.0,0.0,857.5,1001.4,0.2,5.2,19.5
52681,MINQIN,2024-06-10 00:00:00,35.0,230.0,2.0,0.0,858.2,1002.4,0.7,4.8,20.8
52681,MINQIN,2024-06-10 03:00:00,15.0,320.0,2.0,0.0,858.0,1001.5,0.2,-0.6,28.5
52681,MINQIN,2024-06-10 06:00:00,13.0,110.0,2.0,0.0,857.3,1000.3,0.7,-0.5,31.2
52681,MINQIN,2024-06-10 09:00:00,9.0,240.0,1.0,0.0,856.1,999.0,1.2,-3.8,33.3
52681,MINQIN,2024-06-10 12:00:00,18.0,0.0,0.0,0.0,856.6,1000.2,0.5,2.8,29.6
52681,MINQIN,2024-06-10 15:00:00,21.0,210.0,2.0,0.0,858.0,1000.8,1.4,2.1,26.1
52681,MINQIN,2024-06-10 18:00:00,25.0,280.0,2.0,0.0,858.2,1001.7,0.2,0.0,20.7
52681,MINQIN,2024-06-10 21:00:00,24.1,240.0,2.0,0.0,858.7,1002.0,0.5,-1.3,19.8
52681,MINQIN,2024-06-11 00:00:00,33.0,220.0,2.0,0.0,859.1,1002.8,0.4,5.2,22.2
52681,MINQIN,2024-06-11 03:00:00,14.0,300.0,5.0,0.0,858.9,1001.3,0.2,0.1,30.6
52681,MINQIN,2024-06-11 06:00:00,10.0,310.0,4.0,0.0,857.6,1000.6,1.3,-2.6,33.0
52681,MINQIN,2024-06-11 09:00:00,9.0,290.0,3.0,0.0,856.1,999.1,1.5,-4.3,32.7
52681,MINQIN,2024-06-11 12:00:00,15.0,200.0,2.0,0.0,855.8,998.6,0.3,1.3,30.9
52681,MINQIN,2024-06-11 15:00:00,26.1,200.0,2.0,0.0,856.4,998.6,0.6,4.4,25.2
52681,MINQIN,2024-06-11 18:00:00,32.1,220.0,2.0,0.0,856.5,999.0,0.1,4.5,21.9
52681,MINQIN,2024-06-11 21:00:00,26.0,250.0,4.0,0.0,856.2,998.6,0.3,1.9,22.3
52681,MINQIN,2024-06-12 00:00:00,37.0,220.0,2.0,0.0,857.2,1000.2,1.0,7.0,22.4
52681,MINQIN,2024-06-12 03:00:00,15.0,300.0,3.0,0.0,857.1,999.1,0.1,2.1,31.9
52681,MINQIN,2024-06-12 06:00:00,12.0,360.0,3.0,0.0,855.6,997.9,1.5,0.0,33.2
52681,MINQIN,2024-06-12 09:00:00,10.0,250.0,2.0,0.0,854.0,995.5,1.6,-1.4,34.7
52681,MINQIN,2024-06-12 12:00:00,16.0,240.0,2.0,0.0,853.7,995.9,0.3,2.7,31.6
52681,MINQIN,2024-06-12 15:00:00,23.0,220.0,2.0,0.0,855.0,996.0,1.3,4.8,27.8
52681,MINQIN,2024-06-12 18:00:00,32.9,50.0,1.0,0.0,854.8,996.8,0.2,5.4,22.5
52681,MINQIN,2024-06-12 21:00:00,25.0,280.0,2.0,0.0,855.8,997.7,1.0,1.1,22.0
52983,YU ZHONG,2024-06-06 00:00:00,93.0,40.0,1.0,3.0,808.0,1004.9,1.3,12.0,13.1
52983,YU ZHONG,2024-06-06 03:00:00,94.9,300.0,6.0,11.0,809.6,1009.0,1.6,11.6,12.4
52983,YU ZHONG,2024-06-06 06:00:00,88.2,290.0,4.0,19.0,811.9,1011.9,2.3,10.9,12.8
52983,YU ZHONG,2024-06-06 09:00:00,79.0,290.0,2.0,19.0,811.9,1012.7,0.0,10.9,14.5
52983,YU ZHONG,2024-06-06 12:00:00,78.8,290.0,1.0,17.0,812.2,1013.8,0.3,10.0,13.6
52983,YU ZHONG,2024-06-06 15:00:00,92.2,190.0,2.0,8.0,813.0,1016.5,0.8,8.8,10.0
52983,YU ZHONG,2024-06-06 18:00:00,96.0,190.0,2.0,0.2,813.1,1017.4,0.1,7.1,7.7
52983,YU ZHONG,2024-06-06 21:00:00,97.9,260.0,1.0,0.0,812.1,1016.0,1.0,6.0,6.3
52983,YU ZHONG,2024-06-07 00:00:00,85.8,10.0,2.0,0.0,812.8,1015.1,0.7,9.4,11.7
52983,YU ZHONG,2024-06-07 03:00:00,56.2,290.0,3.0,0.0,813.0,1014.6,0.2,8.4,17.2
52983,YU ZHONG,2024-06-07 06:00:00,46.0,70.0,2.0,0.0,811.1,1011.8,1.9,8.6,20.6
52983,YU ZHONG,2024-06-07 09:00:00,30.0,70.0,3.0,0.0,808.9,1008.9,2.2,4.0,22.4
52983,YU ZHONG,2024-06-07 12:00:00,42.5,150.0,3.0,0.0,809.7,1008.8,1.9,6.1,19.8
52983,YU ZHONG,2024-06-07 15:00:00,55.1,230.0,3.0,0.0,810.5,1008.7,1.7,8.2,17.3
52983,YU ZHONG,2024-06-07 18:00:00,82.1,90.0,2.0,0.2,811.5,1010.0,1.0,10.7,13.7
52983,YU ZHONG,2024-06-07 21:00:00,94.2,290.0,2.0,2.0,811.9,1010.3,0.4,11.6,12.5
52983,YU ZHONG,2024-06-08 00:00:00,94.3,270.0,2.0,3.0,812.6,1012.0,0.7,12.0,12.9
52983,YU ZHONG,2024-06-08 03:00:00,82.3,20.0,2.0,3.0,813.3,1013.0,0.7,12.1,15.1
52983,YU ZHONG,2024-06-08 06:00:00,59.1,160.0,3.0,3.0,811.9,1012.1,1.4,8.6,16.6
52983,YU ZHONG,2024-06-08 09:00:00,49.1,170.0,3.0,0.5,810.5,1010.0,1.4,7.8,18.7
52983,YU ZHONG,2024-06-08 12:00:00,65.1,160.0,1.0,0.1,810.3,1010.3,0.2,10.3,16.9
52983,YU ZHONG,2024-06-08 15:00:00,79.2,200.0,2.0,0.0,810.9,1011.9,0.6,8.9,12.4
52983,YU ZHONG,2024-06-08 18:00:00,89.8,170.0,1.0,0.0,810.7,1012.0,0.2,8.4,10.0
52983,YU ZHONG,2024-06-08 21:00:00,89.8,300.0,1.0,0.0,810.3,1010.7,0.4,8.3,9.9
52983,YU ZHONG,2024-06-09 00:00:00,88.9,120.0,1.0,0.0,810.2,1010.1,0.4,8.4,10.1
52983,YU ZHONG,2024-06-09 03:00:00,88.1,120.0,1.0,0.0,810.0,1009.6,0.3,8.5,10.4
52983,YU ZHONG,2024-06-09 06:00:00,87.2,130.0,1.0,0.0,809.8,1009.0,0.3,8.6,10.6
52983,YU ZHONG,2024-06-09 09:00:00,86.3,130.0,1.0,0.0,809.7,1008.5,0.2,8.6,10.8
52983,YU ZHONG,2024-06-09 12:00:00,85.5,130.0,1.0,0.0,809.6,1008.0,0.2,8.7,11.1
52983,YU ZHONG,2024-06-09 15:00:00,84.6,140.0,1.0,0.0,809.4,1007.4,0.2,8.8,11.3
52983,YU ZHONG,2024-06-09 18:00:00,83.8,140.0,1.0,0.0,809.2,1006.9,0.1,8.9,11.6
52983,YU ZHONG,2024-06-09 21:00:00,82.9,140.0,1.0,0.0,809.1,1006.3,0.1,9.0,11.8
52983,YU ZHONG,2024-06-10 00:00:00,70.3,180.0,1.0,0.0,809.5,1006.4,0.4,10.4,15.8
52983,YU ZHONG,2024-06-10 03:00:00,49.1,340.0,1.0,0.0,809.5,1005.8,0.0,10.3,21.4
52983,YU ZHONG,2024-06-10 06:00:00,24.0,300.0,3.0,0.0,808.6,1005.1,0.9,2.9,24.8
52983,YU ZHONG,2024-06-10 09:00:00,20.0,10.0,3.0,0.0,808.1,1004.9,0.5,0.4,24.9
52983,YU ZHONG,2024-06-10 12:00:00,37.0,200.0,2.0,0.0,808.6,1005.7,0.5,5.4,20.6
52983,YU ZHONG,2024-06-10 15:00:00,53.8,180.0,1.0,0.0,810.4,1007.7,1.8,6.2,15.5
52983,YU ZHONG,2024-06-10 18:00:00,72.9,170.0,1.0,0.0,810.3,1007.7,0.1,7.0,11.7
52983,YU ZHONG,2024-06-10 21:00:00,62.1,210.0,2.0,0.0,810.4,1007.9,0.1,4.5,11.5
52983,YU ZHONG,2024-06-11 00:00:00,51.0,210.0,0.0,0.0,811.1,1008.3,0.7,6.9,17.1
52983,YU ZHONG,2024-06-11 03:00:00,36.0,330.0,2.0,0.0,810.6,1007.2,0.5,7.5,23.4
52983,YU ZHONG,2024-06-11 06:00:00,15.0,270.0,1.0,0.0,809.2,1005.3,1.4,-1.3,27.7
52983,YU ZHONG,2024-06-11 09:00:00,20.0,220.0,3.0,0.0,808.0,1003.8,1.2,2.8,27.8
52983,YU ZHONG,2024-06-11 12:00:00,30.9,210.0,3.0,0.0,808.0,1003.4,0.0,5.3,23.4
52983,YU ZHONG,2024-06-11 15:00:00,30.0,210.0,3.0,0.0,808.5,1002.9,0.5,2.1,20.2
52983,YU ZHONG,2024-06-11 18:00:00,64.9,210.0,1.0,0.0,808.2,1003.8,0.3,5.9,12.3
52983,YU ZHONG,2024-06-11 21:00:00,68.9,260.0,1.0,0.0,808.4,1004.4,0.2,5.8,11.3
52983,YU ZHONG,2024-06-12 00:00:00,49.0,300.0,1.0,0.0,809.2,1004.9,0.8,6.3,17.1
52983,YU ZHONG,2024-06-12 03:00:00,32.0,360.0,1.0,0.0,808.9,1003.1,0.3,6.5,24.2
52983,YU ZHONG,2024-06-12 06:00:00,27.0,270.0,2.0,0.0,807.3,1003.1,1.6,6.1,26.6
52983,YU ZHONG,2024-06-12 09:00:00,25.9,210.0,5.0,0.0,805.8,1001.8,1.5,5.0,26.0
52983,YU ZHONG,2024-06-12 12:00:00,26.1,360.0,3.0,0.0,806.5,1001.1,0.7,3.8,24.5
52983,YU ZHONG,2024-06-12 15:00:00,43.9,270.0,1.0,0.0,807.5,1001.2,1.0,7.9,20.6
52983,YU ZHONG,2024-06-12 18:00:00,45.9,230.0,2.0,0.0,807.1,1000.4,0.4,7.1,19.0
52983,YU ZHONG,2024-06-12 21:00:00,70.2,190.0,1.0,0.0,807.1,1001.9,0.0,10.1,15.5
53614,YINCHUAN,2024-06-06 00:00:00,70.2,340.0,2.0,0.0,886.3,1006.8,0.5,14.5,20.1
53614,YINCHUAN,2024-06-06 03:00:00,71.0,280.0,1.0,0.0,886.8,1008.2,0.5,14.4,19.8
53614,YINCHUAN,2024-06-06 06:00:00,83.0,80.0,2.0,7.0,887.9,1010.4,1.1,14.2,17.1
53614,YINCHUAN,2024-06-06 09:00:00,85.1,30.0,3.0,20.0,888.5,1011.4,0.6,13.8,16.3
53614,YINCHUAN,2024-06-06 12:00:00,76.8,80.0,1.0,20.0,888.8,1011.4,0.3,12.8,16.9
53614,YINCHUAN,2024-06-06 15:00:00,85.0,330.0,1.0,20.0,889.8,1013.0,1.0,12.7,15.2
53614,YINCHUAN,2024-06-06 18:00:00,94.2,0.0,0.0,13.0,888.5,1012.7,1.3,11.7,12.6
53614,YINCHUAN,2024-06-06 21:00:00,94.8,220.0,1.0,0.0,888.5,1013.0,0.0,11.3,12.1
53614,YINCHUAN,2024-06-07 00:00:00,86.2,210.0,1.0,0.0,888.7,1012.3,0.2,13.2,15.5
53614,YINCHUAN,2024-06-07 03:00:00,61.0,220.0,2.0,0.0,888.6,1011.3,0.1,13.1,20.9
53614,YINCHUAN,2024-06-07 06:00:00,29.0,180.0,2.0,0.0,887.0,1008.8,1.6,7.4,26.9
53614,YINCHUAN,2024-06-07 09:00:00,18.9,260.0,1.0,0.0,885.4,1006.7,1.6,2.7,28.6
53614,YINCHUAN,2024-06-07 12:00:00,32.9,140.0,0.0,0.0,885.4,1007.3,0.0,5.5,22.6
53614,YINCHUAN,2024-06-07 15:00:00,61.2,320.0,1.0,0.0,886.9,1008.7,1.5,10.7,18.3
53614,YINCHUAN,2024-06-07 18:00:00,72.8,0.0,0.0,0.0,886.9,1007.7,0.0,12.0,16.9
53614,YINCHUAN,2024-06-07 21:00:00,82.9,180.0,1.0,0.0,886.8,1007.5,0.1,12.9,15.8
53614,YINCHUAN,2024-06-08 00:00:00,70.1,0.0,0.0,0.0,887.7,1009.0,0.9,13.9,19.5
53614,YINCHUAN,2024-06-08 03:00:00,37.1,170.0,2.0,0.0,888.0,1008.8,0.3,10.4,26.2
53614,YINCHUAN,2024-06-08 06:00:00,23.0,190.0,2.0,0.0,886.8,1007.2,1.2,5.6,28.8
53614,YINCHUAN,2024-06-08 09:00:00,20.0,160.0,1.0,0.0,885.1,1005.5,1.7,3.8,29.0
53614,YINCHUAN,2024-06-08 12:00:00,32.0,220.0,2.0,0.0,885.5,1006.0,0.4,7.0,24.8
53614,YINCHUAN,2024-06-08 15:00:00,65.1,190.0,1.0,0.0,885.8,1006.2,0.3,12.2,18.9
53614,YINCHUAN,2024-06-08 18:00:00,51.1,220.0,2.0,0.0,885.9,1005.5,0.1,9.7,20.1
53614,YINCHUAN,2024-06-08 21:00:00,54.0,210.0,1.0,0.0,885.7,1005.5,0.2,9.4,18.9
53614,YINCHUAN,2024-06-09 00:00:00,52.5,260.0,1.5,0.0,885.8,1007.1,0.9,9.4,19.4
53614,YINCHUAN,2024-06-09 03:00:00,51.0,220.0,2.0,0.0,885.9,1007.7,1.4,9.4,20.0
53614,YINCHUAN,2024-06-09 06:00:00,54.0,200.0,1.0,0.0,885.5,1007.1,0.7,9.4,18.9
53614,YINCHUAN,2024-06-09 09:00:00,49.0,200.0,2.0,0.0,886.6,1006.7,1.2,10.6,21.7
53614,YINCHUAN,2024-06-09 12:00:00,38.0,180.0,2.0,0.0,886.6,1004.6,1.1,11.1,26.1
53614,YINCHUAN,2024-06-09 15:00:00,20.0,180.0,3.0,0.0,885.5,1004.9,1.4,3.9,29.4
53614,YINCHUAN,2024-06-09 18:00:00,21.0,200.0,2.0,0.0,883.2,1001.6,1.5,5.6,30.0
53614,YINCHUAN,2024-06-09 21:00:00,36.0,220.0,0.0,0.0,883.2,1000.9,0.7,9.4,25.6
53614,YINCHUAN,2024-06-10 00:00:00,46.1,240.0,2.0,0.0,884.2,1003.9,0.1,9.8,21.9
53614,YINCHUAN,2024-06-10 03:00:00,34.9,200.0,2.0,0.0,883.5,1003.2,0.7,11.1,28.0
53614,YINCHUAN,2024-06-10 06:00:00,21.0,200.0,2.0,0.0,882.2,1001.2,1.3,6.9,31.9
53614,YINCHUAN,2024-06-10 09:00:00,20.0,210.0,1.0,0.0,881.2,1000.5,1.0,6.2,31.9
53614,YINCHUAN,2024-06-10 12:00:00,31.0,220.0,1.0,0.0,881.4,1000.3,0.2,8.8,27.4
53614,YINCHUAN,2024-06-10 15:00:00,53.9,160.0,1.0,0.0,882.3,1001.6,0.9,10.3,19.9
53614,YINCHUAN,2024-06-10 18:00:00,59.9,220.0,1.0,0.0,882.2,1001.1,0.1,10.2,18.1
53614,YINCHUAN,2024-06-10 21:00:00,61.9,210.0,1.0,0.0,882.4,1001.7,0.2,8.9,16.2
53614,YINCHUAN,2024-06-11 00:00:00,45.0,210.0,2.0,0.0,883.3,1002.3,0.9,10.0,22.5
53614,YINCHUAN,2024-06-11 03:00:00,28.1,190.0,2.0,0.0,882.8,1001.7,0.5,9.8,30.3
53614,YINCHUAN,2024-06-11 06:00:00,20.1,170.0,2.0,0.0,881.5,1000.2,1.3,6.3,32.0
53614,YINCHUAN,2024-06-11 09:00:00,11.0,310.0,2.0,0.0,879.5,997.7,2.0,0.4,35.3
53614,YINCHUAN,2024-06-11 12:00:00,21.0,20.0,2.0,0.0,879.7,997.5,0.2,6.0,30.8
53614,YINCHUAN,2024-06-11 15:00:00,50.8,10.0,0.0,0.0,880.6,998.9,0.9,10.9,21.5
53614,YINCHUAN,2024-06-11 18:00:00,64.1,160.0,1.0,0.0,880.3,998.8,0.3,11.4,18.3
53614,YINCHUAN,2024-06-11 21:00:00,69.0,350.0,1.0,0.0,880.4,998.6,0.1,11.0,16.7
53614,YINCHUAN,2024-06-12 00:00:00,49.9,210.0,1.0,0.0,880.9,998.6,0.5,12.9,24.0
53614,YINCHUAN,2024-06-12 03:00:00,32.0,170.0,2.0,0.0,880.9,999.1,0.0,12.3,30.9
53614,YINCHUAN,2024-06-12 06:00:00,12.0,280.0,5.0,0.0,879.8,998.0,1.1,0.2,33.5
53614,YINCHUAN,2024-06-12 09:00:00,13.0,80.0,1.0,0.0,878.2,996.0,1.6,3.0,35.6
53614,YINCHUAN,2024-06-12 12:00:00,18.9,40.0,2.0,0.0,878.5,995.8,0.3,4.9,31.3
53614,YINCHUAN,2024-06-12 15:00:00,47.2,240.0,0.0,0.0,879.2,997.2,0.7,9.5,21.2
53614,YINCHUAN,2024-06-12 18:00:00,59.0,240.0,1.0,0.0,878.5,996.3,0.7,11.0,19.2
53614,YINCHUAN,2024-06-12 21:00:00,67.9,310.0,0.0,0.0,878.5,996.2,0.0,11.7,17.7
53845,YAN AN,2024-06-06 00:00:00,87.2,110.0,1.0,0.0,882.6,1012.7,0.4,11.9,14.0
53845,YAN AN,2024-06-06 03:00:00,64.9,50.0,1.0,0.0,882.3,1011.8,0.3,13.1,19.9
53845,YAN AN,2024-06-06 06:00:00,57.9,110.0,1.0,0.0,881.2,1010.9,1.1,12.3,20.9
53845,YAN AN,2024-06-06 09:00:00,71.9,80.0,1.0,0.0,880.2,1010.7,1.0,14.1,19.3
53845,YAN AN,2024-06-06 12:00:00,90.2,300.0,1.0,0.9,881.2,1012.3,1.0,14.7,16.3
53845,YAN AN,2024-06-06 15:00:00,93.8,320.0,1.0,1.0,882.1,1012.1,0.9,14.6,15.6
53845,YAN AN,2024-06-06 18:00:00,96.8,190.0,1.0,2.0,880.6,1010.2,1.5,14.6,15.1
53845,YAN AN,2024-06-06 21:00:00,98.1,280.0,2.0,2.0,880.2,1010.3,0.4,14.2,14.5
53845,YAN AN,2024-06-07 00:00:00,90.2,70.0,2.0,2.0,881.0,1011.5,0.8,14.5,16.1
53845,YAN AN,2024-06-07 03:00:00,55.9,30.0,4.0,1.0,881.5,1011.2,0.5,11.5,20.6
53845,YAN AN,2024-06-07 06:00:00,36.1,40.0,3.0,0.3,880.4,1009.1,1.1,8.6,24.6
53845,YAN AN,2024-06-07 09:00:00,30.1,60.0,3.0,0.0,879.1,1007.4,1.3,7.4,26.3
53845,YAN AN,2024-06-07 12:00:00,33.1,80.0,2.0,0.0,879.1,1007.9,0.0,5.3,22.3
53845,YAN AN,2024-06-07 15:00:00,50.9,150.0,1.0,0.0,880.5,1009.5,1.4,7.5,17.8
53845,YAN AN,2024-06-07 18:00:00,69.0,10.0,1.0,0.0,880.7,1009.6,0.2,8.8,14.4
53845,YAN AN,2024-06-07 21:00:00,74.0,20.0,1.0,0.0,881.2,1010.2,0.5,8.2,12.7
53845,YAN AN,2024-06-08 00:00:00,73.1,290.0,0.0,0.0,882.3,1012.3,1.1,8.3,13.0
53845,YAN AN,2024-06-08 03:00:00,49.1,50.0,1.0,0.0,882.1,1011.5,0.2,9.2,20.2
53845,YAN AN,2024-06-08 06:00:00,17.0,70.0,2.0,0.0,880.6,1008.7,1.5,0.9,28.2
53845,YAN AN,2024-06-08 09:00:00,19.0,160.0,1.0,0.0,879.1,1007.4,1.5,2.3,28.1
53845,YAN AN,2024-06-08 12:00:00,30.1,240.0,4.0,0.0,879.4,1008.8,0.3,4.8,23.3
53845,YAN AN,2024-06-08 15:00:00,39.0,260.0,3.0,0.0,880.2,1008.7,0.8,5.8,20.2
53845,YAN AN,2024-06-08 18:00:00,54.1,230.0,2.0,0.0,880.1,1007.7,0.1,7.0,16.3
53845,YAN AN,2024-06-08 21:00:00,63.1,260.0,1.0,0.0,880.1,1008.2,0.0,7.1,14.0
53845,YAN AN,2024-06-09 00:00:00,58.5,150.0,1.5,0.0,880.1,1010.2,0.7,7.2,15.0
53845,YAN AN,2024-06-09 03:00:00,54.0,220.0,2.0,0.0,880.1,1009.4,0.6,7.2,16.1
53845,YAN AN,2024-06-09 06:00:00,63.0,270.0,1.0,0.0,880.1,1011.1,0.5,7.2,13.9
53845,YAN AN,2024-06-09 09:00:00,61.0,110.0,1.0,0.0,880.8,1012.1,0.7,9.4,17.2
53845,YAN AN,2024-06-09 12:00:00,30.0,90.0,2.0,0.0,880.5,1005.6,1.3,7.8,26.7
53845,YAN AN,2024-06-09 15:00:00,20.0,160.0,3.0,0.0,879.1,1004.5,1.2,5.0,30.6
53845,YAN AN,2024-06-09 18:00:00,17.0,250.0,5.0,0.0,877.8,1009.8,0.9,2.2,30.0
53845,YAN AN,2024-06-09 21:00:00,32.0,220.0,4.0,0.0,878.4,1007.2,0.8,7.8,25.6
53845,YAN AN,2024-06-10 00:00:00,51.1,270.0,0.0,0.0,879.2,1007.0,0.3,7.3,17.5
53845,YAN AN,2024-06-10 03:00:00,27.1,80.0,3.0,0.0,878.0,1003.9,1.2,7.4,28.1
53845,YAN AN,2024-06-10 06:00:00,16.0,250.0,4.0,0.0,876.8,1003.4,1.2,0.9,29.3
53845,YAN AN,2024-06-10 09:00:00,18.0,220.0,3.0,0.0,875.8,1002.8,1.0,2.8,29.6
53845,YAN AN,2024-06-10 12:00:00,28.0,230.0,5.0,0.0,876.5,1003.8,0.7,6.1,26.0
53845,YAN AN,2024-06-10 15:00:00,36.1,260.0,3.0,0.0,877.3,1003.0,0.8,7.1,22.9
53845,YAN AN,2024-06-10 18:00:00,49.0,220.0,2.0,0.0,877.2,1003.3,0.1,8.7,19.7
53845,YAN AN,2024-06-10 21:00:00,60.1,300.0,2.0,0.0,877.7,1004.4,0.5,9.4,17.2
53845,YAN AN,2024-06-11 00:00:00,55.9,210.0,1.0,0.0,877.7,1004.5,0.0,11.4,20.5
53845,YAN AN,2024-06-11 03:00:00,26.0,280.0,2.0,0.0,876.6,1001.7,1.1,8.7,30.3
53845,YAN AN,2024-06-11 06:00:00,20.0,20.0,8.0,0.0,875.1,1000.7,1.5,4.8,30.2
53845,YAN AN,2024-06-11 09:00:00,38.0,200.0,2.0,0.8,875.2,1002.2,0.1,11.3,26.8
53845,YAN AN,2024-06-11 12:00:00,36.1,230.0,3.0,0.8,875.1,1001.7,0.1,9.2,25.3
53845,YAN AN,2024-06-11 15:00:00,44.9,250.0,2.0,0.8,875.8,1001.0,0.7,9.4,21.9
53845,YAN AN,2024-06-11 18:00:00,53.0,230.0,1.0,0.8,875.0,1000.7,0.8,9.4,19.2
53845,YAN AN,2024-06-11 21:00:00,62.1,220.0,2.0,0.0,875.4,1002.5,0.4,9.7,17.0
53845,YAN AN,2024-06-12 00:00:00,53.0,250.0,2.0,0.0,875.7,1002.3,0.3,10.8,20.7
53845,YAN AN,2024-06-12 03:00:00,30.9,270.0,2.0,0.0,875.2,1000.4,0.5,11.0,30.0
53845,YAN AN,2024-06-12 06:00:00,24.0,110.0,3.0,0.7,874.0,999.6,1.2,7.5,30.3
53845,YAN AN,2024-06-12 09:00:00,13.0,230.0,3.0,0.7,872.3,997.1,1.7,2.4,34.9
53845,YAN AN,2024-06-12 12:00:00,19.0,240.0,2.0,0.7,872.2,997.2,0.1,4.2,30.4
53845,YAN AN,2024-06-12 15:00:00,31.9,250.0,2.0,0.7,873.1,997.1,0.9,8.0,26.0
53845,YAN AN,2024-06-12 18:00:00,38.0,220.0,2.0,0.0,872.7,997.2,0.4,8.1,23.2
53845,YAN AN,2024-06-12 21:00:00,45.1,240.0,2.0,0.0,872.9,997.0,0.2,8.2,20.5
54026,JARUD QI,2024-06-06 00:00:00,58.8,200.0,3.0,0.0,976.7,1006.9,0.9,13.3,21.7
54026,JARUD QI,2024-06-06 03:00:00,36.0,190.0,5.0,0.0,975.4,1005.3,1.3,11.2,27.6
54026,JARUD QI,2024-06-06 06:00:00,29.0,210.0,5.0,0.0,972.2,1002.0,3.2,10.9,31.0
54026,JARUD QI,2024-06-06 09:00:00,22.1,240.0,4.0,0.0,970.4,1000.2,1.8,8.1,32.5
54026,JARUD QI,2024-06-06 12:00:00,27.0,290.0,2.0,0.0,971.6,1001.5,1.2,6.6,27.2
54026,JARUD QI,2024-06-06 15:00:00,36.1,290.0,2.0,0.0,972.9,1002.8,1.3,7.7,23.6
54026,JARUD QI,2024-06-06 18:00:00,47.9,300.0,1.0,0.0,973.9,1003.8,1.0,8.0,19.3
54026,JARUD QI,2024-06-06 21:00:00,51.0,330.0,1.0,0.0,974.2,1004.1,0.3,9.1,19.5
54026,JARUD QI,2024-06-07 00:00:00,44.1,310.0,1.0,0.0,974.1,1004.1,0.1,9.5,22.3
54026,JARUD QI,2024-06-07 03:00:00,32.1,220.0,3.0,0.0,973.4,1003.3,0.7,8.7,26.7
54026,JARUD QI,2024-06-07 06:00:00,37.0,210.0,5.0,0.0,973.4,1003.7,0.0,8.5,24.1
54026,JARUD QI,2024-06-07 09:00:00,36.9,220.0,4.0,0.0,972.0,1002.2,1.4,8.4,24.0
54026,JARUD QI,2024-06-07 12:00:00,55.0,190.0,3.0,0.0,972.6,1002.9,0.6,10.6,19.9
54026,JARUD QI,2024-06-07 15:00:00,68.1,220.0,1.0,0.0,972.8,1003.1,0.2,10.5,16.4
54026,JARUD QI,2024-06-07 18:00:00,80.0,240.0,1.0,0.0,972.2,1002.7,0.6,11.2,14.6
54026,JARUD QI,2024-06-07 21:00:00,90.0,290.0,1.0,0.0,971.7,1002.3,0.5,11.3,12.9
54026,JARUD QI,2024-06-08 00:00:00,62.0,350.0,1.0,0.0,971.9,1002.3,0.2,12.5,20.0
54026,JARUD QI,2024-06-08 03:00:00,18.0,350.0,4.0,0.0,971.3,1001.5,0.6,0.1,26.3
54026,JARUD QI,2024-06-08 06:00:00,17.0,130.0,2.0,0.0,969.6,999.8,1.7,0.5,27.8
54026,JARUD QI,2024-06-08 09:00:00,17.0,310.0,4.0,0.0,968.9,999.1,0.7,1.0,28.4
54026,JARUD QI,2024-06-08 12:00:00,25.9,350.0,2.0,0.0,971.4,1001.6,2.5,3.3,24.0
54026,JARUD QI,2024-06-08 15:00:00,37.0,320.0,2.0,0.0,972.7,1002.8,1.3,4.8,19.9
54026,JARUD QI,2024-06-08 18:00:00,50.1,290.0,2.0,0.0,973.5,1003.7,0.8,6.9,17.4
54026,JARUD QI,2024-06-08 21:00:00,60.1,340.0,3.0,0.0,974.8,1005.1,1.3,8.0,15.7
54026,JARUD QI,2024-06-09 00:00:00,46.9,200.0,2.0,0.0,976.3,1006.6,1.5,8.5,20.2
54026,JARUD QI,2024-06-09 03:00:00,48.3,200.0,1.9,0.0,975.6,1005.8,1.5,8.5,19.8
54026,JARUD QI,2024-06-09 06:00:00,49.8,210.0,1.7,0.0,974.8,1005.1,1.4,8.5,19.3
54026,JARUD QI,2024-06-09 09:00:00,51.2,210.0,1.6,0.0,974.1,1004.3,1.4,8.5,18.9
54026,JARUD QI,2024-06-09 12:00:00,52.6,210.0,1.4,0.0,973.4,1003.6,1.3,8.5,18.4
54026,JARUD QI,2024-06-09 15:00:00,54.0,210.0,1.3,0.0,972.7,1002.8,1.3,8.5,18.0
54026,JARUD QI,2024-06-09 18:00:00,55.5,220.0,1.1,0.0,971.9,1002.1,1.2,8.5,17.5
54026,JARUD QI,2024-06-09 21:00:00,56.9,220.0,1.0,0.0,971.2,1001.3,1.2,8.5,17.1
54026,JARUD QI,2024-06-10 00:00:00,43.1,190.0,2.0,0.0,970.0,1000.0,1.2,9.6,22.8
54026,JARUD QI,2024-06-10 03:00:00,29.0,180.0,3.0,0.0,968.2,998.1,1.8,9.5,29.4
54026,JARUD QI,2024-06-10 06:00:00,22.0,160.0,2.0,0.0,966.7,996.3,1.5,8.9,33.5
54026,JARUD QI,2024-06-10 09:00:00,21.0,170.0,2.0,0.0,965.4,995.1,1.3,8.0,33.3
54026,JARUD QI,2024-06-10 12:00:00,33.9,250.0,1.0,0.0,966.0,995.6,0.6,11.0,28.4
54026,JARUD QI,2024-06-10 15:00:00,33.0,240.0,3.0,0.0,967.1,996.5,1.1,9.0,26.6
54026,JARUD QI,2024-06-10 18:00:00,33.1,300.0,1.0,0.0,965.8,995.1,1.3,8.0,25.4
54026,JARUD QI,2024-06-10 21:00:00,51.1,270.0,1.0,0.0,967.2,996.8,1.4,9.6,20.0
54026,JARUD QI,2024-06-11 00:00:00,33.0,80.0,3.0,0.0,967.3,996.8,0.1,9.8,27.5
54026,JARUD QI,2024-06-11 03:00:00,35.1,10.0,2.0,0.0,966.4,995.8,0.9,13.1,30.2
54026,JARUD QI,2024-06-11 06:00:00,32.9,350.0,4.0,0.0,966.6,996.0,0.2,12.9,31.1
54026,JARUD QI,2024-06-11 09:00:00,32.9,70.0,4.0,0.0,967.0,996.7,0.4,12.3,30.4
54026,JARUD QI,2024-06-11 12:00:00,59.0,40.0,2.0,0.0,969.1,998.8,2.1,15.4,23.9
54026,JARUD QI,2024-06-11 15:00:00,71.2,40.0,3.0,0.0,971.2,1001.0,2.1,15.4,20.8
54026,JARUD QI,2024-06-11 18:00:00,77.1,10.0,2.0,0.0,972.0,1001.9,0.8,14.9,19.0
54026,JARUD QI,2024-06-11 21:00:00,77.9,350.0,2.0,0.0,973.2,1003.2,1.2,14.1,18.0
54026,JARUD QI,2024-06-12 00:00:00,60.9,60.0,2.0,0.0,974.3,1004.5,1.1,14.5,22.4
54026,JARUD QI,2024-06-12 03:00:00,48.0,130.0,2.0,0.0,973.5,1003.6,0.8,13.7,25.5
54026,JARUD QI,2024-06-12 06:00:00,46.0,100.0,3.0,0.0,971.8,1001.9,1.7,14.5,27.1
54026,JARUD QI,2024-06-12 09:00:00,42.9,100.0,3.0,0.0,969.4,999.5,2.4,13.6,27.3
54026,JARUD QI,2024-06-12 12:00:00,86.1,340.0,5.0,5.0,972.5,1002.8,3.1,17.6,20.0
54026,JARUD QI,2024-06-12 15:00:00,82.9,140.0,1.0,7.0,968.8,998.8,3.7,17.1,20.1
54026,JARUD QI,2024-06-12 18:00:00,85.0,230.0,1.0,8.0,967.5,997.4,1.3,17.7,20.3
54026,JARUD QI,2024-06-12 21:00:00,89.8,20.0,0.0,8.0,967.9,997.9,0.4,17.0,18.7
54511,베이징,2024-06-06 00:00:00,63.1,80.0,1.0,0.0,1009.9,1013.8,0.5,15.8,23.2
54511,베이징,2024-06-06 03:00:00,46.0,250.0,2.0,0.0,1008.6,1012.5,1.3,14.6,27.2
54511,베이징,2024-06-06 06:00:00,39.0,210.0,3.0,0.0,1006.0,1009.9,2.6,14.2,29.6
54511,베이징,2024-06-06 09:00:00,38.1,210.0,4.0,0.0,1005.0,1008.9,1.0,13.2,28.9
54511,베이징,2024-06-06 12:00:00,44.0,180.0,1.0,0.0,1005.3,1009.2,0.3,13.8,27.1
54511,베이징,2024-06-06 15:00:00,54.1,210.0,1.0,0.0,1005.3,1009.2,0.0,14.9,24.8
54511,베이징,2024-06-06 18:00:00,46.9,210.0,2.0,0.0,1004.1,1008.0,1.2,12.6,24.7
54511,베이징,2024-06-06 21:00:00,49.1,190.0,3.0,0.0,1003.1,1007.0,1.0,12.2,23.5
54511,베이징,2024-06-07 00:00:00,56.2,210.0,1.0,0.0,1003.5,1007.4,0.4,13.8,23.0
54511,베이징,2024-06-07 03:00:00,92.8,60.0,1.0,4.0,1004.1,1008.1,0.6,18.5,19.7
54511,베이징,2024-06-07 06:00:00,96.9,20.0,1.0,21.0,1004.0,1008.0,0.1,17.1,17.6
54511,베이징,2024-06-07 09:00:00,81.2,50.0,2.0,23.0,1002.3,1006.3,1.7,15.7,19.0
54511,베이징,2024-06-07 12:00:00,85.9,240.0,1.0,23.0,1003.1,1007.1,0.8,16.3,18.7
54511,베이징,2024-06-07 15:00:00,96.3,260.0,1.0,20.0,1003.3,1007.3,0.2,16.5,17.1
54511,베이징,2024-06-07 18:00:00,98.7,190.0,1.0,2.0,1002.8,1006.8,0.5,16.3,16.5
54511,베이징,2024-06-07 21:00:00,98.7,0.0,0.0,0.0,1002.8,1006.8,0.0,15.8,16.0
54511,베이징,2024-06-08 00:00:00,83.9,200.0,1.0,0.0,1002.9,1006.9,0.1,17.1,19.9
54511,베이징,2024-06-08 03:00:00,69.1,210.0,3.0,0.0,1001.6,1005.6,1.3,17.9,23.9
54511,베이징,2024-06-08 06:00:00,53.0,200.0,3.0,0.0,999.1,1003.0,2.5,18.0,28.5
54511,베이징,2024-06-08 09:00:00,51.0,190.0,2.0,0.0,997.5,1001.4,1.6,19.4,30.7
54511,베이징,2024-06-08 12:00:00,64.2,50.0,2.0,0.0,998.3,1002.2,0.8,20.7,28.1
54511,베이징,2024-06-08 15:00:00,73.8,50.0,1.0,0.0,999.2,1003.1,0.9,20.1,25.1
54511,베이징,2024-06-08 18:00:00,87.9,60.0,1.0,0.0,999.7,1003.6,0.5,20.1,22.2
54511,베이징,2024-06-08 21:00:00,95.2,50.0,1.0,0.0,1000.4,1004.3,0.7,19.9,20.7
54511,베이징,2024-06-09 00:00:00,91.6,100.0,1.0,0.0,1000.0,1004.5,0.4,20.0,21.4
54511,베이징,2024-06-09 03:00:00,88.0,70.0,1.0,0.0,999.7,1003.9,0.4,20.0,22.2
54511,베이징,2024-06-09 06:00:00,95.0,40.0,1.0,0.0,1000.3,1005.3,0.5,20.0,20.6
54511,베이징,2024-06-09 09:00:00,65.0,40.0,2.0,0.0,1001.7,1004.2,0.4,18.9,26.1
54511,베이징,2024-06-09 12:00:00,33.0,20.0,2.0,0.0,1001.0,1004.2,1.0,13.3,31.7
54511,베이징,2024-06-09 15:00:00,26.0,200.0,3.0,0.0,1000.0,1002.4,1.2,12.2,34.4
54511,베이징,2024-06-09 18:00:00,26.0,180.0,4.0,0.0,999.0,1003.2,1.3,12.2,34.4
54511,베이징,2024-06-09 21:00:00,34.0,160.0,2.0,0.0,999.7,1003.3,1.6,12.8,30.6
54511,베이징,2024-06-10 00:00:00,70.1,60.0,2.0,0.0,1001.4,1005.3,0.0,18.4,24.2
54511,베이징,2024-06-10 03:00:00,53.9,90.0,1.0,0.0,999.5,1003.3,1.9,18.9,29.2
54511,베이징,2024-06-10 06:00:00,38.1,180.0,3.0,0.0,997.0,1000.8,2.5,17.0,33.2
54511,베이징,2024-06-10 09:00:00,39.9,260.0,2.0,0.0,997.0,1000.9,0.0,16.4,31.7
54511,베이징,2024-06-10 12:00:00,40.9,40.0,1.0,0.0,997.1,1001.0,0.1,13.4,27.9
54511,베이징,2024-06-10 15:00:00,46.0,80.0,1.0,0.0,997.2,1001.1,0.1,14.3,26.9
54511,베이징,2024-06-10 18:00:00,60.0,140.0,1.0,0.0,996.0,999.8,1.2,15.2,23.4
54511,베이징,2024-06-10 21:00:00,79.9,110.0,1.0,0.0,996.3,1000.2,0.3,17.4,21.0
54511,베이징,2024-06-11 00:00:00,70.0,110.0,1.0,0.0,996.0,999.9,0.3,20.2,26.1
54511,베이징,2024-06-11 03:00:00,36.0,240.0,2.0,0.0,994.4,998.2,1.6,14.9,31.8
54511,베이징,2024-06-11 06:00:00,32.0,200.0,3.0,0.0,992.5,996.3,1.9,15.6,34.7
54511,베이징,2024-06-11 09:00:00,31.1,160.0,1.0,0.0,991.5,995.3,1.0,16.6,36.4
54511,베이징,2024-06-11 12:00:00,71.1,50.0,4.0,2.0,996.1,1000.0,4.6,17.2,22.7
54511,베이징,2024-06-11 15:00:00,44.1,250.0,3.0,2.0,994.0,997.8,2.1,13.3,26.5
54511,베이징,2024-06-11 18:00:00,61.9,20.0,1.0,2.0,993.6,997.4,0.4,15.4,23.1
54511,베이징,2024-06-11 21:00:00,82.9,160.0,1.0,2.0,995.4,999.2,1.8,17.4,20.4
54511,베이징,2024-06-12 00:00:00,52.0,60.0,2.0,0.3,996.3,1000.2,0.9,16.6,27.3
54511,베이징,2024-06-12 03:00:00,40.9,110.0,2.0,0.0,995.9,999.7,0.4,16.9,31.8
54511,베이징,2024-06-12 06:00:00,34.9,200.0,3.0,0.0,994.0,997.8,1.9,16.7,34.4
54511,베이징,2024-06-12 09:00:00,28.0,150.0,2.0,0.0,992.7,996.5,1.3,14.7,36.1
54511,베이징,2024-06-12 12:00:00,48.9,110.0,3.0,0.0,993.5,997.3,0.8,20.1,32.2
54511,베이징,2024-06-12 15:00:00,51.1,350.0,2.0,0.0,998.3,1002.1,4.8,17.7,28.8
54511,베이징,2024-06-12 18:00:00,57.0,280.0,2.0,0.0,994.4,998.2,3.9,16.0,25.1
54511,베이징,2024-06-12 21:00:00,66.9,140.0,1.0,0.0,994.3,998.1,0.1,16.8,23.3
54823,지난,2024-06-06 00:00:00,63.2,210.0,3.0,0.0,996.2,1016.0,0.8,16.1,23.5
54823,지난,2024-06-06 03:00:00,44.0,220.0,2.0,0.0,995.0,1014.7,1.2,14.8,28.2
54823,지난,2024-06-06 06:00:00,27.0,140.0,3.0,0.0,992.7,1012.3,2.3,9.5,30.6
54823,지난,2024-06-06 09:00:00,32.9,210.0,3.0,0.0,991.7,1011.4,1.0,10.9,28.8
54823,지난,2024-06-06 12:00:00,34.1,220.0,1.0,0.0,992.4,1012.1,0.7,9.4,26.5
54823,지난,2024-06-06 15:00:00,42.1,200.0,4.0,0.0,992.7,1012.3,0.3,11.5,25.3
54823,지난,2024-06-06 18:00:00,41.1,180.0,4.0,0.0,991.2,1010.7,1.5,10.8,24.9
54823,지난,2024-06-06 21:00:00,51.9,100.0,3.0,0.0,990.1,1009.7,1.1,12.6,23.0
54823,지난,2024-06-07 00:00:00,50.2,180.0,3.0,0.0,990.5,1010.1,0.4,12.9,23.9
54823,지난,2024-06-07 03:00:00,45.9,200.0,6.0,0.0,989.7,1009.3,0.8,13.0,25.5
54823,지난,2024-06-07 06:00:00,32.0,200.0,4.0,0.0,987.5,1006.9,2.2,11.7,30.2
54823,지난,2024-06-07 09:00:00,33.0,190.0,4.0,0.0,985.5,1005.0,2.0,11.2,29.1
54823,지난,2024-06-07 12:00:00,92.8,90.0,2.0,2.0,988.2,1008.0,2.7,18.6,19.8
54823,지난,2024-06-07 15:00:00,87.7,120.0,2.0,2.0,987.9,1007.6,0.3,18.2,20.3
54823,지난,2024-06-07 18:00:00,89.9,120.0,1.0,2.0,987.4,1007.0,0.5,17.4,19.1
54823,지난,2024-06-07 21:00:00,92.1,120.0,1.0,2.0,988.5,1008.2,1.1,16.7,18.0
54823,지난,2024-06-08 00:00:00,64.9,260.0,1.0,0.3,988.6,1008.4,0.1,16.7,23.7
54823,지난,2024-06-08 03:00:00,42.0,290.0,2.0,0.0,988.2,1007.8,0.4,15.5,29.8
54823,지난,2024-06-08 06:00:00,26.0,240.0,3.0,0.0,987.0,1006.5,1.2,10.0,31.9
54823,지난,2024-06-08 09:00:00,27.0,230.0,3.0,0.0,985.3,1004.8,1.7,10.4,31.7
54823,지난,2024-06-08 12:00:00,30.9,190.0,2.0,0.0,985.6,1005.0,0.3,10.4,29.3
54823,지난,2024-06-08 15:00:00,36.1,120.0,2.0,0.0,986.0,1005.3,0.4,10.7,27.0
54823,지난,2024-06-08 18:00:00,38.1,170.0,3.0,0.0,985.8,1005.1,0.2,11.6,27.1
54823,지난,2024-06-08 21:00:00,32.0,160.0,3.0,0.0,985.8,1005.1,0.0,8.5,26.5
54823,지난,2024-06-09 00:00:00,32.0,160.0,2.9,0.0,985.8,1005.1,0.1,8.6,26.6
54823,지난,2024-06-09 03:00:00,32.0,150.0,2.8,0.0,985.9,1005.1,0.1,8.7,26.7
54823,지난,2024-06-09 06:00:00,32.0,140.0,2.6,0.0,985.9,1005.1,0.2,8.8,26.8
54823,지난,2024-06-09 09:00:00,32.0,140.0,2.5,0.0,986.0,1005.1,0.2,8.9,27.0
54823,지난,2024-06-09 12:00:00,32.1,140.0,2.4,0.0,986.0,1005.2,0.3,9.0,27.1
54823,지난,2024-06-09 15:00:00,32.1,130.0,2.2,0.0,986.0,1005.2,0.4,9.1,27.2
54823,지난,2024-06-09 18:00:00,32.1,120.0,2.1,0.0,986.1,1005.2,0.4,9.2,27.3
54823,지난,2024-06-09 21:00:00,32.1,120.0,2.0,0.0,986.1,1005.2,0.5,9.3,27.4
54823,지난,2024-06-10 00:00:00,22.0,230.0,2.0,0.0,986.4,1005.4,0.3,8.4,32.9
54823,지난,2024-06-10 03:00:00,19.0,280.0,2.0,0.0,985.1,1004.1,1.3,9.2,36.5
54823,지난,2024-06-10 06:00:00,15.1,250.0,3.0,0.0,983.4,1002.4,1.7,7.1,38.2
54823,지난,2024-06-10 09:00:00,17.0,240.0,4.0,0.0,982.4,1001.4,1.0,8.3,37.5
54823,지난,2024-06-10 12:00:00,22.1,220.0,1.0,0.0,983.5,1002.5,1.1,9.5,34.2
54823,지난,2024-06-10 15:00:00,26.0,150.0,2.0,0.0,984.6,1003.5,1.1,10.0,31.9
54823,지난,2024-06-10 18:00:00,42.1,170.0,4.0,0.0,984.2,1003.1,0.4,16.0,30.3
54823,지난,2024-06-10 21:00:00,51.1,170.0,4.0,0.0,984.4,1003.4,0.2,17.6,28.7
54823,지난,2024-06-11 00:00:00,47.0,190.0,3.0,0.0,984.2,1003.2,0.2,18.1,30.7
54823,지난,2024-06-11 03:00:00,35.0,180.0,5.0,0.0,983.0,1002.0,1.2,17.1,34.8
54823,지난,2024-06-11 06:00:00,26.9,210.0,5.0,0.0,980.9,999.8,2.1,14.7,36.8
54823,지난,2024-06-11 09:00:00,28.0,220.0,5.0,0.0,979.9,998.9,1.0,14.8,36.2
54823,지난,2024-06-11 12:00:00,31.0,180.0,5.0,0.0,980.9,999.9,1.0,13.8,33.2
54823,지난,2024-06-11 15:00:00,27.0,160.0,4.0,0.0,981.4,1000.3,0.5,10.6,31.9
54823,지난,2024-06-11 18:00:00,28.9,170.0,4.0,0.0,981.6,1000.5,0.2,10.0,30.0
54823,지난,2024-06-11 21:00:00,41.9,170.0,4.0,0.0,981.0,1000.0,0.6,14.5,28.7
54823,지난,2024-06-12 00:00:00,45.1,170.0,4.0,0.0,982.0,1001.0,1.0,16.9,30.1
54823,지난,2024-06-12 03:00:00,35.0,220.0,5.0,0.0,981.8,1000.7,0.2,17.1,34.8
54823,지난,2024-06-12 06:00:00,28.1,210.0,4.0,0.0,979.9,998.7,1.9,16.7,38.4
54823,지난,2024-06-12 09:00:00,25.1,230.0,5.0,0.0,978.6,997.5,1.3,15.1,38.6
54823,지난,2024-06-12 12:00:00,38.9,130.0,8.0,0.0,981.1,1000.2,2.5,15.3,30.9
54823,지난,2024-06-12 15:00:00,33.0,150.0,5.0,0.0,980.6,999.5,0.5,13.7,32.0
54823,지난,2024-06-12 18:00:00,32.9,170.0,5.0,0.0,980.4,999.2,0.2,13.6,31.9
54823,지난,2024-06-12 21:00:00,38.0,180.0,4.0,0.0,980.8,999.6,0.4,14.3,30.2
54857,칭따오,2024-06-06 00:00:00,91.0,150.0,2.0,0.0,1009.0,1018.2,1.5,17.5,19.0
54857,칭따오,2024-06-06 03:00:00,83.0,170.0,5.0,0.0,1008.8,1017.9,0.2,17.9,20.9
54857,칭따오,2024-06-06 06:00:00,80.9,170.0,5.0,0.0,1006.8,1015.9,2.0,17.6,21.0
54857,칭따오,2024-06-06 09:00:00,88.2,150.0,3.0,0.0,1005.3,1014.4,1.5,17.8,19.8
54857,칭따오,2024-06-06 12:00:00,91.0,140.0,3.0,0.0,1006.2,1015.3,0.9,17.0,18.5
54857,칭따오,2024-06-06 15:00:00,91.0,170.0,2.0,0.0,1006.5,1015.6,0.3,16.8,18.3
54857,칭따오,2024-06-06 18:00:00,96.3,170.0,3.0,0.0,1005.2,1014.3,1.3,17.2,17.8
54857,칭따오,2024-06-06 21:00:00,96.3,130.0,2.0,0.0,1004.0,1013.1,1.2,17.0,17.6
54857,칭따오,2024-06-07 00:00:00,91.0,140.0,3.0,0.0,1004.2,1013.3,0.2,17.4,18.9
54857,칭따오,2024-06-07 03:00:00,82.9,170.0,4.0,0.0,1004.1,1013.2,0.1,17.7,20.7
54857,칭따오,2024-06-07 06:00:00,77.0,170.0,4.0,0.0,1001.4,1010.5,2.7,17.2,21.4
54857,칭따오,2024-06-07 09:00:00,76.0,140.0,2.0,0.0,1000.2,1009.3,1.2,17.0,21.4
54857,칭따오,2024-06-07 12:00:00,89.9,140.0,3.0,0.0,1000.3,1009.4,0.1,17.1,18.8
54857,칭따오,2024-06-07 15:00:00,92.1,150.0,3.0,0.0,1000.2,1009.3,0.1,17.2,18.5
54857,칭따오,2024-06-07 18:00:00,95.1,160.0,3.0,0.0,999.1,1008.1,1.1,17.8,18.6
54857,칭따오,2024-06-07 21:00:00,95.7,160.0,3.0,0.0,999.1,1008.1,0.0,18.2,18.9
54857,칭따오,2024-06-08 00:00:00,81.0,160.0,2.0,0.0,999.2,1008.2,0.1,18.4,21.8
54857,칭따오,2024-06-08 03:00:00,52.1,330.0,3.0,0.0,998.7,1007.6,0.5,16.9,27.6
54857,칭따오,2024-06-08 06:00:00,64.8,170.0,4.0,0.0,997.4,1006.4,1.3,18.4,25.5
54857,칭따오,2024-06-08 09:00:00,58.0,200.0,3.0,0.0,996.6,1005.5,0.8,17.2,26.1
54857,칭따오,2024-06-08 12:00:00,77.1,170.0,4.0,0.0,997.4,1006.4,0.8,18.1,22.3
54857,칭따오,2024-06-08 15:00:00,83.0,160.0,3.0,0.0,998.0,1006.9,0.6,18.1,21.1
54857,칭따오,2024-06-08 18:00:00,74.2,170.0,3.0,0.0,997.3,1006.2,0.7,17.0,21.8
54857,칭따오,2024-06-08 21:00:00,77.0,160.0,3.0,0.0,997.4,1006.3,0.1,17.0,21.2
54857,칭따오,2024-06-09 00:00:00,83.0,160.0,3.0,0.0,1004.7,1013.6,0.4,18.9,22.2
54857,칭따오,2024-06-09 03:00:00,79.7,150.0,2.3,0.0,1003.7,1013.6,0.6,17.6,21.5
54857,칭따오,2024-06-09 06:00:00,83.0,170.0,2.3,0.0,1004.0,1014.2,0.6,17.6,20.7
54857,칭따오,2024-06-09 09:00:00,64.3,170.0,2.0,0.0,1004.7,1012.9,1.2,18.9,26.3
54857,칭따오,2024-06-09 12:00:00,34.0,180.0,3.3,0.0,1004.0,1008.9,0.4,16.1,34.1
54857,칭따오,2024-06-09 15:00:00,29.3,170.0,6.3,0.0,1002.7,1010.3,0.4,14.3,34.6
54857,칭따오,2024-06-09 18:00:00,36.3,160.0,7.3,0.0,1002.7,1010.1,0.4,14.6,31.3
54857,칭따오,2024-06-09 21:00:00,56.7,160.0,6.3,0.0,1003.0,1010.6,1.3,17.0,26.3
54857,칭따오,2024-06-10 00:00:00,49.1,350.0,1.0,0.0,997.6,1006.4,0.5,16.7,28.4
54857,칭따오,2024-06-10 03:00:00,41.1,220.0,2.0,0.0,996.7,1005.5,0.9,17.5,32.4
54857,칭따오,2024-06-10 06:00:00,53.9,150.0,4.0,0.0,996.1,1005.0,0.6,17.7,27.9
54857,칭따오,2024-06-10 09:00:00,65.1,160.0,4.0,0.0,995.4,1004.3,0.7,19.8,26.9
54857,칭따오,2024-06-10 12:00:00,70.1,160.0,3.0,0.0,996.4,1005.2,1.0,18.7,24.5
54857,칭따오,2024-06-10 15:00:00,69.2,150.0,3.0,0.0,997.3,1006.1,0.9,18.0,24.0
54857,칭따오,2024-06-10 18:00:00,75.8,150.0,4.0,0.0,996.5,1005.4,0.8,18.5,23.0
54857,칭따오,2024-06-10 21:00:00,79.1,160.0,3.0,0.0,996.8,1005.7,0.3,18.8,22.6
54857,칭따오,2024-06-11 00:00:00,69.1,170.0,4.0,0.0,997.1,1006.0,0.3,17.8,23.8
54857,칭따오,2024-06-11 03:00:00,69.1,160.0,5.0,0.0,996.2,1005.1,0.9,17.9,23.9
54857,칭따오,2024-06-11 06:00:00,68.2,160.0,5.0,0.0,995.6,1004.5,0.6,17.4,23.6
54857,칭따오,2024-06-11 09:00:00,80.0,160.0,5.0,0.0,995.4,1004.3,0.2,18.4,22.0
54857,칭따오,2024-06-11 12:00:00,95.2,160.0,5.0,0.0,996.2,1005.1,0.8,19.6,20.4
54857,칭따오,2024-06-11 15:00:00,95.1,170.0,4.0,0.0,995.3,1004.2,0.9,19.1,19.9
54857,칭따오,2024-06-11 18:00:00,98.8,180.0,3.0,0.0,995.3,1004.3,0.0,18.8,19.0
54857,칭따오,2024-06-11 21:00:00,98.8,50.0,3.0,0.0,996.3,1005.3,1.0,20.0,20.2
54857,칭따오,2024-06-12 00:00:00,87.7,140.0,4.0,0.3,996.1,1005.1,0.2,18.2,20.3
54857,칭따오,2024-06-12 03:00:00,94.0,160.0,4.0,0.3,996.3,1005.3,0.2,20.2,21.2
54857,칭따오,2024-06-12 06:00:00,91.7,150.0,3.0,0.3,995.4,1004.4,0.9,19.8,21.2
54857,칭따오,2024-06-12 09:00:00,98.2,160.0,4.0,0.3,994.6,1003.6,0.8,19.8,20.1
54857,칭따오,2024-06-12 12:00:00,98.8,140.0,4.0,0.0,994.9,1003.9,0.3,19.7,19.9
54857,칭따오,2024-06-12 15:00:00,98.2,160.0,4.0,0.0,995.0,1004.0,0.1,19.7,20.0
54857,칭따오,2024-06-12 18:00:00,98.2,160.0,4.0,0.0,994.6,1003.6,0.4,19.4,19.7
54857,칭따오,2024-06-12 21:00:00,98.8,150.0,3.0,0.0,995.2,1004.2,0.6,19.4,19.6
56029,YUSHU,2024-06-06 00:00:00,84.2,0.0,0.0,2.0,650.8,1007.3,1.5,5.6,8.1
56029,YUSHU,2024-06-06 03:00:00,66.9,140.0,2.0,0.4,651.5,1006.6,0.7,4.8,10.7
56029,YUSHU,2024-06-06 06:00:00,57.1,80.0,3.0,0.4,650.7,1003.7,0.8,4.8,13.1
56029,YUSHU,2024-06-06 09:00:00,47.0,230.0,2.0,0.5,649.5,1001.1,1.2,3.6,14.8
56029,YUSHU,2024-06-06 12:00:00,48.9,130.0,1.0,0.2,648.9,1000.3,0.6,3.8,14.4
56029,YUSHU,2024-06-06 15:00:00,75.1,70.0,0.0,0.2,651.2,1005.4,2.3,5.5,9.7
56029,YUSHU,2024-06-06 18:00:00,73.8,230.0,1.0,0.8,650.8,1004.1,0.4,3.8,8.2
56029,YUSHU,2024-06-06 21:00:00,88.9,280.0,0.0,0.6,649.3,1001.7,1.5,4.9,6.6
56029,YUSHU,2024-06-07 00:00:00,81.9,90.0,0.0,0.6,649.1,1000.9,0.2,4.8,7.7
56029,YUSHU,2024-06-07 03:00:00,55.9,160.0,2.0,0.6,647.7,998.2,1.4,4.5,13.1
56029,YUSHU,2024-06-07 06:00:00,41.9,50.0,2.0,0.0,644.5,990.3,3.2,5.5,18.7
56029,YUSHU,2024-06-07 09:00:00,49.9,280.0,1.0,0.6,644.0,992.1,0.5,6.3,16.8
56029,YUSHU,2024-06-07 12:00:00,64.8,70.0,1.0,1.0,646.4,998.7,2.4,5.3,11.7
56029,YUSHU,2024-06-07 15:00:00,78.2,300.0,3.0,1.0,649.2,1000.8,2.8,5.7,9.3
56029,YUSHU,2024-06-07 18:00:00,92.0,0.0,0.0,2.0,649.6,999.9,0.4,4.5,5.7
56029,YUSHU,2024-06-07 21:00:00,97.2,310.0,1.0,0.9,649.5,1002.0,0.1,4.2,4.6
56029,YUSHU,2024-06-08 00:00:00,84.0,10.0,1.0,0.3,650.2,1005.6,0.7,3.8,6.3
56029,YUSHU,2024-06-08 03:00:00,58.1,320.0,1.0,0.1,650.1,1002.8,0.1,4.3,12.3
56029,YUSHU,2024-06-08 06:00:00,47.9,180.0,1.0,0.0,648.7,1000.8,1.4,4.6,15.6
56029,YUSHU,2024-06-08 09:00:00,39.0,100.0,2.0,0.0,645.2,994.9,3.5,3.4,17.5
56029,YUSHU,2024-06-08 12:00:00,77.8,260.0,1.0,0.5,648.2,1003.7,3.0,6.5,10.2
56029,YUSHU,2024-06-08 15:00:00,82.0,110.0,1.0,0.7,648.7,1000.8,0.5,6.1,9.0
56029,YUSHU,2024-06-08 18:00:00,82.0,110.0,1.0,0.7,649.4,999.7,0.7,5.8,8.7
56029,YUSHU,2024-06-08 21:00:00,87.1,0.0,0.0,0.7,649.4,999.2,0.0,5.5,7.5
56029,YUSHU,2024-06-09 00:00:00,87.0,290.0,1.0,0.0,650.2,340.8,0.6,5.0,7.2
56029,YUSHU,2024-06-09 03:00:00,93.0,110.0,1.0,0.0,649.8,357.8,0.7,6.7,7.8
56029,YUSHU,2024-06-09 06:00:00,93.0,160.0,0.0,0.0,650.2,121.2,0.6,7.2,8.3
56029,YUSHU,2024-06-09 09:00:00,78.0,200.0,1.0,0.0,650.9,577.7,0.9,6.1,10.0
56029,YUSHU,2024-06-09 12:00:00,63.0,200.0,1.0,0.0,648.8,809.1,0.7,6.1,13.3
56029,YUSHU,2024-06-09 15:00:00,68.2,180.0,0.8,0.0,649.0,775.4,1.0,6.1,12.2
56029,YUSHU,2024-06-09 18:00:00,73.3,170.0,0.5,0.0,649.2,560.8,0.8,6.2,11.1
56029,YUSHU,2024-06-09 21:00:00,78.5,160.0,0.2,0.2,649.5,217.0,0.5,6.2,10.0
56029,YUSHU,2024-06-10 00:00:00,83.7,230.0,0.0,0.0,649.7,1004.4,0.2,6.3,8.9
56029,YUSHU,2024-06-10 03:00:00,67.2,100.0,1.0,0.0,649.7,1003.3,0.0,6.2,12.1
56029,YUSHU,2024-06-10 06:00:00,49.0,240.0,1.0,0.0,647.7,996.9,2.0,6.5,17.3
56029,YUSHU,2024-06-10 09:00:00,82.7,300.0,2.0,4.0,648.5,1002.8,0.8,7.3,10.1
56029,YUSHU,2024-06-10 12:00:00,63.2,120.0,2.0,4.0,648.8,1000.9,0.3,5.7,12.5
56029,YUSHU,2024-06-10 15:00:00,89.1,90.0,1.0,4.0,650.8,1004.4,2.0,7.1,8.8
56029,YUSHU,2024-06-10 18:00:00,82.1,320.0,1.0,4.0,651.7,1001.3,0.9,6.8,9.7
56029,YUSHU,2024-06-10 21:00:00,72.8,0.0,0.0,0.3,651.8,1007.6,0.1,4.0,8.6
56029,YUSHU,2024-06-11 00:00:00,74.9,0.0,0.0,0.0,652.3,1006.5,0.5,4.4,8.6
56029,YUSHU,2024-06-11 03:00:00,48.9,230.0,2.0,0.0,651.8,1005.0,0.5,2.8,13.3
56029,YUSHU,2024-06-11 06:00:00,42.1,310.0,2.0,0.0,650.0,998.5,1.8,4.5,17.5
56029,YUSHU,2024-06-11 09:00:00,35.0,200.0,2.0,0.0,646.8,993.2,3.2,3.4,19.2
56029,YUSHU,2024-06-11 12:00:00,65.1,80.0,1.0,0.6,648.8,1000.6,2.0,6.8,13.2
56029,YUSHU,2024-06-11 15:00:00,60.8,140.0,1.0,0.6,650.4,1000.8,1.6,4.3,11.6
56029,YUSHU,2024-06-11 18:00:00,87.1,290.0,1.0,0.6,650.1,1000.6,0.3,5.1,7.1
56029,YUSHU,2024-06-11 21:00:00,92.7,120.0,1.0,0.8,649.8,998.6,0.3,6.4,7.5
56029,YUSHU,2024-06-12 00:00:00,92.8,360.0,0.0,0.4,650.3,1003.2,0.5,7.2,8.3
56029,YUSHU,2024-06-12 03:00:00,77.8,210.0,1.0,3.0,650.9,1004.0,0.6,6.3,10.0
56029,YUSHU,2024-06-12 06:00:00,62.9,210.0,1.0,3.0,649.0,1002.1,1.9,6.2,13.1
56029,YUSHU,2024-06-12 09:00:00,57.0,120.0,2.0,3.0,646.1,995.2,2.9,7.5,16.0
56029,YUSHU,2024-06-12 12:00:00,72.8,140.0,2.0,9.0,648.9,1002.5,2.8,6.5,11.2
56029,YUSHU,2024-06-12 15:00:00,90.8,300.0,1.0,6.0,649.9,1005.6,1.0,6.0,7.4
56029,YUSHU,2024-06-12 18:00:00,95.2,50.0,1.0,6.0,650.0,1005.5,0.1,4.0,4.7
56029,YUSHU,2024-06-12 21:00:00,97.3,250.0,1.0,6.0,650.3,1002.9,0.3,5.4,5.8
57494,우한,2024-06-06 00:00:00,83.1,0.0,0.0,0.0,1012.0,1014.9,1.1,18.9,21.9
57494,우한,2024-06-06 03:00:00,61.0,150.0,1.0,0.0,1011.2,1014.1,0.8,18.0,26.1
57494,우한,2024-06-06 06:00:00,54.1,130.0,1.0,0.0,1009.1,1012.0,2.1,17.2,27.3
57494,우한,2024-06-06 09:00:00,53.0,200.0,1.0,0.0,1007.8,1010.7,1.3,16.8,27.2
57494,우한,2024-06-06 12:00:00,84.2,0.0,0.0,0.0,1008.0,1010.9,0.2,19.6,22.4
57494,우한,2024-06-06 15:00:00,80.1,170.0,1.0,0.0,1009.6,1012.5,1.6,19.0,22.6
57494,우한,2024-06-06 18:00:00,91.2,140.0,1.0,0.0,1007.6,1010.5,2.0,19.9,21.4
57494,우한,2024-06-06 21:00:00,82.1,130.0,2.0,0.0,1006.6,1009.5,1.0,19.0,22.2
57494,우한,2024-06-07 00:00:00,77.8,120.0,1.0,0.0,1007.6,1010.5,1.0,19.2,23.3
57494,우한,2024-06-07 03:00:00,60.9,190.0,2.0,0.0,1007.1,1010.0,0.5,19.1,27.3
57494,우한,2024-06-07 06:00:00,56.1,310.0,1.0,0.0,1005.7,1008.6,1.4,18.9,28.5
57494,우한,2024-06-07 09:00:00,55.1,260.0,2.0,0.0,1004.4,1007.3,1.3,18.6,28.5
57494,우한,2024-06-07 12:00:00,71.0,130.0,1.0,0.0,1005.0,1008.0,1.1,19.5,25.6
57494,우한,2024-06-07 15:00:00,86.9,0.0,0.0,0.0,1005.7,1008.6,0.8,20.3,22.6
57494,우한,2024-06-07 18:00:00,91.8,0.0,0.0,0.0,1005.1,1008.0,0.6,20.6,22.0
57494,우한,2024-06-07 21:00:00,94.1,0.0,0.0,0.0,1005.1,1008.0,0.0,20.8,21.8
57494,우한,2024-06-08 00:00:00,72.2,340.0,1.0,0.0,1006.3,1009.2,1.2,20.8,26.2
57494,우한,2024-06-08 03:00:00,51.0,110.0,1.0,0.0,1006.1,1009.0,0.2,18.3,29.5
57494,우한,2024-06-08 06:00:00,45.1,100.0,1.0,0.0,1004.6,1007.4,1.5,17.8,31.1
57494,우한,2024-06-08 09:00:00,62.1,200.0,2.0,0.0,1003.8,1006.7,0.8,21.1,29.1
57494,우한,2024-06-08 12:00:00,68.1,240.0,1.0,0.0,1005.0,1007.8,1.2,20.9,27.3
57494,우한,2024-06-08 15:00:00,87.0,180.0,1.0,0.0,1005.3,1008.1,0.3,22.3,24.6
57494,우한,2024-06-08 18:00:00,83.9,190.0,1.0,0.0,1004.8,1007.6,0.5,21.1,24.0
57494,우한,2024-06-08 21:00:00,81.9,240.0,2.0,0.0,1005.4,1008.2,0.6,21.5,24.8
57494,우한,2024-06-09 00:00:00,89.0,250.0,1.0,0.0,999.0,1003.0,0.6,23.9,26.1
57494,우한,2024-06-09 03:00:00,85.7,190.0,1.7,0.0,998.3,1002.3,0.9,23.9,26.8
57494,우한,2024-06-09 06:00:00,90.7,210.0,1.0,0.0,998.3,1003.6,1.0,23.2,25.0
57494,우한,2024-06-09 09:00:00,70.0,220.0,1.7,0.0,999.7,1001.8,1.2,23.0,28.9
57494,우한,2024-06-09 12:00:00,55.7,250.0,2.0,0.0,999.3,1001.8,1.2,22.0,32.0
57494,우한,2024-06-09 15:00:00,44.0,220.0,2.3,0.0,997.3,1002.1,1.6,20.4,34.3
57494,우한,2024-06-09 18:00:00,59.4,150.0,1.5,0.0,999.8,1004.1,1.4,20.9,30.7
57494,우한,2024-06-09 21:00:00,74.8,70.0,0.8,0.0,1002.4,503.9,0.0,21.4,27.2
57494,우한,2024-06-10 00:00:00,90.2,0.0,0.0,0.0,1004.9,1007.8,0.0,21.9,23.6
57494,우한,2024-06-10 03:00:00,85.0,190.0,2.0,0.0,1004.5,1007.4,0.4,22.0,24.7
57494,우한,2024-06-10 06:00:00,78.2,190.0,3.0,0.0,1003.6,1006.5,0.9,21.9,26.0
57494,우한,2024-06-10 09:00:00,72.8,190.0,2.0,0.0,1002.2,1005.1,1.4,22.0,27.3
57494,우한,2024-06-10 12:00:00,83.0,180.0,2.0,0.0,1003.0,1005.9,0.8,22.3,25.4
57494,우한,2024-06-10 15:00:00,89.2,160.0,1.0,0.0,1004.2,1007.1,1.2,22.5,24.4
57494,우한,2024-06-10 18:00:00,90.2,220.0,1.0,0.0,1003.2,1006.1,1.0,22.3,24.0
57494,우한,2024-06-10 21:00:00,94.1,0.0,0.0,0.0,1002.8,1005.7,0.4,22.5,23.5
57494,우한,2024-06-11 00:00:00,83.0,190.0,2.0,0.0,1003.4,1006.3,0.6,22.5,25.6
57494,우한,2024-06-11 03:00:00,69.2,280.0,1.0,0.0,1002.3,1005.1,1.1,22.3,28.5
57494,우한,2024-06-11 06:00:00,59.1,310.0,2.0,0.0,1001.3,1004.1,1.0,21.8,30.7
57494,우한,2024-06-11 09:00:00,61.0,200.0,2.0,0.0,999.6,1002.4,1.7,22.4,30.8
57494,우한,2024-06-11 12:00:00,73.0,220.0,2.0,0.0,1000.4,1003.2,0.8,22.9,28.2
57494,우한,2024-06-11 15:00:00,84.2,0.0,0.0,0.0,1001.0,1003.8,0.6,23.8,26.7
57494,우한,2024-06-11 18:00:00,92.0,160.0,1.0,0.0,1000.2,1003.0,0.8,23.9,25.3
57494,우한,2024-06-11 21:00:00,93.0,0.0,0.0,0.0,1000.1,1002.9,0.1,22.8,24.0
57494,우한,2024-06-12 00:00:00,64.0,270.0,1.0,0.0,1001.5,1004.3,1.4,21.4,28.9
57494,우한,2024-06-12 03:00:00,51.1,250.0,2.0,0.0,1001.2,1004.0,0.3,20.8,32.2
57494,우한,2024-06-12 06:00:00,44.1,240.0,2.0,0.0,999.4,1002.2,1.8,19.8,33.7
57494,우한,2024-06-12 09:00:00,48.1,190.0,2.0,0.0,998.3,1001.1,1.1,21.0,33.5
57494,우한,2024-06-12 12:00:00,73.0,220.0,1.0,0.0,998.6,1001.4,0.3,22.9,28.2
57494,우한,2024-06-12 15:00:00,90.8,0.0,0.0,0.0,999.7,1002.5,1.1,22.5,24.1
57494,우한,2024-06-12 18:00:00,95.3,0.0,0.0,0.0,999.0,1001.8,0.7,22.3,23.1
57494,우한,2024-06-12 21:00:00,95.8,0.0,0.0,0.0,999.2,1002.0,0.2,21.9,22.6
58027,쑤조우,2024-06-06 00:00:00,65.0,110.0,2.0,0.0,1011.9,1016.8,1.3,15.7,22.6
58027,쑤조우,2024-06-06 03:00:00,46.9,150.0,3.0,0.0,1010.6,1015.5,1.3,13.7,25.9
58027,쑤조우,2024-06-06 06:00:00,39.0,110.0,2.0,0.0,1008.5,1013.4,2.1,12.6,27.8
58027,쑤조우,2024-06-06 09:00:00,36.9,110.0,2.0,0.0,1007.3,1012.2,1.2,11.5,27.5
58027,쑤조우,2024-06-06 12:00:00,40.0,160.0,2.0,0.0,1007.6,1012.5,0.3,11.8,26.5
58027,쑤조우,2024-06-06 15:00:00,49.0,140.0,1.0,0.0,1008.4,1013.3,0.8,13.1,24.5
58027,쑤조우,2024-06-06 18:00:00,55.1,140.0,2.0,0.0,1006.9,1011.8,1.5,13.6,23.1
58027,쑤조우,2024-06-06 21:00:00,64.8,150.0,2.0,0.0,1006.5,1011.4,0.4,14.6,21.5
58027,쑤조우,2024-06-07 00:00:00,60.2,160.0,1.0,0.0,1006.3,1011.2,0.2,15.9,24.1
58027,쑤조우,2024-06-07 03:00:00,44.0,180.0,2.0,0.0,1005.5,1010.4,0.8,13.8,27.1
58027,쑤조우,2024-06-07 06:00:00,29.1,230.0,2.0,0.0,1003.0,1007.9,2.5,9.9,29.8
58027,쑤조우,2024-06-07 09:00:00,28.9,100.0,2.0,0.0,1001.3,1006.1,1.7,10.6,30.7
58027,쑤조우,2024-06-07 12:00:00,35.9,170.0,2.0,0.0,1001.6,1006.4,0.3,11.7,28.2
58027,쑤조우,2024-06-07 15:00:00,56.0,160.0,2.0,0.0,1002.8,1007.7,1.2,15.9,25.3
58027,쑤조우,2024-06-07 18:00:00,61.0,180.0,2.0,0.0,1002.3,1007.1,0.5,16.3,24.3
58027,쑤조우,2024-06-07 21:00:00,70.2,180.0,1.0,0.0,1002.8,1007.6,0.5,16.8,22.5
58027,쑤조우,2024-06-08 00:00:00,58.1,180.0,1.0,0.0,1003.7,1008.5,0.9,17.7,26.6
58027,쑤조우,2024-06-08 03:00:00,45.0,280.0,2.0,0.0,1003.0,1007.8,0.7,17.4,30.7
58027,쑤조우,2024-06-08 06:00:00,38.0,230.0,2.0,0.0,1001.4,1006.2,1.6,16.1,32.2
58027,쑤조우,2024-06-08 09:00:00,36.0,250.0,2.0,0.0,1000.4,1005.2,1.0,15.0,31.9
58027,쑤조우,2024-06-08 12:00:00,51.2,0.0,0.0,0.0,1001.0,1005.8,0.6,16.7,27.7
58027,쑤조우,2024-06-08 15:00:00,59.0,0.0,0.0,0.0,1001.7,1006.5,0.7,17.0,25.6
58027,쑤조우,2024-06-08 18:00:00,64.1,250.0,0.0,0.0,1001.0,1005.8,0.7,18.5,25.8
58027,쑤조우,2024-06-08 21:00:00,62.2,180.0,1.0,0.0,1001.5,1006.3,0.5,18.3,26.1
58027,쑤조우,2024-06-09 00:00:00,57.1,340.0,2.0,0.0,1002.4,1007.2,0.9,18.8,28.1
58027,쑤조우,2024-06-09 03:00:00,70.0,220.0,1.5,0.0,1004.4,1008.4,0.4,19.7,25.7
58027,쑤조우,2024-06-09 06:00:00,83.0,90.0,1.0,0.0,1006.4,1010.7,0.9,20.6,23.3
58027,쑤조우,2024-06-09 09:00:00,91.0,120.0,0.0,0.0,1007.5,1013.8,0.7,21.1,22.8
58027,쑤조우,2024-06-09 12:00:00,76.0,160.0,1.0,0.0,1008.8,1013.5,1.0,20.6,25.0
58027,쑤조우,2024-06-09 15:00:00,47.0,200.0,2.0,0.0,1008.5,1006.8,1.2,17.8,30.0
58027,쑤조우,2024-06-09 18:00:00,42.0,200.0,2.0,0.0,1007.1,1005.0,1.3,17.8,32.2
58027,쑤조우,2024-06-09 21:00:00,48.0,90.0,2.0,0.0,1006.8,1006.7,0.9,18.9,31.1
58027,쑤조우,2024-06-10 00:00:00,59.8,270.0,2.0,0.0,1001.9,1006.7,0.2,20.5,29.1
58027,쑤조우,2024-06-10 03:00:00,40.9,290.0,2.0,0.0,1000.7,1005.4,1.2,18.5,33.6
58027,쑤조우,2024-06-10 06:00:00,24.0,100.0,2.0,0.0,998.8,1003.5,1.9,12.6,36.4
58027,쑤조우,2024-06-10 09:00:00,34.0,200.0,3.0,0.0,998.0,1002.8,0.8,16.7,34.9
58027,쑤조우,2024-06-10 12:00:00,38.1,200.0,1.0,0.0,999.5,1004.3,1.5,16.3,32.4
58027,쑤조우,2024-06-10 15:00:00,44.9,180.0,2.0,0.0,1000.8,1005.6,1.3,17.0,30.3
58027,쑤조우,2024-06-10 18:00:00,51.9,180.0,2.0,0.0,1000.4,1005.1,0.4,17.4,28.2
58027,쑤조우,2024-06-10 21:00:00,59.8,210.0,1.0,0.0,1000.8,1005.6,0.4,17.5,25.9
58027,쑤조우,2024-06-11 00:00:00,53.0,220.0,1.0,0.0,1000.7,1005.5,0.1,17.8,28.3
58027,쑤조우,2024-06-11 03:00:00,35.0,110.0,2.0,0.0,999.6,1004.4,1.1,15.0,32.4
58027,쑤조우,2024-06-11 06:00:00,23.0,110.0,3.0,0.0,997.6,1002.3,2.0,10.7,34.9
58027,쑤조우,2024-06-11 09:00:00,20.1,110.0,3.0,0.0,996.5,1001.3,1.1,9.0,35.3
58027,쑤조우,2024-06-11 12:00:00,40.0,160.0,3.0,0.0,997.5,1002.3,1.0,15.9,31.1
58027,쑤조우,2024-06-11 15:00:00,59.9,150.0,3.0,0.0,997.7,1002.5,0.2,19.3,27.8
58027,쑤조우,2024-06-11 18:00:00,70.0,200.0,1.0,0.0,997.6,1002.4,0.1,20.0,25.9
58027,쑤조우,2024-06-11 21:00:00,78.0,140.0,1.0,0.0,997.3,1002.1,0.3,20.5,24.6
58027,쑤조우,2024-06-12 00:00:00,71.0,170.0,2.0,0.0,998.9,1003.7,1.6,21.0,26.7
58027,쑤조우,2024-06-12 03:00:00,45.0,160.0,3.0,0.0,997.9,1002.7,1.0,19.2,32.7
58027,쑤조우,2024-06-12 06:00:00,30.0,170.0,2.0,0.0,995.8,1000.5,2.1,16.2,36.6
58027,쑤조우,2024-06-12 09:00:00,23.0,110.0,2.0,0.0,994.6,999.3,1.2,12.6,37.2
58027,쑤조우,2024-06-12 12:00:00,37.1,110.0,4.0,0.0,996.5,1001.3,1.9,16.4,33.0
58027,쑤조우,2024-06-12 15:00:00,45.1,110.0,2.0,0.0,997.4,1002.2,0.9,15.9,29.0
58027,쑤조우,2024-06-12 18:00:00,54.9,160.0,1.0,0.0,996.3,1001.0,1.1,18.1,28.0
58027,쑤조우,2024-06-12 21:00:00,63.9,140.0,1.0,0.0,996.9,1001.6,0.6,19.4,26.8
58238,난징,2024-06-06 00:00:00,89.8,80.0,2.0,0.5,1012.6,1016.7,2.3,16.7,18.4
58238,난징,2024-06-06 03:00:00,68.0,110.0,3.0,0.2,1012.0,1016.1,0.6,16.3,22.5
58238,난징,2024-06-06 06:00:00,54.9,110.0,4.0,0.0,1009.6,1013.6,2.4,15.4,25.1
58238,난징,2024-06-06 09:00:00,62.1,140.0,4.0,0.0,1008.9,1012.9,0.7,16.1,23.8
58238,난징,2024-06-06 12:00:00,71.8,140.0,2.0,0.0,1009.7,1013.8,0.8,16.1,21.4
58238,난징,2024-06-06 15:00:00,82.9,100.0,2.0,0.0,1010.2,1014.2,0.5,17.0,20.0
58238,난징,2024-06-06 18:00:00,89.9,100.0,2.0,0.0,1008.4,1012.4,1.8,17.2,18.9
58238,난징,2024-06-06 21:00:00,91.0,110.0,3.0,0.0,1007.3,1011.3,1.1,17.4,18.9
58238,난징,2024-06-07 00:00:00,79.0,130.0,3.0,0.0,1007.7,1011.7,0.4,18.0,21.8
58238,난징,2024-06-07 03:00:00,67.1,130.0,2.0,0.0,1007.0,1011.0,0.7,17.7,24.2
58238,난징,2024-06-07 06:00:00,62.0,130.0,3.0,0.0,1005.5,1009.5,1.5,17.4,25.2
58238,난징,2024-06-07 09:00:00,56.9,150.0,3.0,0.0,1004.1,1008.1,1.4,16.7,25.9
58238,난징,2024-06-07 12:00:00,74.9,140.0,2.0,0.0,1004.4,1008.4,0.3,18.5,23.2
58238,난징,2024-06-07 15:00:00,85.2,130.0,2.0,0.0,1005.3,1009.3,0.9,19.0,21.6
58238,난징,2024-06-07 18:00:00,90.0,100.0,1.0,0.0,1004.6,1008.6,0.7,18.8,20.5
58238,난징,2024-06-07 21:00:00,95.1,120.0,1.0,0.0,1004.8,1008.8,0.2,19.0,19.8
58238,난징,2024-06-08 00:00:00,78.9,130.0,2.0,0.0,1005.4,1009.4,0.6,20.3,24.2
58238,난징,2024-06-08 03:00:00,50.1,330.0,2.0,0.0,1004.8,1008.8,0.6,17.2,28.6
58238,난징,2024-06-08 06:00:00,41.0,110.0,2.0,0.0,1003.1,1007.1,1.7,16.2,31.0
58238,난징,2024-06-08 09:00:00,39.0,70.0,2.0,0.0,1002.7,1006.7,0.4,14.9,30.4
58238,난징,2024-06-08 12:00:00,51.9,130.0,2.0,0.0,1003.3,1007.2,0.6,17.2,28.0
58238,난징,2024-06-08 15:00:00,62.2,80.0,1.0,0.0,1004.2,1008.1,0.9,18.3,26.1
58238,난징,2024-06-08 18:00:00,72.8,140.0,1.0,0.0,1003.3,1007.2,0.9,19.5,24.7
58238,난징,2024-06-08 21:00:00,76.0,150.0,1.0,0.0,1003.8,1007.7,0.5,19.9,24.4
58238,난징,2024-06-09 00:00:00,94.0,100.0,0.0,0.0,1005.1,1009.5,0.8,22.8,23.9
58238,난징,2024-06-09 03:00:00,100.0,150.0,1.0,0.0,1004.8,1007.5,0.8,23.9,23.9
58238,난징,2024-06-09 06:00:00,100.0,70.0,1.3,0.0,1005.4,1008.3,0.6,22.8,22.8
58238,난징,2024-06-09 09:00:00,76.3,160.0,1.7,0.0,1006.1,1009.7,0.5,22.4,27.0
58238,난징,2024-06-09 12:00:00,59.7,170.0,3.0,0.0,1006.1,1007.9,1.1,21.3,30.0
58238,난징,2024-06-09 15:00:00,46.0,190.0,2.7,0.0,1005.4,1007.3,1.0,18.5,31.8
58238,난징,2024-06-09 18:00:00,40.3,160.0,2.7,0.0,1005.1,1007.5,1.5,16.8,31.8
58238,난징,2024-06-09 21:00:00,54.3,170.0,2.3,0.0,1005.4,1008.6,1.2,18.2,28.2
58238,난징,2024-06-10 00:00:00,64.1,160.0,2.0,0.0,1004.8,1008.8,0.5,16.9,24.1
58238,난징,2024-06-10 03:00:00,43.9,120.0,5.0,0.0,1004.0,1007.9,0.8,14.6,28.0
58238,난징,2024-06-10 06:00:00,44.0,120.0,4.0,0.0,1002.4,1006.3,1.6,15.6,29.1
58238,난징,2024-06-10 09:00:00,51.1,130.0,5.0,0.0,1001.8,1005.7,0.6,16.6,27.6
58238,난징,2024-06-10 12:00:00,71.0,130.0,3.0,0.0,1002.9,1006.9,1.1,18.8,24.4
58238,난징,2024-06-10 15:00:00,83.2,130.0,3.0,0.0,1003.6,1007.6,0.7,19.8,22.8
58238,난징,2024-06-10 18:00:00,84.7,140.0,2.0,0.0,1002.5,1006.4,1.1,20.0,22.7
58238,난징,2024-06-10 21:00:00,84.7,130.0,2.0,0.0,1002.1,1006.1,0.4,20.0,22.7
58238,난징,2024-06-11 00:00:00,83.3,140.0,1.0,0.0,1002.5,1006.5,0.4,20.3,23.3
58238,난징,2024-06-11 03:00:00,70.0,120.0,2.0,0.0,1001.7,1005.7,0.8,20.1,26.0
58238,난징,2024-06-11 06:00:00,61.9,70.0,1.0,0.0,1000.1,1004.0,1.6,20.1,28.1
58238,난징,2024-06-11 09:00:00,61.1,160.0,3.0,0.0,999.3,1003.2,0.8,19.9,28.1
58238,난징,2024-06-11 12:00:00,78.1,130.0,3.0,0.0,1000.1,1004.1,0.8,21.8,25.9
58238,난징,2024-06-11 15:00:00,84.9,120.0,2.0,0.0,1000.4,1004.3,0.3,21.6,24.3
58238,난징,2024-06-11 18:00:00,91.9,120.0,1.0,0.0,999.2,1003.1,1.2,22.0,23.4
58238,난징,2024-06-11 21:00:00,95.3,110.0,2.0,0.0,999.0,1002.9,0.2,22.1,22.9
58238,난징,2024-06-12 00:00:00,83.0,140.0,2.0,0.0,1001.0,1004.9,2.0,22.6,25.7
58238,난징,2024-06-12 03:00:00,59.0,170.0,2.0,0.0,1000.0,1003.9,1.0,21.2,30.1
58238,난징,2024-06-12 06:00:00,45.9,90.0,2.0,0.0,998.3,1002.2,1.7,19.0,32.1
58238,난징,2024-06-12 09:00:00,38.9,300.0,1.0,0.0,997.2,1001.1,1.1,17.8,33.7
58238,난징,2024-06-12 12:00:00,56.8,180.0,1.0,0.0,998.3,1002.2,1.1,20.6,30.1
58238,난징,2024-06-12 15:00:00,72.8,100.0,2.0,0.0,999.3,1003.2,1.0,21.9,27.2
58238,난징,2024-06-12 18:00:00,83.0,120.0,2.0,0.0,997.9,1001.8,1.4,22.2,25.3
58238,난징,2024-06-12 21:00:00,90.8,110.0,2.0,0.0,999.4,1003.3,1.5,22.4,24.0
58362,상하이,2024-06-06 00:00:00,93.9,150.0,2.0,0.3,1016.0,1016.5,0.5,17.8,18.8
58362,상하이,2024-06-06 03:00:00,91.0,120.0,1.0,0.3,1016.8,1017.3,0.8,17.9,19.4
58362,상하이,2024-06-06 06:00:00,72.9,130.0,2.0,0.0,1014.6,1015.1,2.2,17.2,22.3
58362,상하이,2024-06-06 09:00:00,58.1,100.0,3.0,0.0,1013.3,1013.8,1.3,14.5,23.2
58362,상하이,2024-06-06 12:00:00,74.9,130.0,1.0,0.0,1014.2,1014.7,0.9,15.8,20.4
58362,상하이,2024-06-06 15:00:00,84.8,150.0,1.0,0.0,1014.6,1015.1,0.4,16.1,18.7
58362,상하이,2024-06-06 18:00:00,96.2,0.0,0.0,0.0,1013.0,1013.5,1.6,15.8,16.4
58362,상하이,2024-06-06 21:00:00,98.7,0.0,0.0,0.0,1012.5,1013.0,0.5,15.7,15.9
58362,상하이,2024-06-07 00:00:00,77.1,120.0,2.0,0.0,1012.3,1012.8,0.2,17.8,22.0
58362,상하이,2024-06-07 03:00:00,67.8,150.0,2.0,0.0,1011.5,1012.0,0.8,17.4,23.7
58362,상하이,2024-06-07 06:00:00,76.9,130.0,2.0,0.0,1010.1,1010.6,1.4,19.5,23.8
58362,상하이,2024-06-07 09:00:00,84.8,100.0,2.0,0.0,1009.0,1009.5,1.1,20.2,22.9
58362,상하이,2024-06-07 12:00:00,88.5,120.0,1.5,0.0,1009.4,1009.9,0.7,19.9,21.9
58362,상하이,2024-06-07 15:00:00,92.3,150.0,1.0,0.0,1009.7,1010.2,0.2,19.6,20.9
58362,상하이,2024-06-07 18:00:00,95.8,140.0,1.0,0.0,1008.2,1008.7,1.5,19.7,20.4
58362,상하이,2024-06-07 21:00:00,98.2,0.0,0.0,0.0,1007.9,1008.4,0.3,19.4,19.7
58362,상하이,2024-06-08 00:00:00,88.0,330.0,1.0,0.0,1008.9,1009.4,1.0,20.8,22.9
58362,상하이,2024-06-08 03:00:00,65.8,20.0,2.0,0.0,1008.4,1008.9,0.5,19.5,26.4
58362,상하이,2024-06-08 06:00:00,62.2,60.0,2.0,0.0,1007.3,1007.8,1.1,19.8,27.7
58362,상하이,2024-06-08 09:00:00,61.1,70.0,3.0,0.0,1006.9,1007.4,0.4,18.3,26.4
58362,상하이,2024-06-08 12:00:00,75.9,110.0,2.0,0.0,1008.4,1008.9,1.5,19.1,23.6
58362,상하이,2024-06-08 15:00:00,87.8,140.0,1.0,0.0,1008.5,1009.0,0.1,19.4,21.5
58362,상하이,2024-06-08 18:00:00,92.9,230.0,0.0,0.0,1007.5,1008.0,1.0,19.7,20.9
58362,상하이,2024-06-08 21:00:00,92.9,0.0,0.0,0.0,1007.9,1008.4,0.4,20.1,21.3
58362,상하이,2024-06-09 00:00:00,78.0,160.0,2.0,0.0,1007.8,1009.1,0.7,18.9,22.8
58362,상하이,2024-06-09 03:00:00,83.0,180.0,2.0,0.0,1007.8,1008.8,1.1,19.1,22.3
58362,상하이,2024-06-09 06:00:00,88.0,190.0,1.8,0.0,1008.0,1007.5,0.9,20.0,22.2
58362,상하이,2024-06-09 09:00:00,84.7,190.0,2.5,0.0,1009.3,1008.7,0.6,20.5,23.1
58362,상하이,2024-06-09 12:00:00,56.5,210.0,3.7,0.0,1009.4,1004.9,1.6,18.4,28.0
58362,상하이,2024-06-09 15:00:00,42.0,220.0,2.3,0.0,1008.5,1005.4,1.5,16.8,31.1
58362,상하이,2024-06-09 18:00:00,42.3,190.0,4.3,0.0,1008.1,1007.9,1.0,16.1,30.2
58362,상하이,2024-06-09 21:00:00,49.3,190.0,4.0,0.0,1009.3,1008.0,1.4,14.6,26.3
58362,상하이,2024-06-10 00:00:00,77.8,240.0,2.0,0.0,1009.2,1009.7,0.5,19.7,23.8
58362,상하이,2024-06-10 03:00:00,56.0,170.0,2.0,0.0,1008.7,1009.2,0.5,15.9,25.3
58362,상하이,2024-06-10 06:00:00,51.0,160.0,4.0,0.0,1007.9,1008.4,0.8,16.1,27.1
58362,상하이,2024-06-10 09:00:00,47.9,160.0,4.0,0.0,1007.5,1008.0,0.4,13.4,25.2
58362,상하이,2024-06-10 12:00:00,73.9,150.0,2.0,0.0,1008.1,1008.6,0.6,18.1,23.0
58362,상하이,2024-06-10 15:00:00,85.2,150.0,3.0,0.0,1008.5,1009.0,0.4,19.5,22.1
58362,상하이,2024-06-10 18:00:00,87.9,140.0,2.0,0.0,1007.0,1007.5,1.5,19.6,21.7
58362,상하이,2024-06-10 21:00:00,95.2,140.0,2.0,0.0,1006.8,1007.3,0.2,20.6,21.4
58362,상하이,2024-06-11 00:00:00,92.9,140.0,2.0,0.0,1007.2,1007.7,0.4,21.0,22.2
58362,상하이,2024-06-11 03:00:00,93.0,150.0,3.0,0.0,1006.0,1006.5,1.2,21.8,23.0
58362,상하이,2024-06-11 06:00:00,91.9,160.0,2.0,0.0,1005.0,1005.5,1.0,22.3,23.7
58362,상하이,2024-06-11 09:00:00,93.0,140.0,2.0,0.0,1004.1,1004.6,0.9,22.7,23.9
58362,상하이,2024-06-11 12:00:00,98.2,130.0,1.0,0.0,1005.2,1005.7,1.1,22.6,22.9
58362,상하이,2024-06-11 15:00:00,98.2,140.0,2.0,0.0,1004.8,1005.3,0.4,22.4,22.4
58362,상하이,2024-06-11 18:00:00,98.2,150.0,1.0,0.0,1003.2,1003.7,1.6,22.2,22.2
58362,상하이,2024-06-11 21:00:00,98.2,100.0,1.0,0.0,1003.6,1004.1,0.4,22.3,22.3
58362,상하이,2024-06-12 00:00:00,98.8,200.0,0.0,0.0,1005.2,1005.7,1.6,23.3,23.5
58362,상하이,2024-06-12 03:00:00,77.9,290.0,1.0,0.0,1004.2,1004.7,1.0,22.9,27.1
58362,상하이,2024-06-12 06:00:00,74.8,120.0,2.0,0.0,1003.0,1003.5,1.2,23.3,28.2
58362,상하이,2024-06-12 09:00:00,73.0,100.0,2.0,0.0,1002.2,1002.7,0.8,22.9,28.2
58362,상하이,2024-06-12 12:00:00,94.2,90.0,2.0,0.0,1003.3,1003.8,1.1,23.5,24.5
58362,상하이,2024-06-12 15:00:00,98.2,130.0,1.0,0.0,1004.0,1004.5,0.7,23.2,23.5
58362,상하이,2024-06-12 18:00:00,,130.0,1.0,0.0,1002.8,1003.3,1.2,22.8,22.8
58362,상하이,2024-06-12 21:00:00,,130.0,1.0,0.0,1003.8,1004.3,1.0,22.7,22.7
58666,DACHEN DAO,2024-06-06 00:00:00,85.0,60.0,8.0,6.0,1003.3,1014.0,1.0,19.2,19.2
58666,DACHEN DAO,2024-06-06 03:00:00,86.0,50.0,8.0,6.0,1003.5,1014.1,0.2,19.5,19.5
58666,DACHEN DAO,2024-06-06 06:00:00,91.0,40.0,10.0,8.0,1002.5,1013.1,1.0,19.2,19.2
58666,DACHEN DAO,2024-06-06 09:00:00,89.0,40.0,11.0,7.0,1001.2,1011.8,1.3,19.4,19.4
58666,DACHEN DAO,2024-06-06 12:00:00,88.0,40.0,10.0,4.0,1002.3,1012.9,1.1,19.5,19.5
58666,DACHEN DAO,2024-06-06 15:00:00,87.0,20.0,7.0,2.0,1002.8,1013.4,0.5,19.4,19.4
58666,DACHEN DAO,2024-06-06 18:00:00,90.0,20.0,9.0,1.0,1001.0,1011.6,1.8,19.7,19.7
58666,DACHEN DAO,2024-06-06 21:00:00,89.0,20.0,7.0,2.0,1001.1,1011.7,0.1,19.7,19.7
58666,DACHEN DAO,2024-06-07 00:00:00,89.0,40.0,8.0,2.0,1001.6,1012.2,0.5,19.8,19.8
58666,DACHEN DAO,2024-06-07 03:00:00,88.0,40.0,9.0,2.0,1000.6,1011.2,1.0,20.7,20.7
58666,DACHEN DAO,2024-06-07 06:00:00,89.0,20.0,8.0,2.0,999.0,1009.6,1.6,21.0,21.0
58666,DACHEN DAO,2024-06-07 09:00:00,89.0,10.0,8.0,0.7,998.2,1008.8,0.8,20.5,20.5
58666,DACHEN DAO,2024-06-07 12:00:00,90.0,10.0,8.0,0.4,998.8,1009.4,0.6,20.4,20.4
58666,DACHEN DAO,2024-06-07 15:00:00,90.0,10.0,6.0,0.4,998.8,1009.3,0.0,20.4,20.4
58666,DACHEN DAO,2024-06-07 18:00:00,89.0,350.0,5.0,0.4,997.8,1008.3,1.0,20.5,20.5
58666,DACHEN DAO,2024-06-07 21:00:00,90.0,20.0,3.0,0.3,997.7,1008.2,0.1,20.5,20.5
58666,DACHEN DAO,2024-06-08 00:00:00,89.0,320.0,2.0,0.1,998.7,1009.2,1.0,21.9,21.9
58666,DACHEN DAO,2024-06-08 03:00:00,97.0,40.0,2.0,0.0,998.9,1009.4,0.2,23.0,23.5
58666,DACHEN DAO,2024-06-08 06:00:00,98.8,100.0,3.0,0.0,998.2,1008.7,0.7,23.1,23.3
58666,DACHEN DAO,2024-06-08 09:00:00,91.0,120.0,3.0,0.0,997.9,1008.4,0.3,22.2,22.2
58666,DACHEN DAO,2024-06-08 12:00:00,89.0,110.0,1.0,0.0,999.0,1009.5,1.1,21.2,21.2
58666,DACHEN DAO,2024-06-08 15:00:00,88.0,230.0,2.0,0.0,999.6,1010.1,0.6,21.4,21.4
58666,DACHEN DAO,2024-06-08 18:00:00,89.0,260.0,2.0,0.0,998.8,1009.3,0.8,21.6,21.6
58666,DACHEN DAO,2024-06-08 21:00:00,90.0,230.0,5.0,3.0,999.3,1009.8,0.5,20.9,20.9
58666,DACHEN DAO,2024-06-09 00:00:00,93.0,160.0,1.0,10.0,1000.0,1010.6,0.7,20.0,20.0
58666,DACHEN DAO,2024-06-09 03:00:00,92.0,180.0,1.1,0.0,999.9,1010.5,0.7,20.1,20.1
58666,DACHEN DAO,2024-06-09 06:00:00,91.0,210.0,1.3,0.0,999.9,1010.4,0.8,20.3,20.3
58666,DACHEN DAO,2024-06-09 09:00:00,89.0,230.0,1.4,0.0,999.8,1010.3,0.8,20.4,20.4
58666,DACHEN DAO,2024-06-09 12:00:00,90.0,250.0,1.6,0.0,999.7,1010.3,0.9,20.6,20.6
58666,DACHEN DAO,2024-06-09 15:00:00,89.0,270.0,1.7,0.0,999.6,1010.2,0.9,20.7,20.7
58666,DACHEN DAO,2024-06-09 18:00:00,89.0,300.0,1.9,0.0,999.6,1010.1,1.0,20.9,20.9
58666,DACHEN DAO,2024-06-09 21:00:00,92.0,320.0,2.0,1.0,999.5,1010.0,1.0,21.0,21.0
58666,DACHEN DAO,2024-06-10 00:00:00,92.0,100.0,3.0,7.0,998.8,1009.3,0.7,21.7,21.7
58666,DACHEN DAO,2024-06-10 03:00:00,93.0,50.0,6.0,21.0,998.6,1009.1,0.2,21.3,21.3
58666,DACHEN DAO,2024-06-10 06:00:00,94.0,100.0,7.0,21.0,997.7,1008.2,0.9,20.9,20.9
58666,DACHEN DAO,2024-06-10 09:00:00,93.0,100.0,6.0,22.0,996.9,1007.4,0.8,21.2,21.2
58666,DACHEN DAO,2024-06-10 12:00:00,93.0,110.0,2.0,18.0,997.9,1008.4,1.0,21.6,21.6
58666,DACHEN DAO,2024-06-10 15:00:00,92.0,170.0,1.0,4.0,998.4,1008.9,0.5,22.3,22.3
58666,DACHEN DAO,2024-06-10 18:00:00,92.0,260.0,1.0,4.0,996.9,1007.4,1.5,21.6,21.6
58666,DACHEN DAO,2024-06-10 21:00:00,97.0,30.0,3.0,3.0,996.4,1006.9,0.5,21.3,21.3
58666,DACHEN DAO,2024-06-11 00:00:00,98.0,30.0,2.0,3.0,996.6,1007.1,0.2,21.8,21.8
58666,DACHEN DAO,2024-06-11 03:00:00,92.0,20.0,2.0,9.0,996.1,1006.6,0.5,21.7,21.7
58666,DACHEN DAO,2024-06-11 06:00:00,98.0,340.0,2.0,11.0,995.6,1006.1,0.5,21.8,21.8
58666,DACHEN DAO,2024-06-11 09:00:00,97.0,40.0,1.0,10.0,994.3,1004.8,1.3,21.8,21.8
58666,DACHEN DAO,2024-06-11 12:00:00,95.0,70.0,0.0,10.0,995.0,1005.5,0.7,22.1,22.1
58666,DACHEN DAO,2024-06-11 15:00:00,96.0,200.0,1.0,3.0,995.0,1005.5,0.0,22.1,22.1
58666,DACHEN DAO,2024-06-11 18:00:00,96.0,300.0,2.0,2.0,993.5,1003.9,1.5,21.9,21.9
58666,DACHEN DAO,2024-06-11 21:00:00,97.0,290.0,1.0,0.3,993.6,1004.0,0.1,22.0,22.0
58666,DACHEN DAO,2024-06-12 00:00:00,,340.0,1.0,0.5,995.0,1005.4,1.4,22.2,22.2
58666,DACHEN DAO,2024-06-12 03:00:00,,240.0,1.0,5.0,994.8,1005.2,0.2,23.3,23.3
58666,DACHEN DAO,2024-06-12 06:00:00,,40.0,3.0,5.0,994.6,1005.0,0.2,22.8,22.8
58666,DACHEN DAO,2024-06-12 09:00:00,,60.0,3.0,5.0,994.0,1004.4,0.6,22.4,22.4
58666,DACHEN DAO,2024-06-12 12:00:00,,60.0,1.0,6.0,994.8,1005.3,0.8,21.1,21.1
58666,DACHEN DAO,2024-06-12 15:00:00,,220.0,1.0,1.0,995.0,1005.4,0.2,21.2,21.2
58666,DACHEN DAO,2024-06-12 18:00:00,,290.0,2.0,1.0,993.6,1004.0,1.4,21.7,21.7
58666,DACHEN DAO,2024-06-12 21:00:00,,270.0,2.0,0.8,994.0,1004.4,0.4,22.0,22.0
58847,푸조우,2024-06-06 00:00:00,94.0,290.0,1.0,4.0,1002.7,1012.7,1.0,20.7,20.7
58847,푸조우,2024-06-06 03:00:00,100.0,280.0,1.0,6.0,1002.6,1012.6,0.1,21.9,21.9
58847,푸조우,2024-06-06 06:00:00,100.0,150.0,1.0,5.0,1001.5,1011.5,1.1,22.9,22.9
58847,푸조우,2024-06-06 09:00:00,98.8,160.0,1.0,2.0,1000.5,1010.4,1.0,22.5,22.7
58847,푸조우,2024-06-06 12:00:00,98.8,160.0,2.0,2.0,1001.7,1011.7,1.2,21.6,21.8
58847,푸조우,2024-06-06 15:00:00,83.0,170.0,1.0,0.0,1002.7,1012.7,1.0,21.6,21.6
58847,푸조우,2024-06-06 18:00:00,83.0,320.0,0.0,0.0,1000.8,1010.7,1.9,21.4,21.4
58847,푸조우,2024-06-06 21:00:00,83.0,250.0,1.0,0.0,1000.8,1010.7,0.0,21.1,21.1
58847,푸조우,2024-06-07 00:00:00,95.3,310.0,1.0,0.0,1001.0,1010.9,0.2,22.4,23.2
58847,푸조우,2024-06-07 03:00:00,75.0,150.0,2.0,0.0,1000.5,1010.4,0.5,21.6,26.4
58847,푸조우,2024-06-07 06:00:00,69.0,160.0,1.0,0.0,999.1,1008.9,1.4,21.2,27.4
58847,푸조우,2024-06-07 09:00:00,71.0,280.0,1.0,0.0,997.7,1007.5,1.4,21.2,26.9
58847,푸조우,2024-06-07 12:00:00,91.9,150.0,2.0,0.0,998.8,1008.7,1.1,22.7,24.1
58847,푸조우,2024-06-07 15:00:00,74.0,140.0,2.0,0.0,1000.1,1009.9,1.3,23.0,23.0
58847,푸조우,2024-06-07 18:00:00,83.0,160.0,1.0,0.0,998.6,1008.4,1.5,22.5,22.5
58847,푸조우,2024-06-07 21:00:00,89.0,160.0,1.0,0.0,998.3,1008.1,0.3,22.4,22.4
58847,푸조우,2024-06-08 00:00:00,88.1,140.0,1.0,0.0,999.6,1009.4,1.3,22.5,24.6
58847,푸조우,2024-06-08 03:00:00,65.9,200.0,1.0,0.0,999.1,1008.9,0.5,21.8,28.8
58847,푸조우,2024-06-08 06:00:00,68.1,130.0,2.0,0.0,997.2,1007.0,1.9,22.7,29.2
58847,푸조우,2024-06-08 09:00:00,66.2,90.0,2.0,0.0,996.1,1005.8,1.1,23.0,30.0
58847,푸조우,2024-06-08 12:00:00,82.1,130.0,2.0,0.0,997.9,1007.7,1.8,23.2,26.5
58847,푸조우,2024-06-08 15:00:00,70.0,130.0,2.0,2.0,1000.0,1009.8,2.1,23.7,23.7
58847,푸조우,2024-06-08 18:00:00,74.0,130.0,2.0,8.0,998.5,1008.3,1.5,23.6,23.6
58847,푸조우,2024-06-08 21:00:00,89.0,170.0,1.0,8.0,998.5,1008.2,0.0,23.7,23.7
58847,푸조우,2024-06-09 00:00:00,89.0,90.0,2.0,8.0,1007.5,1017.5,1.3,22.8,25.0
58847,푸조우,2024-06-09 03:00:00,94.0,20.0,1.7,6.0,1006.8,1014.9,0.8,22.8,23.9
58847,푸조우,2024-06-09 06:00:00,94.0,20.0,1.7,0.0,1007.1,1014.9,0.8,22.8,23.9
58847,푸조우,2024-06-09 09:00:00,89.0,80.0,2.3,0.0,1008.2,1017.2,1.4,22.8,25.0
58847,푸조우,2024-06-09 12:00:00,80.3,90.0,3.0,0.0,1008.5,1016.4,1.5,23.5,27.2
58847,푸조우,2024-06-09 15:00:00,84.0,80.0,3.7,0.0,1007.5,1013.2,1.4,23.9,27.0
58847,푸조우,2024-06-09 18:00:00,92.3,60.0,4.0,0.0,1007.5,1013.4,1.1,23.9,25.4
58847,푸조우,2024-06-09 21:00:00,94.0,10.0,2.7,11.0,1009.2,1014.5,1.0,23.2,24.3
58847,푸조우,2024-06-10 00:00:00,100.0,220.0,1.0,4.0,999.6,1009.4,0.1,24.3,24.3
58847,푸조우,2024-06-10 03:00:00,98.8,300.0,0.0,0.2,998.7,1008.5,0.9,26.9,27.1
58847,푸조우,2024-06-10 06:00:00,93.8,310.0,1.0,0.2,997.1,1006.8,1.6,27.7,28.8
58847,푸조우,2024-06-10 09:00:00,91.1,220.0,1.0,0.0,996.2,1005.9,0.9,27.7,29.3
58847,푸조우,2024-06-10 12:00:00,89.0,0.0,1.0,0.3,998.2,1008.0,2.0,27.4,27.4
58847,푸조우,2024-06-10 15:00:00,79.0,140.0,1.0,0.5,999.1,1008.9,0.9,26.6,26.6
58847,푸조우,2024-06-10 18:00:00,89.0,180.0,1.0,0.6,997.5,1007.2,1.6,26.4,26.4
58847,푸조우,2024-06-10 21:00:00,89.0,330.0,1.0,0.6,997.3,1007.0,0.2,25.6,25.6
58847,푸조우,2024-06-11 00:00:00,89.0,300.0,1.0,0.3,997.5,1007.2,0.2,28.6,28.6
58847,푸조우,2024-06-11 03:00:00,71.0,210.0,2.0,0.1,996.7,1006.4,0.8,25.5,31.4
58847,푸조우,2024-06-11 06:00:00,56.0,180.0,2.0,0.0,994.5,1004.1,2.2,23.6,33.6
58847,푸조우,2024-06-11 09:00:00,84.0,0.0,1.0,15.0,994.0,1003.7,0.5,27.3,27.3
58847,푸조우,2024-06-11 12:00:00,79.0,140.0,2.0,15.0,995.2,1004.9,1.2,27.8,27.8
58847,푸조우,2024-06-11 15:00:00,79.0,140.0,2.0,15.0,996.1,1005.7,0.9,27.0,27.0
58847,푸조우,2024-06-11 18:00:00,89.0,180.0,0.0,17.0,994.7,1004.3,1.4,26.4,26.4
58847,푸조우,2024-06-11 21:00:00,89.0,330.0,1.0,2.0,994.6,1004.3,0.1,26.1,26.1
58847,푸조우,2024-06-12 00:00:00,90.1,150.0,1.0,1.0,995.9,1005.6,1.3,28.0,29.8
58847,푸조우,2024-06-12 03:00:00,67.1,220.0,2.0,1.0,995.0,1004.6,0.9,25.6,32.5
58847,푸조우,2024-06-12 06:00:00,72.9,110.0,2.0,0.0,993.0,1002.6,2.0,27.3,32.8
58847,푸조우,2024-06-12 09:00:00,,140.0,3.0,0.3,993.3,1003.0,0.3,28.7,28.7
58847,푸조우,2024-06-12 12:00:00,,70.0,3.0,21.0,995.2,1004.9,1.9,25.4,25.4
58847,푸조우,2024-06-12 15:00:00,,290.0,2.0,25.0,995.7,1005.3,0.5,25.7,25.7
58847,푸조우,2024-06-12 18:00:00,,280.0,1.0,27.0,993.9,1003.5,1.8,25.8,25.8
58847,푸조우,2024-06-12 21:00:00,,300.0,1.0,27.0,994.0,1003.7,0.1,25.5,25.5
59287,광조우,2024-06-06 00:00:00,94.7,350.0,2.0,0.3,1002.6,1010.9,1.0,21.9,22.8
59287,광조우,2024-06-06 03:00:00,80.7,10.0,3.0,0.0,1002.6,1010.9,0.0,23.0,26.6
59287,광조우,2024-06-06 06:00:00,78.9,340.0,2.0,0.0,1001.3,1009.6,1.3,23.5,27.5
59287,광조우,2024-06-06 09:00:00,82.6,350.0,1.0,0.0,999.8,1008.1,1.5,23.4,26.6
59287,광조우,2024-06-06 12:00:00,86.6,350.0,1.0,0.0,1000.6,1008.9,0.8,23.0,25.4
59287,광조우,2024-06-06 15:00:00,90.8,350.0,2.0,0.0,1001.3,1009.6,0.7,23.1,24.7
59287,광조우,2024-06-06 18:00:00,95.9,330.0,1.0,1.0,1000.3,1008.6,1.0,23.4,24.1
59287,광조우,2024-06-06 21:00:00,95.9,310.0,1.0,2.0,999.9,1008.2,0.4,22.6,23.3
59287,광조우,2024-06-07 00:00:00,94.7,0.0,2.0,5.0,1000.7,1009.0,0.8,22.8,23.7
59287,광조우,2024-06-07 03:00:00,85.6,340.0,1.0,5.0,1000.6,1008.9,0.1,23.1,25.7
59287,광조우,2024-06-07 06:00:00,82.6,50.0,2.0,4.0,999.2,1007.5,1.4,23.2,26.4
59287,광조우,2024-06-07 09:00:00,86.6,90.0,2.0,3.0,998.1,1006.4,1.1,23.2,25.6
59287,광조우,2024-06-07 12:00:00,88.7,80.0,1.0,0.0,999.1,1007.4,1.1,23.2,25.2
59287,광조우,2024-06-07 15:00:00,90.8,80.0,0.0,0.0,1000.1,1008.4,1.1,23.3,24.9
59287,광조우,2024-06-07 18:00:00,90.8,80.0,2.0,0.0,998.5,1006.7,1.6,23.1,24.7
59287,광조우,2024-06-07 21:00:00,91.9,120.0,1.0,0.0,998.0,1006.3,0.5,23.0,24.4
59287,광조우,2024-06-08 00:00:00,95.9,110.0,1.0,15.0,999.2,1007.5,1.2,23.6,24.3
59287,광조우,2024-06-08 03:00:00,92.0,50.0,1.0,17.0,999.5,1007.8,0.3,24.0,25.4
59287,광조우,2024-06-08 06:00:00,91.5,70.0,1.0,17.0,998.1,1006.3,1.4,25.2,26.7
59287,광조우,2024-06-08 09:00:00,91.5,20.0,1.0,22.0,997.0,1005.2,1.1,25.1,26.6
59287,광조우,2024-06-08 12:00:00,93.7,90.0,1.0,7.0,998.0,1006.3,1.0,24.7,25.8
59287,광조우,2024-06-08 15:00:00,93.6,140.0,1.0,7.0,999.3,1007.6,1.3,24.3,25.4
59287,광조우,2024-06-08 18:00:00,95.9,130.0,1.0,9.0,998.3,1006.5,1.0,24.2,24.9
59287,광조우,2024-06-08 21:00:00,95.9,110.0,1.0,4.0,998.2,1006.4,0.1,24.2,24.9
59287,광조우,2024-06-09 00:00:00,100.0,140.0,2.0,0.0,1005.1,1011.7,0.9,26.1,26.1
59287,광조우,2024-06-09 03:00:00,100.0,80.0,2.0,0.0,1004.4,1011.3,1.0,26.1,26.1
59287,광조우,2024-06-09 06:00:00,100.0,70.0,2.0,0.0,1004.1,1010.7,1.2,25.0,25.0
59287,광조우,2024-06-09 09:00:00,100.0,70.0,2.0,0.0,1005.4,1011.6,1.0,25.4,25.4
59287,광조우,2024-06-09 12:00:00,99.1,100.0,2.0,0.0,1006.4,1012.4,1.0,26.3,26.4
59287,광조우,2024-06-09 15:00:00,95.2,100.0,2.8,0.0,1005.8,1011.8,1.2,27.0,27.6
59287,광조우,2024-06-09 18:00:00,90.7,100.0,2.7,0.0,1005.1,1010.8,1.2,26.5,27.8
59287,광조우,2024-06-09 21:00:00,100.0,70.0,2.0,0.0,1006.4,1011.8,0.9,26.7,26.7
59287,광조우,2024-06-10 00:00:00,88.8,130.0,1.0,0.0,1001.2,1009.4,0.1,24.8,26.8
59287,광조우,2024-06-10 03:00:00,74.7,170.0,3.0,0.0,1000.5,1008.7,0.7,25.5,30.5
59287,광조우,2024-06-10 06:00:00,91.5,210.0,1.0,4.0,999.7,1007.9,0.8,25.8,27.3
59287,광조우,2024-06-10 09:00:00,78.7,140.0,2.0,4.0,997.9,1006.1,1.8,25.3,29.4
59287,광조우,2024-06-10 12:00:00,88.9,130.0,1.0,4.0,999.9,1008.1,2.0,25.6,27.6
59287,광조우,2024-06-10 15:00:00,91.5,110.0,1.0,4.0,1001.5,1009.7,1.6,25.1,26.6
59287,광조우,2024-06-10 18:00:00,93.7,150.0,1.0,0.0,1000.5,1008.7,1.0,25.4,26.5
59287,광조우,2024-06-10 21:00:00,92.6,140.0,1.0,0.0,1000.5,1008.7,0.0,25.2,26.5
59287,광조우,2024-06-11 00:00:00,87.9,160.0,2.0,0.0,1001.0,1009.2,0.5,25.6,27.8
59287,광조우,2024-06-11 03:00:00,79.7,170.0,2.0,0.2,1000.5,1008.7,0.5,25.9,29.8
59287,광조우,2024-06-11 06:00:00,75.6,160.0,2.0,0.3,998.4,1006.6,2.1,25.9,30.7
59287,광조우,2024-06-11 09:00:00,90.9,150.0,1.0,3.0,997.6,1005.8,0.8,24.6,26.2
59287,광조우,2024-06-11 12:00:00,92.6,130.0,1.0,3.0,998.2,1006.4,0.6,25.5,26.8
59287,광조우,2024-06-11 15:00:00,94.8,310.0,1.0,2.0,999.4,1007.6,1.2,25.6,26.5
59287,광조우,2024-06-11 18:00:00,93.7,140.0,2.0,2.0,998.2,1006.4,1.2,25.8,26.9
59287,광조우,2024-06-11 21:00:00,94.8,120.0,1.0,0.0,998.4,1006.6,0.2,25.6,26.5
59287,광조우,2024-06-12 00:00:00,90.5,190.0,2.0,0.0,999.9,1008.1,1.5,26.2,27.9
59287,광조우,2024-06-12 03:00:00,71.9,200.0,3.0,0.0,999.4,1007.6,0.5,26.3,32.0
59287,광조우,2024-06-12 06:00:00,67.8,220.0,2.0,0.0,997.3,1005.4,2.1,25.3,32.0
59287,광조우,2024-06-12 09:00:00,82.6,130.0,2.0,14.0,996.1,1004.2,1.2,27.2,30.5
59287,광조우,2024-06-12 12:00:00,87.9,130.0,1.0,14.0,997.0,1005.2,0.9,26.1,28.3
59287,광조우,2024-06-12 15:00:00,92.6,120.0,1.0,14.0,997.8,1005.9,0.8,26.3,27.6
59287,광조우,2024-06-12 18:00:00,90.5,150.0,1.0,14.0,996.4,1004.5,1.4,25.6,27.3
59287,광조우,2024-06-12 21:00:00,93.7,130.0,1.0,0.1,996.4,1004.5,0.0,26.0,27.1
