지점,지점명,일시,습도,풍속,풍향,강수량,현지기압,해면기압,변화량기압,이슬점온도,기온
50745,치치하르,2024-06-05 00:00:00,81.0,3.0,240.0,0.1,992.0,1009.3,0.9,14.5,17.8
50745,치치하르,2024-06-05 03:00:00,68.1,2.0,160.0,0.1,992.0,1009.2,0.0,14.7,20.8
50745,치치하르,2024-06-05 06:00:00,52.9,3.0,100.0,0.1,990.9,1008.0,1.1,15.1,25.4
50745,치치하르,2024-06-05 09:00:00,54.1,2.0,160.0,0.1,990.0,1007.1,0.9,16.2,26.2
50745,치치하르,2024-06-05 12:00:00,59.0,2.0,20.0,0.0,990.4,1007.5,0.4,15.6,24.1
50745,치치하르,2024-06-05 15:00:00,70.9,2.0,120.0,0.0,990.7,1007.8,0.3,15.8,21.3
50745,치치하르,2024-06-05 18:00:00,79.8,2.0,60.0,0.0,990.5,1007.5,0.2,16.4,20.0
50745,치치하르,2024-06-05 21:00:00,75.8,2.0,360.0,1.0,990.4,1007.4,0.1,15.7,20.1
50745,치치하르,2024-06-06 00:00:00,76.1,1.0,80.0,1.0,990.1,1007.1,0.3,17.3,21.7
50745,치치하르,2024-06-06 03:00:00,72.2,3.0,120.0,1.0,989.4,1006.5,0.7,18.1,23.4
50745,치치하르,2024-06-06 06:00:00,60.0,4.0,320.0,1.0,987.4,1004.5,2.0,15.3,23.5
50745,치치하르,2024-06-06 09:00:00,54.2,4.0,220.0,0.0,984.7,1001.7,2.7,15.1,25.0
50745,치치하르,2024-06-06 12:00:00,55.0,4.0,120.0,0.0,982.5,999.4,2.2,14.7,24.3
50745,치치하르,2024-06-06 15:00:00,57.9,4.0,300.0,0.0,983.6,1000.5,1.1,13.8,22.5
50745,치치하르,2024-06-06 18:00:00,70.9,2.0,200.0,0.0,982.9,999.9,0.7,13.8,19.2
50745,치치하르,2024-06-06 21:00:00,67.9,2.0,240.0,0.0,984.3,1001.3,1.4,11.9,17.9
50745,치치하르,2024-06-07 00:00:00,45.1,3.0,80.0,0.0,985.1,1002.0,0.8,9.1,21.5
50745,치치하르,2024-06-07 03:00:00,33.0,4.0,40.0,0.0,984.3,1001.2,0.8,7.8,25.2
50745,치치하르,2024-06-07 06:00:00,27.0,5.0,300.0,0.0,982.6,999.5,1.7,7.3,28.0
50745,치치하르,2024-06-07 09:00:00,64.8,8.0,240.0,0.0,982.8,999.9,0.2,14.7,21.6
50745,치치하르,2024-06-07 12:00:00,63.0,4.0,220.0,3.0,982.7,999.7,0.1,13.4,20.7
50745,치치하르,2024-06-07 15:00:00,77.0,2.0,320.0,3.0,982.8,999.8,0.1,14.3,18.4
50745,치치하르,2024-06-07 18:00:00,83.8,1.0,40.0,3.0,982.9,999.9,0.1,11.9,14.6
50745,치치하르,2024-06-07 21:00:00,78.9,1.0,300.0,3.0,983.4,1000.6,0.5,10.5,14.1
50745,치치하르,2024-06-08 00:00:00,59.0,2.0,340.0,0.0,983.9,1001.0,0.5,10.9,19.1
50745,치치하르,2024-06-08 03:00:00,38.0,3.0,140.0,0.0,983.5,1000.5,0.4,8.2,23.3
50745,치치하르,2024-06-08 06:00:00,27.1,2.0,240.0,0.0,982.6,999.7,0.9,5.1,25.4
50745,치치하르,2024-06-08 09:00:00,50.9,3.0,200.0,1.0,984.1,1001.4,1.5,9.9,20.4
50745,치치하르,2024-06-08 12:00:00,69.0,3.0,140.0,1.0,985.2,1002.5,1.1,10.6,16.3
50745,치치하르,2024-06-08 15:00:00,79.0,3.0,100.0,1.0,987.0,1004.2,1.8,10.8,14.4
50745,치치하르,2024-06-08 18:00:00,86.9,1.0,160.0,1.0,987.0,1004.2,0.0,9.5,11.6
50745,치치하르,2024-06-08 21:00:00,82.9,1.0,60.0,0.0,987.6,1005.0,0.6,9.0,11.8
50745,치치하르,2024-06-09 00:00:00,,,,0.0,,,,,
50745,치치하르,2024-06-09 03:00:00,,,,0.0,,,,,
50745,치치하르,2024-06-09 06:00:00,,,,0.0,,,,,
50745,치치하르,2024-06-09 09:00:00,,,,0.0,,,,,
50745,치치하르,2024-06-09 12:00:00,,,,0.0,,,,,
50745,치치하르,2024-06-09 15:00:00,,,,0.0,,,,,
50745,치치하르,2024-06-09 18:00:00,,,,0.0,,,,,
50745,치치하르,2024-06-09 21:00:00,57.2,3.0,200.0,0.0,985.2,1002.2,0.5,10.9,19.6
50745,치치하르,2024-06-10 00:00:00,60.1,2.0,100.0,0.0,984.0,1001.1,1.2,12.4,20.4
50745,치치하르,2024-06-10 03:00:00,52.0,3.0,260.0,0.0,983.3,1000.3,0.7,12.8,23.2
50745,치치하르,2024-06-10 06:00:00,41.1,3.0,160.0,0.0,981.7,998.6,1.6,12.5,26.8
50745,치치하르,2024-06-10 09:00:00,36.0,2.0,160.0,0.0,980.2,997.0,1.5,11.8,28.3
50745,치치하르,2024-06-10 12:00:00,45.0,2.0,220.0,0.0,980.3,997.1,0.1,13.6,26.5
50745,치치하르,2024-06-10 15:00:00,57.0,2.0,220.0,5.0,979.4,996.2,0.9,14.5,23.5
50745,치치하르,2024-06-10 18:00:00,77.1,4.0,240.0,5.0,979.9,996.8,0.5,15.0,19.1
50745,치치하르,2024-06-10 21:00:00,93.2,2.0,360.0,5.0,981.9,998.8,2.0,15.9,17.0
51463,우루무치,2024-06-05 00:00:00,59.8,1.0,260.0,0.0,912.5,1017.9,0.8,6.8,14.5
51463,우루무치,2024-06-05 03:00:00,32.1,3.0,200.0,0.0,912.4,1017.4,0.1,2.6,19.7
51463,우루무치,2024-06-05 06:00:00,22.0,4.0,100.0,0.0,911.6,1016.3,0.8,-0.2,22.6
51463,우루무치,2024-06-05 09:00:00,19.0,4.0,360.0,0.0,910.2,1014.6,1.4,-0.7,24.4
51463,우루무치,2024-06-05 12:00:00,20.1,2.0,360.0,0.0,910.2,1014.6,0.0,-0.2,24.1
51463,우루무치,2024-06-05 15:00:00,28.0,1.0,80.0,0.0,910.9,1015.0,0.7,1.4,20.5
51463,우루무치,2024-06-05 18:00:00,36.9,2.0,100.0,0.0,910.8,1014.9,0.1,2.9,17.8
51463,우루무치,2024-06-05 21:00:00,40.1,3.0,200.0,0.0,909.9,1013.8,0.9,2.8,16.4
51463,우루무치,2024-06-06 00:00:00,39.9,3.0,100.0,0.0,910.5,1014.5,0.6,3.2,16.9
51463,우루무치,2024-06-06 03:00:00,25.1,2.0,340.0,0.0,910.4,1013.8,0.1,2.4,23.5
51463,우루무치,2024-06-06 06:00:00,17.0,3.0,60.0,0.0,909.0,1012.3,1.4,-1.2,25.6
51463,우루무치,2024-06-06 09:00:00,13.9,4.0,200.0,0.0,907.7,1010.9,1.3,-2.8,27.0
51463,우루무치,2024-06-06 12:00:00,15.0,2.0,160.0,0.0,907.3,1010.4,0.4,-2.1,26.6
51463,우루무치,2024-06-06 15:00:00,23.0,0.0,60.0,0.0,908.4,1011.1,1.1,0.7,22.9
51463,우루무치,2024-06-06 18:00:00,28.9,2.0,100.0,0.0,907.8,1010.7,0.6,0.8,19.3
51463,우루무치,2024-06-06 21:00:00,32.1,2.0,200.0,0.0,907.3,1010.1,0.5,1.2,18.1
51463,우루무치,2024-06-07 00:00:00,32.9,3.0,100.0,0.0,907.7,1010.6,0.4,1.9,18.5
51463,우루무치,2024-06-07 03:00:00,20.0,1.0,220.0,0.0,907.6,1009.9,0.1,1.0,25.6
51463,우루무치,2024-06-07 06:00:00,16.0,3.0,300.0,0.0,906.1,1008.4,1.5,-0.2,27.9
51463,우루무치,2024-06-07 09:00:00,14.0,3.0,160.0,0.0,904.7,1006.8,1.4,-0.9,29.3
51463,우루무치,2024-06-07 12:00:00,,,,0.0,,,,,
51463,우루무치,2024-06-07 15:00:00,23.1,2.0,100.0,0.0,905.9,1007.5,1.3,2.9,25.5
51463,우루무치,2024-06-07 18:00:00,28.0,1.0,220.0,0.0,905.5,1007.0,0.4,3.8,23.3
51463,우루무치,2024-06-07 21:00:00,29.0,2.0,360.0,0.0,906.0,1007.5,0.5,3.4,22.3
51463,우루무치,2024-06-08 00:00:00,32.0,2.0,360.0,0.0,906.6,1008.4,0.6,4.2,21.6
51463,우루무치,2024-06-08 03:00:00,25.1,1.0,40.0,0.0,906.9,1008.6,0.3,4.1,25.5
51463,우루무치,2024-06-08 06:00:00,17.0,2.0,320.0,0.0,905.4,1006.7,1.5,1.8,29.4
51463,우루무치,2024-06-08 09:00:00,16.0,3.0,260.0,0.0,904.2,1005.4,1.2,1.3,29.8
51463,우루무치,2024-06-08 12:00:00,15.0,2.0,100.0,0.0,904.1,1005.5,0.1,0.2,29.5
51463,우루무치,2024-06-08 15:00:00,19.0,1.0,220.0,0.0,905.4,1007.0,1.3,-0.2,25.0
51463,우루무치,2024-06-08 18:00:00,30.1,1.0,100.0,0.0,906.0,1007.4,0.6,4.2,22.6
51463,우루무치,2024-06-08 21:00:00,34.0,1.0,360.0,0.0,906.4,1008.2,0.4,4.2,20.6
51463,우루무치,2024-06-09 00:00:00,,,,0.0,,,,,
51463,우루무치,2024-06-09 03:00:00,,,,0.0,,,,,
51463,우루무치,2024-06-09 06:00:00,,,,0.0,,,,,
51463,우루무치,2024-06-09 09:00:00,,,,0.0,,,,,
51463,우루무치,2024-06-09 12:00:00,,,,0.0,,,,,
51463,우루무치,2024-06-09 15:00:00,,,,0.0,,,,,
51463,우루무치,2024-06-09 18:00:00,,,,0.0,,,,,
51463,우루무치,2024-06-09 21:00:00,37.0,2.0,260.0,0.0,906.3,1007.8,0.5,7.0,22.4
51463,우루무치,2024-06-10 00:00:00,37.0,2.0,100.0,0.0,906.5,1008.1,0.2,7.0,22.4
51463,우루무치,2024-06-10 03:00:00,29.0,2.0,220.0,0.0,906.6,1007.8,0.1,7.8,27.4
51463,우루무치,2024-06-10 06:00:00,24.1,3.0,160.0,0.0,905.6,1006.8,1.0,7.2,29.9
51463,우루무치,2024-06-10 09:00:00,21.0,4.0,40.0,0.0,903.9,1004.9,1.7,5.9,30.7
51463,우루무치,2024-06-10 12:00:00,24.0,2.0,300.0,0.0,904.2,1005.4,0.3,7.0,29.7
51463,우루무치,2024-06-10 15:00:00,31.0,1.0,180.0,0.0,905.3,1006.3,1.1,8.0,26.5
51463,우루무치,2024-06-10 18:00:00,35.9,2.0,300.0,0.0,904.8,1005.6,0.5,8.7,24.8
51463,우루무치,2024-06-10 21:00:00,38.0,2.0,260.0,0.0,904.5,1005.4,0.3,8.1,23.2
52203,HAMI,2024-06-05 00:00:00,28.9,4.0,200.0,0.0,927.5,1010.5,1.4,1.4,20.0
52203,HAMI,2024-06-05 03:00:00,25.0,2.0,240.0,0.0,927.7,1010.4,0.2,2.8,24.0
52203,HAMI,2024-06-05 06:00:00,17.0,2.0,340.0,0.0,926.3,1008.8,1.4,0.2,27.4
52203,HAMI,2024-06-05 09:00:00,14.0,1.0,220.0,0.0,924.9,1007.5,1.4,-0.9,29.4
52203,HAMI,2024-06-05 12:00:00,18.1,2.0,340.0,0.0,925.2,1007.6,0.3,1.3,27.7
52203,HAMI,2024-06-05 15:00:00,20.0,2.0,340.0,0.0,926.3,1008.8,1.1,-0.6,23.7
52203,HAMI,2024-06-05 18:00:00,19.0,4.0,140.0,0.0,926.3,1008.3,0.0,-1.2,23.8
52203,HAMI,2024-06-05 21:00:00,27.1,3.0,280.0,0.0,926.5,1008.9,0.2,-0.1,19.3
52203,HAMI,2024-06-06 00:00:00,26.9,4.0,280.0,0.0,928.0,1010.5,1.5,1.1,20.8
52203,HAMI,2024-06-06 03:00:00,20.0,3.0,320.0,0.0,928.5,1011.0,0.5,0.6,25.1
52203,HAMI,2024-06-06 06:00:00,18.0,2.0,100.0,0.0,926.5,1008.2,2.0,2.5,29.2
52203,HAMI,2024-06-06 09:00:00,11.0,2.0,100.0,0.0,924.4,1006.4,2.1,-3.4,30.3
52203,HAMI,2024-06-06 12:00:00,12.0,1.0,340.0,0.0,923.9,1005.7,0.5,-2.3,30.2
52203,HAMI,2024-06-06 15:00:00,45.1,1.0,200.0,0.0,925.1,1007.9,1.2,7.3,19.5
52203,HAMI,2024-06-06 18:00:00,22.9,2.0,40.0,0.0,925.4,1007.4,0.3,-0.7,21.3
52203,HAMI,2024-06-06 21:00:00,19.9,2.0,180.0,0.0,925.2,1007.3,0.2,-4.0,19.6
52203,HAMI,2024-06-07 00:00:00,21.0,2.0,180.0,0.0,926.1,1008.0,0.9,-2.0,21.2
52203,HAMI,2024-06-07 03:00:00,14.0,3.0,120.0,0.0,926.3,1008.8,0.2,-1.8,28.2
52203,HAMI,2024-06-07 06:00:00,9.0,2.0,300.0,0.0,924.7,1006.3,1.6,-5.0,31.7
52203,HAMI,2024-06-07 09:00:00,10.0,3.0,180.0,0.0,922.7,1004.4,2.0,-3.9,31.4
52203,HAMI,2024-06-07 12:00:00,19.0,1.0,140.0,0.0,921.9,1003.4,0.8,4.4,30.6
52203,HAMI,2024-06-07 15:00:00,38.1,1.0,140.0,0.0,922.9,1005.0,1.0,5.2,19.9
52203,HAMI,2024-06-07 18:00:00,32.9,1.0,140.0,0.0,922.7,1004.6,0.2,1.3,17.8
52203,HAMI,2024-06-07 21:00:00,48.0,1.0,300.0,0.0,922.5,1004.9,0.2,3.9,14.8
52203,HAMI,2024-06-08 00:00:00,23.9,2.0,180.0,0.0,924.0,1005.7,1.5,-0.1,21.3
52203,HAMI,2024-06-08 03:00:00,12.0,2.0,120.0,0.0,924.4,1006.6,0.4,-3.6,28.6
52203,HAMI,2024-06-08 06:00:00,9.0,2.0,340.0,0.0,922.7,1004.5,1.7,-4.3,32.7
52203,HAMI,2024-06-08 09:00:00,8.0,3.0,120.0,0.0,920.4,1002.1,2.3,-4.6,34.4
52203,HAMI,2024-06-08 12:00:00,10.0,2.0,80.0,0.0,919.8,1000.8,0.6,-2.6,33.0
52203,HAMI,2024-06-08 15:00:00,30.9,1.0,320.0,0.0,921.0,1002.3,1.2,5.8,24.0
52203,HAMI,2024-06-08 18:00:00,17.0,3.0,80.0,0.0,921.3,1001.8,0.3,-1.0,25.9
52203,HAMI,2024-06-08 21:00:00,26.9,1.0,340.0,0.0,922.0,1003.0,0.7,1.1,20.8
52203,HAMI,2024-06-09 00:00:00,,,,0.0,,,,,
52203,HAMI,2024-06-09 03:00:00,,,,0.0,,,,,
52203,HAMI,2024-06-09 06:00:00,,,,0.0,,,,,
52203,HAMI,2024-06-09 09:00:00,,,,0.0,,,,,
52203,HAMI,2024-06-09 12:00:00,,,,0.0,,,,,
52203,HAMI,2024-06-09 15:00:00,,,,0.0,,,,,
52203,HAMI,2024-06-09 18:00:00,,,,0.0,,,,,
52203,HAMI,2024-06-09 21:00:00,24.9,3.0,280.0,0.0,921.7,1001.9,0.2,4.1,25.6
52203,HAMI,2024-06-10 00:00:00,30.0,1.0,220.0,0.0,922.9,1003.5,1.2,6.0,24.7
52203,HAMI,2024-06-10 03:00:00,22.0,5.0,60.0,0.0,922.8,1003.1,0.1,5.9,29.9
52203,HAMI,2024-06-10 06:00:00,15.0,2.0,240.0,0.0,921.5,1001.5,1.3,3.4,33.6
52203,HAMI,2024-06-10 09:00:00,14.0,2.0,300.0,0.0,919.5,999.5,2.0,3.9,35.4
52203,HAMI,2024-06-10 12:00:00,14.0,2.0,20.0,0.0,919.0,999.1,0.5,3.6,35.1
52203,HAMI,2024-06-10 15:00:00,25.0,1.0,340.0,0.0,920.6,1001.3,1.6,5.4,27.1
52203,HAMI,2024-06-10 18:00:00,34.1,2.0,200.0,0.0,920.8,1001.4,0.2,7.3,24.1
52203,HAMI,2024-06-10 21:00:00,29.0,1.0,80.0,0.0,921.3,1001.8,0.5,4.1,23.1
52681,MINQIN,2024-06-05 00:00:00,64.9,2.0,280.0,0.0,860.7,1007.0,1.3,11.5,18.2
52681,MINQIN,2024-06-05 03:00:00,40.0,1.0,340.0,0.0,861.4,1007.9,0.7,9.3,23.7
52681,MINQIN,2024-06-05 06:00:00,24.0,2.0,80.0,0.0,860.1,1006.1,1.3,5.0,27.3
52681,MINQIN,2024-06-05 09:00:00,19.9,2.0,180.0,0.0,857.8,1003.4,2.3,3.5,28.7
52681,MINQIN,2024-06-05 12:00:00,23.0,1.0,40.0,0.0,858.0,1003.3,0.2,3.8,26.6
52681,MINQIN,2024-06-05 15:00:00,23.9,3.0,80.0,0.0,859.2,1003.7,1.2,3.1,25.1
52681,MINQIN,2024-06-05 18:00:00,59.9,7.0,60.0,0.0,861.0,1006.7,1.8,10.1,18.0
52681,MINQIN,2024-06-05 21:00:00,64.0,6.0,320.0,0.0,862.0,1008.0,1.0,9.4,16.2
52681,MINQIN,2024-06-06 00:00:00,90.1,4.0,20.0,2.0,864.2,1011.8,2.2,12.2,13.8
52681,MINQIN,2024-06-06 03:00:00,84.8,4.0,320.0,7.0,865.7,1014.0,1.5,11.0,13.5
52681,MINQIN,2024-06-06 06:00:00,76.9,2.0,320.0,8.0,865.1,1014.9,0.6,10.8,14.8
52681,MINQIN,2024-06-06 09:00:00,57.0,1.0,200.0,8.0,863.4,1012.2,1.7,10.3,19.0
52681,MINQIN,2024-06-06 12:00:00,54.2,1.0,180.0,7.0,862.9,1012.5,0.5,8.8,18.2
52681,MINQIN,2024-06-06 15:00:00,69.0,1.0,60.0,1.0,863.8,1014.2,0.9,10.6,16.3
52681,MINQIN,2024-06-06 18:00:00,72.1,3.0,200.0,0.0,862.5,1012.5,1.3,10.7,15.7
52681,MINQIN,2024-06-06 21:00:00,82.2,3.0,300.0,0.0,862.6,1011.8,0.1,11.5,14.5
52681,MINQIN,2024-06-07 00:00:00,67.8,2.0,140.0,0.2,862.7,1011.3,0.1,11.4,17.4
52681,MINQIN,2024-06-07 03:00:00,35.9,1.0,180.0,0.2,863.0,1010.6,0.3,7.1,23.0
52681,MINQIN,2024-06-07 06:00:00,18.0,2.0,140.0,0.2,861.6,1008.4,1.4,-0.3,25.8
52681,MINQIN,2024-06-07 09:00:00,16.0,3.0,60.0,0.2,859.5,1006.2,2.1,-1.7,26.1
52681,MINQIN,2024-06-07 12:00:00,20.0,2.0,20.0,0.0,859.7,1006.1,0.2,0.0,24.4
52681,MINQIN,2024-06-07 15:00:00,25.1,2.0,320.0,0.0,860.8,1006.3,1.1,1.8,22.8
52681,MINQIN,2024-06-07 18:00:00,33.9,2.0,220.0,0.0,860.6,1005.8,0.2,4.6,21.1
52681,MINQIN,2024-06-07 21:00:00,41.1,1.0,220.0,0.0,860.2,1005.5,0.4,6.5,20.1
52681,MINQIN,2024-06-08 00:00:00,49.1,1.0,300.0,0.0,861.3,1007.2,1.1,9.2,20.2
52681,MINQIN,2024-06-08 03:00:00,33.1,5.0,100.0,0.0,862.3,1008.1,1.0,6.0,23.1
52681,MINQIN,2024-06-08 06:00:00,21.9,5.0,220.0,0.0,861.4,1007.2,0.9,1.2,24.3
52681,MINQIN,2024-06-08 09:00:00,23.1,2.0,260.0,0.0,859.0,1004.1,2.4,3.5,26.2
52681,MINQIN,2024-06-08 12:00:00,23.0,2.0,40.0,0.0,858.7,1003.9,0.3,2.8,25.4
52681,MINQIN,2024-06-08 15:00:00,36.0,2.0,200.0,0.0,859.4,1004.9,0.7,6.1,21.8
52681,MINQIN,2024-06-08 18:00:00,52.9,1.0,60.0,0.0,859.4,1005.4,0.0,9.0,18.8
52681,MINQIN,2024-06-08 21:00:00,58.2,2.0,80.0,0.0,858.9,1004.7,0.5,9.1,17.4
52681,MINQIN,2024-06-09 00:00:00,,,,0.0,,,,,
52681,MINQIN,2024-06-09 03:00:00,,,,0.0,,,,,
52681,MINQIN,2024-06-09 06:00:00,,,,0.0,,,,,
52681,MINQIN,2024-06-09 09:00:00,,,,0.0,,,,,
52681,MINQIN,2024-06-09 12:00:00,,,,0.0,,,,,
52681,MINQIN,2024-06-09 15:00:00,,,,0.0,,,,,
52681,MINQIN,2024-06-09 18:00:00,,,,0.0,,,,,
52681,MINQIN,2024-06-09 21:00:00,39.0,2.0,100.0,0.0,857.5,1001.4,0.2,5.2,19.5
52681,MINQIN,2024-06-10 00:00:00,35.0,2.0,140.0,0.0,858.2,1002.4,0.7,4.8,20.8
52681,MINQIN,2024-06-10 03:00:00,15.0,2.0,320.0,0.0,858.0,1001.5,0.2,-0.6,28.5
52681,MINQIN,2024-06-10 06:00:00,13.0,2.0,20.0,0.0,857.3,1000.3,0.7,-0.5,31.2
52681,MINQIN,2024-06-10 09:00:00,9.0,1.0,240.0,0.0,856.1,999.0,1.2,-3.8,33.3
52681,MINQIN,2024-06-10 12:00:00,18.0,0.0,360.0,0.0,856.6,1000.2,0.5,2.8,29.6
52681,MINQIN,2024-06-10 15:00:00,21.0,2.0,300.0,0.0,858.0,1000.8,1.4,2.1,26.1
52681,MINQIN,2024-06-10 18:00:00,25.0,2.0,280.0,0.0,858.2,1001.7,0.2,0.0,20.7
52681,MINQIN,2024-06-10 21:00:00,24.1,2.0,240.0,0.0,858.7,1002.0,0.5,-1.3,19.8
52983,YU ZHONG,2024-06-05 00:00:00,53.2,1.0,120.0,0.0,810.6,1008.1,1.1,7.6,17.2
52983,YU ZHONG,2024-06-05 03:00:00,37.1,2.0,300.0,0.0,810.4,1007.0,0.2,6.7,22.0
52983,YU ZHONG,2024-06-05 06:00:00,14.0,2.0,200.0,0.0,808.9,1005.7,1.5,-3.0,26.7
52983,YU ZHONG,2024-06-05 09:00:00,22.0,4.0,240.0,0.0,807.0,1003.8,1.9,4.1,27.7
52983,YU ZHONG,2024-06-05 12:00:00,30.9,6.0,120.0,0.0,807.4,1002.6,0.4,5.3,23.4
52983,YU ZHONG,2024-06-05 15:00:00,39.0,2.0,120.0,0.0,808.3,1003.8,0.9,4.2,18.4
52983,YU ZHONG,2024-06-05 18:00:00,63.1,4.0,20.0,0.0,807.2,1001.0,1.1,10.7,17.8
52983,YU ZHONG,2024-06-05 21:00:00,83.8,2.0,20.0,0.0,806.7,1001.4,0.5,11.3,14.0
52983,YU ZHONG,2024-06-06 00:00:00,93.0,1.0,40.0,3.0,808.0,1004.9,1.3,12.0,13.1
52983,YU ZHONG,2024-06-06 03:00:00,94.9,6.0,120.0,11.0,809.6,1009.0,1.6,11.6,12.4
52983,YU ZHONG,2024-06-06 06:00:00,88.2,4.0,20.0,19.0,811.9,1011.9,2.3,10.9,12.8
52983,YU ZHONG,2024-06-06 09:00:00,79.0,2.0,20.0,19.0,811.9,1012.7,0.0,10.9,14.5
52983,YU ZHONG,2024-06-06 12:00:00,78.8,1.0,20.0,17.0,812.2,1013.8,0.3,10.0,13.6
52983,YU ZHONG,2024-06-06 15:00:00,92.2,2.0,100.0,8.0,813.0,1016.5,0.8,8.8,10.0
52983,YU ZHONG,2024-06-06 18:00:00,96.0,2.0,100.0,0.2,813.1,1017.4,0.1,7.1,7.7
52983,YU ZHONG,2024-06-06 21:00:00,97.9,1.0,80.0,0.0,812.1,1016.0,1.0,6.0,6.3
52983,YU ZHONG,2024-06-07 00:00:00,85.8,2.0,100.0,0.0,812.8,1015.1,0.7,9.4,11.7
52983,YU ZHONG,2024-06-07 03:00:00,56.2,3.0,20.0,0.0,813.0,1014.6,0.2,8.4,17.2
52983,YU ZHONG,2024-06-07 06:00:00,46.0,2.0,340.0,0.0,811.1,1011.8,1.9,8.6,20.6
52983,YU ZHONG,2024-06-07 09:00:00,30.0,3.0,340.0,0.0,808.9,1008.9,2.2,4.0,22.4
52983,YU ZHONG,2024-06-07 12:00:00,,,,0.0,,,,,
52983,YU ZHONG,2024-06-07 15:00:00,55.1,3.0,140.0,0.0,810.5,1008.7,1.7,8.2,17.3
52983,YU ZHONG,2024-06-07 18:00:00,82.1,2.0,180.0,0.2,811.5,1010.0,1.0,10.7,13.7
52983,YU ZHONG,2024-06-07 21:00:00,94.2,2.0,20.0,2.0,811.9,1010.3,0.4,11.6,12.5
52983,YU ZHONG,2024-06-08 00:00:00,94.3,2.0,180.0,3.0,812.6,1012.0,0.7,12.0,12.9
52983,YU ZHONG,2024-06-08 03:00:00,82.3,2.0,200.0,3.0,813.3,1013.0,0.7,12.1,15.1
52983,YU ZHONG,2024-06-08 06:00:00,59.1,3.0,160.0,3.0,811.9,1012.1,1.4,8.6,16.6
52983,YU ZHONG,2024-06-08 09:00:00,49.1,3.0,260.0,0.5,810.5,1010.0,1.4,7.8,18.7
52983,YU ZHONG,2024-06-08 12:00:00,65.1,1.0,160.0,0.1,810.3,1010.3,0.2,10.3,16.9
52983,YU ZHONG,2024-06-08 15:00:00,79.2,2.0,200.0,0.0,810.9,1011.9,0.6,8.9,12.4
52983,YU ZHONG,2024-06-08 18:00:00,89.8,1.0,260.0,0.0,810.7,1012.0,0.2,8.4,10.0
52983,YU ZHONG,2024-06-08 21:00:00,89.8,1.0,120.0,0.0,810.3,1010.7,0.4,8.3,9.9
52983,YU ZHONG,2024-06-09 00:00:00,,,,0.0,,,,,
52983,YU ZHONG,2024-06-09 03:00:00,,,,0.0,,,,,
52983,YU ZHONG,2024-06-09 06:00:00,,,,0.0,,,,,
52983,YU ZHONG,2024-06-09 09:00:00,,,,0.0,,,,,
52983,YU ZHONG,2024-06-09 12:00:00,,,,0.0,,,,,
52983,YU ZHONG,2024-06-09 15:00:00,,,,0.0,,,,,
52983,YU ZHONG,2024-06-09 18:00:00,,,,0.0,,,,,
52983,YU ZHONG,2024-06-09 21:00:00,82.9,1.0,140.0,0.0,809.1,1006.3,0.1,9.0,11.8
52983,YU ZHONG,2024-06-10 00:00:00,70.3,1.0,360.0,0.0,809.5,1006.4,0.4,10.4,15.8
52983,YU ZHONG,2024-06-10 03:00:00,49.1,1.0,160.0,0.0,809.5,1005.8,0.0,10.3,21.4
52983,YU ZHONG,2024-06-10 06:00:00,24.0,3.0,120.0,0.0,808.6,1005.1,0.9,2.9,24.8
52983,YU ZHONG,2024-06-10 09:00:00,20.0,3.0,100.0,0.0,808.1,1004.9,0.5,0.4,24.9
52983,YU ZHONG,2024-06-10 12:00:00,37.0,2.0,200.0,0.0,808.6,1005.7,0.5,5.4,20.6
52983,YU ZHONG,2024-06-10 15:00:00,53.8,1.0,360.0,0.0,810.4,1007.7,1.8,6.2,15.5
52983,YU ZHONG,2024-06-10 18:00:00,72.9,1.0,260.0,0.0,810.3,1007.7,0.1,7.0,11.7
52983,YU ZHONG,2024-06-10 21:00:00,62.1,2.0,300.0,0.0,810.4,1007.9,0.1,4.5,11.5
53614,YINCHUAN,2024-06-05 00:00:00,90.2,1.0,220.0,0.0,886.8,1010.0,1.2,14.3,15.9
53614,YINCHUAN,2024-06-05 03:00:00,59.9,2.0,240.0,0.0,887.7,1010.2,0.9,13.3,21.4
53614,YINCHUAN,2024-06-05 06:00:00,41.0,1.0,340.0,0.0,887.2,1009.1,0.5,11.3,25.5
53614,YINCHUAN,2024-06-05 09:00:00,31.9,2.0,80.0,0.0,885.5,1007.0,1.7,9.3,27.5
53614,YINCHUAN,2024-06-05 12:00:00,38.9,2.0,300.0,0.0,885.9,1007.3,0.4,9.7,24.6
53614,YINCHUAN,2024-06-05 15:00:00,55.0,1.0,260.0,0.0,887.0,1008.1,1.1,11.8,21.2
53614,YINCHUAN,2024-06-05 18:00:00,64.0,1.0,200.0,0.0,886.0,1006.4,1.0,12.6,19.6
53614,YINCHUAN,2024-06-05 21:00:00,71.8,2.0,60.0,0.0,885.8,1005.8,0.2,14.0,19.2
53614,YINCHUAN,2024-06-06 00:00:00,70.2,2.0,160.0,0.0,886.3,1006.8,0.5,14.5,20.1
53614,YINCHUAN,2024-06-06 03:00:00,71.0,1.0,280.0,0.0,886.8,1008.2,0.5,14.4,19.8
53614,YINCHUAN,2024-06-06 06:00:00,83.0,2.0,80.0,7.0,887.9,1010.4,1.1,14.2,17.1
53614,YINCHUAN,2024-06-06 09:00:00,85.1,3.0,300.0,20.0,888.5,1011.4,0.6,13.8,16.3
53614,YINCHUAN,2024-06-06 12:00:00,76.8,1.0,80.0,20.0,888.8,1011.4,0.3,12.8,16.9
53614,YINCHUAN,2024-06-06 15:00:00,85.0,1.0,60.0,20.0,889.8,1013.0,1.0,12.7,15.2
53614,YINCHUAN,2024-06-06 18:00:00,94.2,0.0,360.0,13.0,888.5,1012.7,1.3,11.7,12.6
53614,YINCHUAN,2024-06-06 21:00:00,94.8,1.0,40.0,0.0,888.5,1013.0,0.0,11.3,12.1
53614,YINCHUAN,2024-06-07 00:00:00,86.2,1.0,300.0,0.0,888.7,1012.3,0.2,13.2,15.5
53614,YINCHUAN,2024-06-07 03:00:00,61.0,2.0,40.0,0.0,888.6,1011.3,0.1,13.1,20.9
53614,YINCHUAN,2024-06-07 06:00:00,29.0,2.0,360.0,0.0,887.0,1008.8,1.6,7.4,26.9
53614,YINCHUAN,2024-06-07 09:00:00,18.9,1.0,80.0,0.0,885.4,1006.7,1.6,2.7,28.6
53614,YINCHUAN,2024-06-07 12:00:00,32.9,0.0,320.0,0.0,885.4,1007.3,0.0,5.5,22.6
53614,YINCHUAN,2024-06-07 15:00:00,61.2,1.0,320.0,0.0,886.9,1008.7,1.5,10.7,18.3
53614,YINCHUAN,2024-06-07 18:00:00,72.8,0.0,360.0,0.0,886.9,1007.7,0.0,12.0,16.9
53614,YINCHUAN,2024-06-07 21:00:00,82.9,1.0,360.0,0.0,886.8,1007.5,0.1,12.9,15.8
53614,YINCHUAN,2024-06-08 00:00:00,70.1,0.0,360.0,0.0,887.7,1009.0,0.9,13.9,19.5
53614,YINCHUAN,2024-06-08 03:00:00,37.1,2.0,260.0,0.0,888.0,1008.8,0.3,10.4,26.2
53614,YINCHUAN,2024-06-08 06:00:00,23.0,2.0,100.0,0.0,886.8,1007.2,1.2,5.6,28.8
53614,YINCHUAN,2024-06-08 09:00:00,20.0,1.0,160.0,0.0,885.1,1005.5,1.7,3.8,29.0
53614,YINCHUAN,2024-06-08 12:00:00,32.0,2.0,40.0,0.0,885.5,1006.0,0.4,7.0,24.8
53614,YINCHUAN,2024-06-08 15:00:00,65.1,1.0,100.0,0.0,885.8,1006.2,0.3,12.2,18.9
53614,YINCHUAN,2024-06-08 18:00:00,51.1,2.0,40.0,0.0,885.9,1005.5,0.1,9.7,20.1
53614,YINCHUAN,2024-06-08 21:00:00,54.0,1.0,300.0,0.0,885.7,1005.5,0.2,9.4,18.9
53614,YINCHUAN,2024-06-09 00:00:00,,,,0.0,,,,,
53614,YINCHUAN,2024-06-09 03:00:00,,,,0.0,,,,,
53614,YINCHUAN,2024-06-09 06:00:00,,,,0.0,,,,,
53614,YINCHUAN,2024-06-09 09:00:00,,,,0.0,,,,,
53614,YINCHUAN,2024-06-09 12:00:00,,,,0.0,,,,,
53614,YINCHUAN,2024-06-09 15:00:00,,,,0.0,,,,,
53614,YINCHUAN,2024-06-09 18:00:00,,,,0.0,,,,,
53614,YINCHUAN,2024-06-09 21:00:00,67.0,0.0,340.0,0.0,884.1,1004.1,0.4,9.3,15.4
53614,YINCHUAN,2024-06-10 00:00:00,46.1,2.0,240.0,0.0,884.2,1003.9,0.1,9.8,21.9
53614,YINCHUAN,2024-06-10 03:00:00,34.9,2.0,200.0,0.0,883.5,1003.2,0.7,11.1,28.0
53614,YINCHUAN,2024-06-10 06:00:00,21.0,2.0,200.0,0.0,882.2,1001.2,1.3,6.9,31.9
53614,YINCHUAN,2024-06-10 09:00:00,20.0,1.0,300.0,0.0,881.2,1000.5,1.0,6.2,31.9
53614,YINCHUAN,2024-06-10 12:00:00,31.0,1.0,40.0,0.0,881.4,1000.3,0.2,8.8,27.4
53614,YINCHUAN,2024-06-10 15:00:00,53.9,1.0,160.0,0.0,882.3,1001.6,0.9,10.3,19.9
53614,YINCHUAN,2024-06-10 18:00:00,59.9,1.0,40.0,0.0,882.2,1001.1,0.1,10.2,18.1
53614,YINCHUAN,2024-06-10 21:00:00,61.9,1.0,300.0,0.0,882.4,1001.7,0.2,8.9,16.2
53845,YAN AN,2024-06-05 00:00:00,84.2,4.0,240.0,0.0,881.9,1013.5,0.8,10.7,13.3
53845,YAN AN,2024-06-05 03:00:00,75.1,2.0,40.0,0.0,882.3,1013.8,0.4,11.3,15.7
53845,YAN AN,2024-06-05 06:00:00,57.1,2.0,340.0,0.0,881.5,1011.9,0.8,12.0,20.8
53845,YAN AN,2024-06-05 09:00:00,47.9,2.0,300.0,0.0,880.5,1009.9,1.0,12.1,23.8
53845,YAN AN,2024-06-05 12:00:00,57.2,3.0,60.0,0.0,880.7,1010.7,0.2,12.4,21.2
53845,YAN AN,2024-06-05 15:00:00,71.1,3.0,40.0,0.0,882.4,1012.9,1.7,12.6,17.9
53845,YAN AN,2024-06-05 18:00:00,86.1,1.0,120.0,0.0,882.2,1012.1,0.2,12.7,15.0
53845,YAN AN,2024-06-05 21:00:00,93.0,1.0,360.0,0.0,882.2,1011.9,0.0,11.7,12.8
53845,YAN AN,2024-06-06 00:00:00,87.2,1.0,20.0,0.0,882.6,1012.7,0.4,11.9,14.0
53845,YAN AN,2024-06-06 03:00:00,64.9,1.0,140.0,0.0,882.3,1011.8,0.3,13.1,19.9
53845,YAN AN,2024-06-06 06:00:00,57.9,1.0,20.0,0.0,881.2,1010.9,1.1,12.3,20.9
53845,YAN AN,2024-06-06 09:00:00,71.9,1.0,80.0,0.0,880.2,1010.7,1.0,14.1,19.3
53845,YAN AN,2024-06-06 12:00:00,90.2,1.0,120.0,0.9,881.2,1012.3,1.0,14.7,16.3
53845,YAN AN,2024-06-06 15:00:00,93.8,1.0,320.0,1.0,882.1,1012.1,0.9,14.6,15.6
53845,YAN AN,2024-06-06 18:00:00,96.8,1.0,100.0,2.0,880.6,1010.2,1.5,14.6,15.1
53845,YAN AN,2024-06-06 21:00:00,98.1,2.0,280.0,2.0,880.2,1010.3,0.4,14.2,14.5
53845,YAN AN,2024-06-07 00:00:00,90.2,2.0,340.0,2.0,881.0,1011.5,0.8,14.5,16.1
53845,YAN AN,2024-06-07 03:00:00,55.9,4.0,300.0,1.0,881.5,1011.2,0.5,11.5,20.6
53845,YAN AN,2024-06-07 06:00:00,36.1,3.0,40.0,0.3,880.4,1009.1,1.1,8.6,24.6
53845,YAN AN,2024-06-07 09:00:00,30.1,3.0,240.0,0.0,879.1,1007.4,1.3,7.4,26.3
53845,YAN AN,2024-06-07 12:00:00,33.1,2.0,80.0,0.0,879.1,1007.9,0.0,5.3,22.3
53845,YAN AN,2024-06-07 15:00:00,50.9,1.0,60.0,0.0,880.5,1009.5,1.4,7.5,17.8
53845,YAN AN,2024-06-07 18:00:00,69.0,1.0,100.0,0.0,880.7,1009.6,0.2,8.8,14.4
53845,YAN AN,2024-06-07 21:00:00,74.0,1.0,200.0,0.0,881.2,1010.2,0.5,8.2,12.7
53845,YAN AN,2024-06-08 00:00:00,73.1,0.0,20.0,0.0,882.3,1012.3,1.1,8.3,13.0
53845,YAN AN,2024-06-08 03:00:00,49.1,1.0,140.0,0.0,882.1,1011.5,0.2,9.2,20.2
53845,YAN AN,2024-06-08 06:00:00,17.0,2.0,340.0,0.0,880.6,1008.7,1.5,0.9,28.2
53845,YAN AN,2024-06-08 09:00:00,19.0,1.0,160.0,0.0,879.1,1007.4,1.5,2.3,28.1
53845,YAN AN,2024-06-08 12:00:00,30.1,4.0,240.0,0.0,879.4,1008.8,0.3,4.8,23.3
53845,YAN AN,2024-06-08 15:00:00,39.0,3.0,80.0,0.0,880.2,1008.7,0.8,5.8,20.2
53845,YAN AN,2024-06-08 18:00:00,54.1,2.0,140.0,0.0,880.1,1007.7,0.1,7.0,16.3
53845,YAN AN,2024-06-08 21:00:00,63.1,1.0,80.0,0.0,880.1,1008.2,0.0,7.1,14.0
53845,YAN AN,2024-06-09 00:00:00,,,,0.0,,,,,
53845,YAN AN,2024-06-09 03:00:00,,,,0.0,,,,,
53845,YAN AN,2024-06-09 06:00:00,,,,0.0,,,,,
53845,YAN AN,2024-06-09 09:00:00,,,,0.0,,,,,
53845,YAN AN,2024-06-09 12:00:00,,,,0.0,,,,,
53845,YAN AN,2024-06-09 15:00:00,,,,0.0,,,,,
53845,YAN AN,2024-06-09 18:00:00,,,,0.0,,,,,
53845,YAN AN,2024-06-09 21:00:00,59.0,1.0,180.0,0.0,878.9,1006.3,0.3,6.6,14.5
53845,YAN AN,2024-06-10 00:00:00,51.1,0.0,180.0,0.0,879.2,1007.0,0.3,7.3,17.5
53845,YAN AN,2024-06-10 03:00:00,27.1,3.0,80.0,0.0,878.0,1003.9,1.2,7.4,28.1
53845,YAN AN,2024-06-10 06:00:00,16.0,4.0,340.0,0.0,876.8,1003.4,1.2,0.9,29.3
53845,YAN AN,2024-06-10 09:00:00,18.0,3.0,40.0,0.0,875.8,1002.8,1.0,2.8,29.6
53845,YAN AN,2024-06-10 12:00:00,28.0,5.0,140.0,0.0,876.5,1003.8,0.7,6.1,26.0
53845,YAN AN,2024-06-10 15:00:00,36.1,3.0,80.0,0.0,877.3,1003.0,0.8,7.1,22.9
53845,YAN AN,2024-06-10 18:00:00,49.0,2.0,40.0,0.0,877.2,1003.3,0.1,8.7,19.7
53845,YAN AN,2024-06-10 21:00:00,60.1,2.0,120.0,0.0,877.7,1004.4,0.5,9.4,17.2
54026,JARUD QI,2024-06-05 00:00:00,48.9,1.0,180.0,0.0,979.1,1009.2,0.1,12.7,24.1
54026,JARUD QI,2024-06-05 03:00:00,37.0,4.0,300.0,0.0,978.4,1008.5,0.7,11.6,27.6
54026,JARUD QI,2024-06-05 06:00:00,37.0,4.0,300.0,0.0,976.9,1007.0,1.5,12.4,28.5
54026,JARUD QI,2024-06-05 09:00:00,46.0,1.0,120.0,0.0,977.0,1007.3,0.1,14.6,27.2
54026,JARUD QI,2024-06-05 12:00:00,41.9,3.0,340.0,0.0,977.7,1007.8,0.7,11.8,25.7
54026,JARUD QI,2024-06-05 15:00:00,43.1,1.0,80.0,0.0,978.0,1008.0,0.3,10.8,24.1
54026,JARUD QI,2024-06-05 18:00:00,50.9,1.0,40.0,0.0,977.9,1008.0,0.1,11.3,21.9
54026,JARUD QI,2024-06-05 21:00:00,64.2,1.0,100.0,0.0,977.6,1007.9,0.3,11.7,18.6
54026,JARUD QI,2024-06-06 00:00:00,58.8,3.0,200.0,0.0,976.7,1006.9,0.9,13.3,21.7
54026,JARUD QI,2024-06-06 03:00:00,36.0,5.0,100.0,0.0,975.4,1005.3,1.3,11.2,27.6
54026,JARUD QI,2024-06-06 06:00:00,29.0,5.0,300.0,0.0,972.2,1002.0,3.2,10.9,31.0
54026,JARUD QI,2024-06-06 09:00:00,22.1,4.0,240.0,0.0,970.4,1000.2,1.8,8.1,32.5
54026,JARUD QI,2024-06-06 12:00:00,27.0,2.0,20.0,0.0,971.6,1001.5,1.2,6.6,27.2
54026,JARUD QI,2024-06-06 15:00:00,36.1,2.0,20.0,0.0,972.9,1002.8,1.3,7.7,23.6
54026,JARUD QI,2024-06-06 18:00:00,47.9,1.0,120.0,0.0,973.9,1003.8,1.0,8.0,19.3
54026,JARUD QI,2024-06-06 21:00:00,51.0,1.0,60.0,0.0,974.2,1004.1,0.3,9.1,19.5
54026,JARUD QI,2024-06-07 00:00:00,44.1,1.0,220.0,0.0,974.1,1004.1,0.1,9.5,22.3
54026,JARUD QI,2024-06-07 03:00:00,32.1,3.0,40.0,0.0,973.4,1003.3,0.7,8.7,26.7
54026,JARUD QI,2024-06-07 06:00:00,37.0,5.0,300.0,0.0,973.4,1003.7,0.0,8.5,24.1
54026,JARUD QI,2024-06-07 09:00:00,36.9,4.0,40.0,0.0,972.0,1002.2,1.4,8.4,24.0
54026,JARUD QI,2024-06-07 12:00:00,55.0,3.0,100.0,0.0,972.6,1002.9,0.6,10.6,19.9
54026,JARUD QI,2024-06-07 15:00:00,68.1,1.0,40.0,0.0,972.8,1003.1,0.2,10.5,16.4
54026,JARUD QI,2024-06-07 18:00:00,80.0,1.0,240.0,0.0,972.2,1002.7,0.6,11.2,14.6
54026,JARUD QI,2024-06-07 21:00:00,90.0,1.0,20.0,0.0,971.7,1002.3,0.5,11.3,12.9
54026,JARUD QI,2024-06-08 00:00:00,62.0,1.0,260.0,0.0,971.9,1002.3,0.2,12.5,20.0
54026,JARUD QI,2024-06-08 03:00:00,18.0,4.0,260.0,0.0,971.3,1001.5,0.6,0.1,26.3
54026,JARUD QI,2024-06-08 06:00:00,17.0,2.0,220.0,0.0,969.6,999.8,1.7,0.5,27.8
54026,JARUD QI,2024-06-08 09:00:00,17.0,4.0,220.0,0.0,968.9,999.1,0.7,1.0,28.4
54026,JARUD QI,2024-06-08 12:00:00,25.9,2.0,260.0,0.0,971.4,1001.6,2.5,3.3,24.0
54026,JARUD QI,2024-06-08 15:00:00,37.0,2.0,320.0,0.0,972.7,1002.8,1.3,4.8,19.9
54026,JARUD QI,2024-06-08 18:00:00,50.1,2.0,20.0,0.0,973.5,1003.7,0.8,6.9,17.4
54026,JARUD QI,2024-06-08 21:00:00,60.1,3.0,160.0,0.0,974.8,1005.1,1.3,8.0,15.7
54026,JARUD QI,2024-06-09 00:00:00,46.9,2.0,200.0,0.0,976.3,1006.6,1.5,8.5,20.2
54026,JARUD QI,2024-06-09 03:00:00,,,,0.0,,,,,
54026,JARUD QI,2024-06-09 06:00:00,,,,0.0,,,,,
54026,JARUD QI,2024-06-09 09:00:00,,,,0.0,,,,,
54026,JARUD QI,2024-06-09 12:00:00,,,,0.0,,,,,
54026,JARUD QI,2024-06-09 15:00:00,,,,0.0,,,,,
54026,JARUD QI,2024-06-09 18:00:00,,,,0.0,,,,,
54026,JARUD QI,2024-06-09 21:00:00,56.9,1.0,220.0,0.0,971.2,1001.3,1.2,8.5,17.1
54026,JARUD QI,2024-06-10 00:00:00,43.1,2.0,100.0,0.0,970.0,1000.0,1.2,9.6,22.8
54026,JARUD QI,2024-06-10 03:00:00,29.0,3.0,360.0,0.0,968.2,998.1,1.8,9.5,29.4
54026,JARUD QI,2024-06-10 06:00:00,22.0,2.0,160.0,0.0,966.7,996.3,1.5,8.9,33.5
54026,JARUD QI,2024-06-10 09:00:00,21.0,2.0,260.0,0.0,965.4,995.1,1.3,8.0,33.3
54026,JARUD QI,2024-06-10 12:00:00,33.9,1.0,340.0,0.0,966.0,995.6,0.6,11.0,28.4
54026,JARUD QI,2024-06-10 15:00:00,33.0,3.0,240.0,0.0,967.1,996.5,1.1,9.0,26.6
54026,JARUD QI,2024-06-10 18:00:00,33.1,1.0,120.0,0.0,965.8,995.1,1.3,8.0,25.4
54026,JARUD QI,2024-06-10 21:00:00,51.1,1.0,180.0,0.0,967.2,996.8,1.4,9.6,20.0
54511,베이징,2024-06-05 00:00:00,59.1,2.0,340.0,0.0,1009.2,1013.1,0.9,14.6,23.0
54511,베이징,2024-06-05 03:00:00,53.0,2.0,240.0,0.0,1009.5,1013.4,0.3,15.5,25.8
54511,베이징,2024-06-05 06:00:00,45.9,3.0,300.0,0.0,1008.4,1012.3,1.1,16.0,28.8
54511,베이징,2024-06-05 09:00:00,40.9,3.0,140.0,0.0,1007.7,1011.6,0.7,13.4,27.9
54511,베이징,2024-06-05 12:00:00,39.9,2.0,160.0,0.0,1008.6,1012.5,0.9,11.6,26.3
54511,베이징,2024-06-05 15:00:00,47.1,2.0,300.0,0.0,1009.1,1013.0,0.5,11.4,23.3
54511,베이징,2024-06-05 18:00:00,65.1,0.0,180.0,0.0,1008.6,1012.6,0.5,12.4,19.1
54511,베이징,2024-06-05 21:00:00,74.8,2.0,240.0,0.0,1009.4,1013.4,0.8,15.2,19.8
54511,베이징,2024-06-06 00:00:00,63.1,1.0,80.0,0.0,1009.9,1013.8,0.5,15.8,23.2
54511,베이징,2024-06-06 03:00:00,46.0,2.0,340.0,0.0,1008.6,1012.5,1.3,14.6,27.2
54511,베이징,2024-06-06 06:00:00,39.0,3.0,300.0,0.0,1006.0,1009.9,2.6,14.2,29.6
54511,베이징,2024-06-06 09:00:00,38.1,4.0,300.0,0.0,1005.0,1008.9,1.0,13.2,28.9
54511,베이징,2024-06-06 12:00:00,44.0,1.0,360.0,0.0,1005.3,1009.2,0.3,13.8,27.1
54511,베이징,2024-06-06 15:00:00,54.1,1.0,300.0,0.0,1005.3,1009.2,0.0,14.9,24.8
54511,베이징,2024-06-06 18:00:00,46.9,2.0,300.0,0.0,1004.1,1008.0,1.2,12.6,24.7
54511,베이징,2024-06-06 21:00:00,49.1,3.0,100.0,0.0,1003.1,1007.0,1.0,12.2,23.5
54511,베이징,2024-06-07 00:00:00,56.2,1.0,300.0,0.0,1003.5,1007.4,0.4,13.8,23.0
54511,베이징,2024-06-07 03:00:00,92.8,1.0,240.0,4.0,1004.1,1008.1,0.6,18.5,19.7
54511,베이징,2024-06-07 06:00:00,96.9,1.0,200.0,21.0,1004.0,1008.0,0.1,17.1,17.6
54511,베이징,2024-06-07 09:00:00,81.2,2.0,140.0,23.0,1002.3,1006.3,1.7,15.7,19.0
54511,베이징,2024-06-07 12:00:00,85.9,1.0,240.0,23.0,1003.1,1007.1,0.8,16.3,18.7
54511,베이징,2024-06-07 15:00:00,96.3,1.0,80.0,20.0,1003.3,1007.3,0.2,16.5,17.1
54511,베이징,2024-06-07 18:00:00,98.7,1.0,100.0,2.0,1002.8,1006.8,0.5,16.3,16.5
54511,베이징,2024-06-07 21:00:00,98.7,0.0,0.0,0.0,1002.8,1006.8,0.0,15.8,16.0
54511,베이징,2024-06-08 00:00:00,83.9,1.0,200.0,0.0,1002.9,1006.9,0.1,17.1,19.9
54511,베이징,2024-06-08 03:00:00,69.1,3.0,300.0,0.0,1001.6,1005.6,1.3,17.9,23.9
54511,베이징,2024-06-08 06:00:00,53.0,3.0,200.0,0.0,999.1,1003.0,2.5,18.0,28.5
54511,베이징,2024-06-08 09:00:00,51.0,2.0,100.0,0.0,997.5,1001.4,1.6,19.4,30.7
54511,베이징,2024-06-08 12:00:00,64.2,2.0,140.0,0.0,998.3,1002.2,0.8,20.7,28.1
54511,베이징,2024-06-08 15:00:00,73.8,1.0,140.0,0.0,999.2,1003.1,0.9,20.1,25.1
54511,베이징,2024-06-08 18:00:00,87.9,1.0,240.0,0.0,999.7,1003.6,0.5,20.1,22.2
54511,베이징,2024-06-08 21:00:00,95.2,1.0,140.0,0.0,1000.4,1004.3,0.7,19.9,20.7
54511,베이징,2024-06-09 00:00:00,,,,0.0,,,,,
54511,베이징,2024-06-09 03:00:00,32.9,2.0,200.0,0.0,1000.9,1004.8,0.7,13.5,31.8
54511,베이징,2024-06-09 06:00:00,,,,0.0,,,,,
54511,베이징,2024-06-09 09:00:00,,,,0.0,,,,,
54511,베이징,2024-06-09 12:00:00,,,,0.0,,,,,
54511,베이징,2024-06-09 15:00:00,,,,0.0,,,,,
54511,베이징,2024-06-09 18:00:00,,,,0.0,,,,,
54511,베이징,2024-06-09 21:00:00,76.1,1.0,300.0,0.0,1001.4,1005.3,0.4,17.4,21.8
54511,베이징,2024-06-10 00:00:00,70.1,2.0,240.0,0.0,1001.4,1005.3,0.0,18.4,24.2
54511,베이징,2024-06-10 03:00:00,53.9,1.0,180.0,0.0,999.5,1003.3,1.9,18.9,29.2
54511,베이징,2024-06-10 06:00:00,38.1,3.0,360.0,0.0,997.0,1000.8,2.5,17.0,33.2
54511,베이징,2024-06-10 09:00:00,39.9,2.0,80.0,0.0,997.0,1000.9,0.0,16.4,31.7
54511,베이징,2024-06-10 12:00:00,40.9,1.0,40.0,0.0,997.1,1001.0,0.1,13.4,27.9
54511,베이징,2024-06-10 15:00:00,46.0,1.0,80.0,0.0,997.2,1001.1,0.1,14.3,26.9
54511,베이징,2024-06-10 18:00:00,60.0,1.0,320.0,0.0,996.0,999.8,1.2,15.2,23.4
54511,베이징,2024-06-10 21:00:00,79.9,1.0,20.0,0.0,996.3,1000.2,0.3,17.4,21.0
54823,지난,2024-06-05 00:00:00,39.0,3.0,220.0,0.0,994.9,1014.5,1.1,9.2,24.0
54823,지난,2024-06-05 03:00:00,33.0,2.0,120.0,0.0,995.2,1014.8,0.3,10.4,28.2
54823,지난,2024-06-05 06:00:00,32.0,2.0,240.0,0.0,994.3,1014.0,0.9,9.5,27.7
54823,지난,2024-06-05 09:00:00,30.0,1.0,200.0,0.0,993.3,1012.9,1.0,9.1,28.3
54823,지난,2024-06-05 12:00:00,34.0,1.0,120.0,0.0,994.1,1013.9,0.8,7.8,24.7
54823,지난,2024-06-05 15:00:00,49.9,2.0,20.0,0.0,995.3,1015.0,1.2,12.0,23.0
54823,지난,2024-06-05 18:00:00,61.1,2.0,280.0,0.0,994.3,1014.0,1.0,13.7,21.5
54823,지난,2024-06-05 21:00:00,69.8,2.0,120.0,0.0,995.4,1015.2,1.1,14.7,20.4
54823,지난,2024-06-06 00:00:00,63.2,3.0,300.0,0.0,996.2,1016.0,0.8,16.1,23.5
54823,지난,2024-06-06 03:00:00,44.0,2.0,40.0,0.0,995.0,1014.7,1.2,14.8,28.2
54823,지난,2024-06-06 06:00:00,27.0,3.0,320.0,0.0,992.7,1012.3,2.3,9.5,30.6
54823,지난,2024-06-06 09:00:00,32.9,3.0,300.0,0.0,991.7,1011.4,1.0,10.9,28.8
54823,지난,2024-06-06 12:00:00,34.1,1.0,40.0,0.0,992.4,1012.1,0.7,9.4,26.5
54823,지난,2024-06-06 15:00:00,42.1,4.0,200.0,0.0,992.7,1012.3,0.3,11.5,25.3
54823,지난,2024-06-06 18:00:00,41.1,4.0,360.0,0.0,991.2,1010.7,1.5,10.8,24.9
54823,지난,2024-06-06 21:00:00,51.9,3.0,280.0,0.0,990.1,1009.7,1.1,12.6,23.0
54823,지난,2024-06-07 00:00:00,50.2,3.0,360.0,0.0,990.5,1010.1,0.4,12.9,23.9
54823,지난,2024-06-07 03:00:00,45.9,6.0,200.0,0.0,989.7,1009.3,0.8,13.0,25.5
54823,지난,2024-06-07 06:00:00,32.0,4.0,200.0,0.0,987.5,1006.9,2.2,11.7,30.2
54823,지난,2024-06-07 09:00:00,33.0,4.0,100.0,0.0,985.5,1005.0,2.0,11.2,29.1
54823,지난,2024-06-07 12:00:00,92.8,2.0,180.0,2.0,988.2,1008.0,2.7,18.6,19.8
54823,지난,2024-06-07 15:00:00,87.7,2.0,120.0,2.0,987.9,1007.6,0.3,18.2,20.3
54823,지난,2024-06-07 18:00:00,89.9,1.0,120.0,2.0,987.4,1007.0,0.5,17.4,19.1
54823,지난,2024-06-07 21:00:00,92.1,1.0,120.0,2.0,988.5,1008.2,1.1,16.7,18.0
54823,지난,2024-06-08 00:00:00,64.9,1.0,80.0,0.3,988.6,1008.4,0.1,16.7,23.7
54823,지난,2024-06-08 03:00:00,42.0,2.0,20.0,0.0,988.2,1007.8,0.4,15.5,29.8
54823,지난,2024-06-08 06:00:00,26.0,3.0,240.0,0.0,987.0,1006.5,1.2,10.0,31.9
54823,지난,2024-06-08 09:00:00,27.0,3.0,140.0,0.0,985.3,1004.8,1.7,10.4,31.7
54823,지난,2024-06-08 12:00:00,30.9,2.0,100.0,0.0,985.6,1005.0,0.3,10.4,29.3
54823,지난,2024-06-08 15:00:00,36.1,2.0,120.0,0.0,986.0,1005.3,0.4,10.7,27.0
54823,지난,2024-06-08 18:00:00,38.1,3.0,260.0,0.0,985.8,1005.1,0.2,11.6,27.1
54823,지난,2024-06-08 21:00:00,32.0,3.0,160.0,0.0,985.8,1005.1,0.0,8.5,26.5
54823,지난,2024-06-09 00:00:00,,,,0.0,,,,,
54823,지난,2024-06-09 03:00:00,,,,0.0,,,,,
54823,지난,2024-06-09 06:00:00,,,,0.0,,,,,
54823,지난,2024-06-09 09:00:00,,,,0.0,,,,,
54823,지난,2024-06-09 12:00:00,,,,0.0,,,,,
54823,지난,2024-06-09 15:00:00,,,,0.0,,,,,
54823,지난,2024-06-09 18:00:00,,,,0.0,,,,,
54823,지난,2024-06-09 21:00:00,32.1,2.0,120.0,0.0,986.1,1005.2,0.5,9.3,27.4
54823,지난,2024-06-10 00:00:00,22.0,2.0,140.0,0.0,986.4,1005.4,0.3,8.4,32.9
54823,지난,2024-06-10 03:00:00,19.0,2.0,280.0,0.0,985.1,1004.1,1.3,9.2,36.5
54823,지난,2024-06-10 06:00:00,15.1,3.0,340.0,0.0,983.4,1002.4,1.7,7.1,38.2
54823,지난,2024-06-10 09:00:00,17.0,4.0,240.0,0.0,982.4,1001.4,1.0,8.3,37.5
54823,지난,2024-06-10 12:00:00,22.1,1.0,40.0,0.0,983.5,1002.5,1.1,9.5,34.2
54823,지난,2024-06-10 15:00:00,26.0,2.0,60.0,0.0,984.6,1003.5,1.1,10.0,31.9
54823,지난,2024-06-10 18:00:00,42.1,4.0,260.0,0.0,984.2,1003.1,0.4,16.0,30.3
54823,지난,2024-06-10 21:00:00,51.1,4.0,260.0,0.0,984.4,1003.4,0.2,17.6,28.7
54857,칭따오,2024-06-05 00:00:00,89.9,2.0,320.0,0.0,1009.4,1018.6,1.6,17.9,19.6
54857,칭따오,2024-06-05 03:00:00,84.0,3.0,320.0,0.0,1009.2,1018.3,0.2,17.6,20.4
54857,칭따오,2024-06-05 06:00:00,84.0,3.0,220.0,0.0,1008.5,1017.6,0.7,17.6,20.4
54857,칭따오,2024-06-05 09:00:00,88.2,3.0,320.0,0.0,1007.7,1016.9,0.8,17.8,19.8
54857,칭따오,2024-06-05 12:00:00,92.2,3.0,220.0,0.0,1008.1,1017.2,0.4,17.6,18.9
54857,칭따오,2024-06-05 15:00:00,96.3,3.0,320.0,0.0,1008.4,1017.5,0.3,17.5,18.1
54857,칭따오,2024-06-05 18:00:00,96.3,2.0,60.0,0.0,1007.7,1016.8,0.7,17.6,18.2
54857,칭따오,2024-06-05 21:00:00,96.3,3.0,320.0,0.0,1007.5,1016.6,0.2,17.6,18.2
54857,칭따오,2024-06-06 00:00:00,91.0,2.0,60.0,0.0,1009.0,1018.2,1.5,17.5,19.0
54857,칭따오,2024-06-06 03:00:00,83.0,5.0,260.0,0.0,1008.8,1017.9,0.2,17.9,20.9
54857,칭따오,2024-06-06 06:00:00,80.9,5.0,260.0,0.0,1006.8,1015.9,2.0,17.6,21.0
54857,칭따오,2024-06-06 09:00:00,88.2,3.0,60.0,0.0,1005.3,1014.4,1.5,17.8,19.8
54857,칭따오,2024-06-06 12:00:00,91.0,3.0,320.0,0.0,1006.2,1015.3,0.9,17.0,18.5
54857,칭따오,2024-06-06 15:00:00,91.0,2.0,260.0,0.0,1006.5,1015.6,0.3,16.8,18.3
54857,칭따오,2024-06-06 18:00:00,96.3,3.0,260.0,0.0,1005.2,1014.3,1.3,17.2,17.8
54857,칭따오,2024-06-06 21:00:00,96.3,2.0,220.0,0.0,1004.0,1013.1,1.2,17.0,17.6
54857,칭따오,2024-06-07 00:00:00,91.0,3.0,320.0,0.0,1004.2,1013.3,0.2,17.4,18.9
54857,칭따오,2024-06-07 03:00:00,82.9,4.0,260.0,0.0,1004.1,1013.2,0.1,17.7,20.7
54857,칭따오,2024-06-07 06:00:00,77.0,4.0,260.0,0.0,1001.4,1010.5,2.7,17.2,21.4
54857,칭따오,2024-06-07 09:00:00,76.0,2.0,320.0,0.0,1000.2,1009.3,1.2,17.0,21.4
54857,칭따오,2024-06-07 12:00:00,89.9,3.0,320.0,0.0,1000.3,1009.4,0.1,17.1,18.8
54857,칭따오,2024-06-07 15:00:00,92.1,3.0,60.0,0.0,1000.2,1009.3,0.1,17.2,18.5
54857,칭따오,2024-06-07 18:00:00,95.1,3.0,160.0,0.0,999.1,1008.1,1.1,17.8,18.6
54857,칭따오,2024-06-07 21:00:00,95.7,3.0,160.0,0.0,999.1,1008.1,0.0,18.2,18.9
54857,칭따오,2024-06-08 00:00:00,81.0,2.0,160.0,0.0,999.2,1008.2,0.1,18.4,21.8
54857,칭따오,2024-06-08 03:00:00,52.1,3.0,60.0,0.0,998.7,1007.6,0.5,16.9,27.6
54857,칭따오,2024-06-08 06:00:00,64.8,4.0,260.0,0.0,997.4,1006.4,1.3,18.4,25.5
54857,칭따오,2024-06-08 09:00:00,58.0,3.0,200.0,0.0,996.6,1005.5,0.8,17.2,26.1
54857,칭따오,2024-06-08 12:00:00,77.1,4.0,260.0,0.0,997.4,1006.4,0.8,18.1,22.3
54857,칭따오,2024-06-08 15:00:00,83.0,3.0,160.0,0.0,998.0,1006.9,0.6,18.1,21.1
54857,칭따오,2024-06-08 18:00:00,74.2,3.0,260.0,0.0,997.3,1006.2,0.7,17.0,21.8
54857,칭따오,2024-06-08 21:00:00,77.0,3.0,160.0,0.0,997.4,1006.3,0.1,17.0,21.2
54857,칭따오,2024-06-09 00:00:00,65.2,2.0,260.0,0.0,998.1,1007.0,0.7,18.1,25.1
54857,칭따오,2024-06-09 03:00:00,,,,0.0,,,,,
54857,칭따오,2024-06-09 06:00:00,,,,0.0,,,,,
54857,칭따오,2024-06-09 09:00:00,56.1,3.0,60.0,0.0,996.3,1005.2,0.7,17.5,27.0
54857,칭따오,2024-06-09 12:00:00,,,,0.0,,,,,
54857,칭따오,2024-06-09 15:00:00,,,,0.0,,,,,
54857,칭따오,2024-06-09 18:00:00,77.2,4.0,60.0,0.0,997.1,1005.9,0.4,18.3,22.5
54857,칭따오,2024-06-09 21:00:00,74.8,2.0,220.0,0.0,997.1,1006.0,0.0,18.2,22.9
54857,칭따오,2024-06-10 00:00:00,49.1,1.0,260.0,0.0,997.6,1006.4,0.5,16.7,28.4
54857,칭따오,2024-06-10 03:00:00,41.1,2.0,40.0,0.0,996.7,1005.5,0.9,17.5,32.4
54857,칭따오,2024-06-10 06:00:00,53.9,4.0,60.0,0.0,996.1,1005.0,0.6,17.7,27.9
54857,칭따오,2024-06-10 09:00:00,65.1,4.0,160.0,0.0,995.4,1004.3,0.7,19.8,26.9
54857,칭따오,2024-06-10 12:00:00,70.1,3.0,160.0,0.0,996.4,1005.2,1.0,18.7,24.5
54857,칭따오,2024-06-10 15:00:00,69.2,3.0,60.0,0.0,997.3,1006.1,0.9,18.0,24.0
54857,칭따오,2024-06-10 18:00:00,75.8,4.0,60.0,0.0,996.5,1005.4,0.8,18.5,23.0
54857,칭따오,2024-06-10 21:00:00,79.1,3.0,160.0,0.0,996.8,1005.7,0.3,18.8,22.6
56029,YUSHU,2024-06-05 00:00:00,91.2,0.0,360.0,0.0,650.9,1007.5,0.4,2.9,4.2
56029,YUSHU,2024-06-05 03:00:00,55.9,2.0,80.0,0.0,650.6,1007.5,0.3,1.6,10.0
56029,YUSHU,2024-06-05 06:00:00,43.1,2.0,80.0,0.0,647.0,999.1,3.6,4.2,16.8
56029,YUSHU,2024-06-05 09:00:00,49.0,3.0,80.0,0.0,644.7,997.5,2.3,5.5,16.2
56029,YUSHU,2024-06-05 12:00:00,79.8,3.0,120.0,5.0,646.3,1003.3,1.6,5.6,8.9
56029,YUSHU,2024-06-05 15:00:00,92.2,1.0,360.0,6.0,648.2,1002.0,1.9,7.5,8.7
56029,YUSHU,2024-06-05 18:00:00,90.3,1.0,120.0,6.0,648.7,997.9,0.5,7.0,8.5
56029,YUSHU,2024-06-05 21:00:00,94.0,1.0,240.0,6.0,649.3,999.8,0.6,6.9,7.8
56029,YUSHU,2024-06-06 00:00:00,84.2,0.0,360.0,2.0,650.8,1007.3,1.5,5.6,8.1
56029,YUSHU,2024-06-06 03:00:00,66.9,2.0,320.0,0.4,651.5,1006.6,0.7,4.8,10.7
56029,YUSHU,2024-06-06 06:00:00,57.1,3.0,80.0,0.4,650.7,1003.7,0.8,4.8,13.1
56029,YUSHU,2024-06-06 09:00:00,47.0,2.0,140.0,0.5,649.5,1001.1,1.2,3.6,14.8
56029,YUSHU,2024-06-06 12:00:00,48.9,1.0,220.0,0.2,648.9,1000.3,0.6,3.8,14.4
56029,YUSHU,2024-06-06 15:00:00,75.1,0.0,340.0,0.2,651.2,1005.4,2.3,5.5,9.7
56029,YUSHU,2024-06-06 18:00:00,73.8,1.0,140.0,0.8,650.8,1004.1,0.4,3.8,8.2
56029,YUSHU,2024-06-06 21:00:00,88.9,0.0,280.0,0.6,649.3,1001.7,1.5,4.9,6.6
56029,YUSHU,2024-06-07 00:00:00,81.9,0.0,180.0,0.6,649.1,1000.9,0.2,4.8,7.7
56029,YUSHU,2024-06-07 03:00:00,55.9,2.0,160.0,0.6,647.7,998.2,1.4,4.5,13.1
56029,YUSHU,2024-06-07 06:00:00,41.9,2.0,140.0,0.0,644.5,990.3,3.2,5.5,18.7
56029,YUSHU,2024-06-07 09:00:00,49.9,1.0,280.0,0.6,644.0,992.1,0.5,6.3,16.8
56029,YUSHU,2024-06-07 12:00:00,64.8,1.0,340.0,1.0,646.4,998.7,2.4,5.3,11.7
56029,YUSHU,2024-06-07 15:00:00,78.2,3.0,120.0,1.0,649.2,1000.8,2.8,5.7,9.3
56029,YUSHU,2024-06-07 18:00:00,92.0,0.0,360.0,2.0,649.6,999.9,0.4,4.5,5.7
56029,YUSHU,2024-06-07 21:00:00,97.2,1.0,220.0,0.9,649.5,1002.0,0.1,4.2,4.6
56029,YUSHU,2024-06-08 00:00:00,84.0,1.0,100.0,0.3,650.2,1005.6,0.7,3.8,6.3
56029,YUSHU,2024-06-08 03:00:00,58.1,1.0,320.0,0.1,650.1,1002.8,0.1,4.3,12.3
56029,YUSHU,2024-06-08 06:00:00,47.9,1.0,360.0,0.0,648.7,1000.8,1.4,4.6,15.6
56029,YUSHU,2024-06-08 09:00:00,39.0,2.0,280.0,0.0,645.2,994.9,3.5,3.4,17.5
56029,YUSHU,2024-06-08 12:00:00,77.8,1.0,80.0,0.5,648.2,1003.7,3.0,6.5,10.2
56029,YUSHU,2024-06-08 15:00:00,82.0,1.0,20.0,0.7,648.7,1000.8,0.5,6.1,9.0
56029,YUSHU,2024-06-08 18:00:00,82.0,1.0,20.0,0.7,649.4,999.7,0.7,5.8,8.7
56029,YUSHU,2024-06-08 21:00:00,87.1,0.0,360.0,0.7,649.4,999.2,0.0,5.5,7.5
56029,YUSHU,2024-06-09 00:00:00,,,,0.0,,,,,
56029,YUSHU,2024-06-09 03:00:00,,,,0.0,,,,,
56029,YUSHU,2024-06-09 06:00:00,,,,0.0,,,,,
56029,YUSHU,2024-06-09 09:00:00,,,,0.0,,,,,
56029,YUSHU,2024-06-09 12:00:00,,,,0.0,,,,,
56029,YUSHU,2024-06-09 15:00:00,,,,0.0,,,,,
56029,YUSHU,2024-06-09 18:00:00,,,,0.0,,,,,
56029,YUSHU,2024-06-09 21:00:00,90.2,1.0,20.0,0.2,649.5,998.6,0.2,6.6,8.1
56029,YUSHU,2024-06-10 00:00:00,83.7,0.0,140.0,0.0,649.7,1004.4,0.2,6.3,8.9
56029,YUSHU,2024-06-10 03:00:00,67.2,1.0,280.0,0.0,649.7,1003.3,0.0,6.2,12.1
56029,YUSHU,2024-06-10 06:00:00,49.0,1.0,240.0,0.0,647.7,996.9,2.0,6.5,17.3
56029,YUSHU,2024-06-10 09:00:00,82.7,2.0,120.0,4.0,648.5,1002.8,0.8,7.3,10.1
56029,YUSHU,2024-06-10 12:00:00,63.2,2.0,120.0,4.0,648.8,1000.9,0.3,5.7,12.5
56029,YUSHU,2024-06-10 15:00:00,89.1,1.0,180.0,4.0,650.8,1004.4,2.0,7.1,8.8
56029,YUSHU,2024-06-10 18:00:00,82.1,1.0,320.0,4.0,651.7,1001.3,0.9,6.8,9.7
56029,YUSHU,2024-06-10 21:00:00,72.8,0.0,360.0,0.3,651.8,1007.6,0.1,4.0,8.6
57494,우한,2024-06-05 00:00:00,87.2,0.0,0.0,1.0,1011.1,1014.0,0.1,17.9,20.1
57494,우한,2024-06-05 03:00:00,68.8,2.0,120.0,1.0,1011.7,1014.6,0.6,16.2,22.2
57494,우한,2024-06-05 06:00:00,66.1,2.0,320.0,0.8,1010.9,1013.8,0.8,17.0,23.7
57494,우한,2024-06-05 09:00:00,61.0,0.0,20.0,0.1,1010.0,1012.9,0.9,16.3,24.3
57494,우한,2024-06-05 12:00:00,82.9,0.0,0.0,0.0,1010.6,1013.5,0.6,17.7,20.7
57494,우한,2024-06-05 15:00:00,93.9,0.0,200.0,0.0,1011.9,1014.8,1.3,17.8,18.8
57494,우한,2024-06-05 18:00:00,96.3,0.0,0.0,0.0,1011.1,1014.0,0.8,16.8,17.4
57494,우한,2024-06-05 21:00:00,96.9,0.0,0.0,0.0,1010.9,1013.8,0.2,16.6,17.1
57494,우한,2024-06-06 00:00:00,83.1,0.0,360.0,0.0,1012.0,1014.9,1.1,18.9,21.9
57494,우한,2024-06-06 03:00:00,61.0,1.0,60.0,0.0,1011.2,1014.1,0.8,18.0,26.1
57494,우한,2024-06-06 06:00:00,54.1,1.0,220.0,0.0,1009.1,1012.0,2.1,17.2,27.3
57494,우한,2024-06-06 09:00:00,53.0,1.0,200.0,0.0,1007.8,1010.7,1.3,16.8,27.2
57494,우한,2024-06-06 12:00:00,84.2,0.0,0.0,0.0,1008.0,1010.9,0.2,19.6,22.4
57494,우한,2024-06-06 15:00:00,80.1,1.0,260.0,0.0,1009.6,1012.5,1.6,19.0,22.6
57494,우한,2024-06-06 18:00:00,91.2,1.0,320.0,0.0,1007.6,1010.5,2.0,19.9,21.4
57494,우한,2024-06-06 21:00:00,82.1,2.0,220.0,0.0,1006.6,1009.5,1.0,19.0,22.2
57494,우한,2024-06-07 00:00:00,77.8,1.0,120.0,0.0,1007.6,1010.5,1.0,19.2,23.3
57494,우한,2024-06-07 03:00:00,60.9,2.0,100.0,0.0,1007.1,1010.0,0.5,19.1,27.3
57494,우한,2024-06-07 06:00:00,56.1,1.0,220.0,0.0,1005.7,1008.6,1.4,18.9,28.5
57494,우한,2024-06-07 09:00:00,55.1,2.0,80.0,0.0,1004.4,1007.3,1.3,18.6,28.5
57494,우한,2024-06-07 12:00:00,,,,0.0,,,,,
57494,우한,2024-06-07 15:00:00,86.9,0.0,0.0,0.0,1005.7,1008.6,0.8,20.3,22.6
57494,우한,2024-06-07 18:00:00,91.8,0.0,0.0,0.0,1005.1,1008.0,0.6,20.6,22.0
57494,우한,2024-06-07 21:00:00,94.1,0.0,360.0,0.0,1005.1,1008.0,0.0,20.8,21.8
57494,우한,2024-06-08 00:00:00,72.2,1.0,160.0,0.0,1006.3,1009.2,1.2,20.8,26.2
57494,우한,2024-06-08 03:00:00,51.0,1.0,20.0,0.0,1006.1,1009.0,0.2,18.3,29.5
57494,우한,2024-06-08 06:00:00,45.1,1.0,280.0,0.0,1004.6,1007.4,1.5,17.8,31.1
57494,우한,2024-06-08 09:00:00,62.1,2.0,200.0,0.0,1003.8,1006.7,0.8,21.1,29.1
57494,우한,2024-06-08 12:00:00,68.1,1.0,240.0,0.0,1005.0,1007.8,1.2,20.9,27.3
57494,우한,2024-06-08 15:00:00,87.0,1.0,360.0,0.0,1005.3,1008.1,0.3,22.3,24.6
57494,우한,2024-06-08 18:00:00,83.9,1.0,100.0,0.0,1004.8,1007.6,0.5,21.1,24.0
57494,우한,2024-06-08 21:00:00,81.9,2.0,240.0,0.0,1005.4,1008.2,0.6,21.5,24.8
57494,우한,2024-06-09 00:00:00,,,,0.0,,,,,
57494,우한,2024-06-09 03:00:00,,,,0.0,,,,,
57494,우한,2024-06-09 06:00:00,,,,0.0,,,,,
57494,우한,2024-06-09 09:00:00,,,,0.0,,,,,
57494,우한,2024-06-09 12:00:00,,,,0.0,,,,,
57494,우한,2024-06-09 15:00:00,,,,0.0,,,,,
57494,우한,2024-06-09 18:00:00,,,,0.0,,,,,
57494,우한,2024-06-09 21:00:00,88.0,1.0,60.0,0.0,1004.9,1007.8,0.8,20.9,23.0
57494,우한,2024-06-10 00:00:00,90.2,0.0,0.0,0.0,1004.9,1007.8,0.0,21.9,23.6
57494,우한,2024-06-10 03:00:00,85.0,2.0,100.0,0.0,1004.5,1007.4,0.4,22.0,24.7
57494,우한,2024-06-10 06:00:00,78.2,3.0,100.0,0.0,1003.6,1006.5,0.9,21.9,26.0
57494,우한,2024-06-10 09:00:00,72.8,2.0,100.0,0.0,1002.2,1005.1,1.4,22.0,27.3
57494,우한,2024-06-10 12:00:00,83.0,2.0,360.0,0.0,1003.0,1005.9,0.8,22.3,25.4
57494,우한,2024-06-10 15:00:00,89.2,1.0,160.0,0.0,1004.2,1007.1,1.2,22.5,24.4
57494,우한,2024-06-10 18:00:00,90.2,1.0,40.0,0.0,1003.2,1006.1,1.0,22.3,24.0
57494,우한,2024-06-10 21:00:00,94.1,0.0,0.0,0.0,1002.8,1005.7,0.4,22.5,23.5
58027,쑤조우,2024-06-05 00:00:00,69.2,3.0,280.0,0.0,1010.0,1014.9,0.8,16.0,21.9
58027,쑤조우,2024-06-05 03:00:00,48.0,2.0,120.0,0.0,1009.9,1014.8,0.1,13.5,25.3
58027,쑤조우,2024-06-05 06:00:00,46.1,2.0,220.0,0.0,1009.1,1014.0,0.8,13.8,26.3
58027,쑤조우,2024-06-05 09:00:00,48.0,1.0,120.0,0.0,1008.4,1013.3,0.7,14.6,26.5
58027,쑤조우,2024-06-05 12:00:00,57.9,1.0,20.0,0.0,1009.4,1014.3,1.0,15.5,24.3
58027,쑤조우,2024-06-05 15:00:00,72.0,2.0,60.0,0.0,1010.9,1015.8,1.5,17.1,22.4
58027,쑤조우,2024-06-05 18:00:00,67.1,1.0,60.0,0.0,1010.0,1014.9,0.9,13.9,20.2
58027,쑤조우,2024-06-05 21:00:00,74.2,1.0,320.0,0.0,1010.6,1015.5,0.6,14.2,18.9
58027,쑤조우,2024-06-06 00:00:00,65.0,2.0,20.0,0.0,1011.9,1016.8,1.3,15.7,22.6
58027,쑤조우,2024-06-06 03:00:00,46.9,3.0,60.0,0.0,1010.6,1015.5,1.3,13.7,25.9
58027,쑤조우,2024-06-06 06:00:00,39.0,2.0,20.0,0.0,1008.5,1013.4,2.1,12.6,27.8
58027,쑤조우,2024-06-06 09:00:00,36.9,2.0,20.0,0.0,1007.3,1012.2,1.2,11.5,27.5
58027,쑤조우,2024-06-06 12:00:00,40.0,2.0,160.0,0.0,1007.6,1012.5,0.3,11.8,26.5
58027,쑤조우,2024-06-06 15:00:00,49.0,1.0,320.0,0.0,1008.4,1013.3,0.8,13.1,24.5
58027,쑤조우,2024-06-06 18:00:00,55.1,2.0,320.0,0.0,1006.9,1011.8,1.5,13.6,23.1
58027,쑤조우,2024-06-06 21:00:00,64.8,2.0,60.0,0.0,1006.5,1011.4,0.4,14.6,21.5
58027,쑤조우,2024-06-07 00:00:00,60.2,1.0,160.0,0.0,1006.3,1011.2,0.2,15.9,24.1
58027,쑤조우,2024-06-07 03:00:00,44.0,2.0,360.0,0.0,1005.5,1010.4,0.8,13.8,27.1
58027,쑤조우,2024-06-07 06:00:00,29.1,2.0,140.0,0.0,1003.0,1007.9,2.5,9.9,29.8
58027,쑤조우,2024-06-07 09:00:00,28.9,2.0,280.0,0.0,1001.3,1006.1,1.7,10.6,30.7
58027,쑤조우,2024-06-07 12:00:00,35.9,2.0,260.0,0.0,1001.6,1006.4,0.3,11.7,28.2
58027,쑤조우,2024-06-07 15:00:00,56.0,2.0,160.0,0.0,1002.8,1007.7,1.2,15.9,25.3
58027,쑤조우,2024-06-07 18:00:00,61.0,2.0,360.0,0.0,1002.3,1007.1,0.5,16.3,24.3
58027,쑤조우,2024-06-07 21:00:00,70.2,1.0,360.0,0.0,1002.8,1007.6,0.5,16.8,22.5
58027,쑤조우,2024-06-08 00:00:00,58.1,1.0,360.0,0.0,1003.7,1008.5,0.9,17.7,26.6
58027,쑤조우,2024-06-08 03:00:00,45.0,2.0,280.0,0.0,1003.0,1007.8,0.7,17.4,30.7
58027,쑤조우,2024-06-08 06:00:00,38.0,2.0,140.0,0.0,1001.4,1006.2,1.6,16.1,32.2
58027,쑤조우,2024-06-08 09:00:00,36.0,2.0,340.0,0.0,1000.4,1005.2,1.0,15.0,31.9
58027,쑤조우,2024-06-08 12:00:00,51.2,0.0,0.0,0.0,1001.0,1005.8,0.6,16.7,27.7
58027,쑤조우,2024-06-08 15:00:00,59.0,0.0,360.0,0.0,1001.7,1006.5,0.7,17.0,25.6
58027,쑤조우,2024-06-08 18:00:00,64.1,0.0,340.0,0.0,1001.0,1005.8,0.7,18.5,25.8
58027,쑤조우,2024-06-08 21:00:00,62.2,1.0,360.0,0.0,1001.5,1006.3,0.5,18.3,26.1
58027,쑤조우,2024-06-09 00:00:00,57.1,2.0,340.0,0.0,1002.4,1007.2,0.9,18.8,28.1
58027,쑤조우,2024-06-09 03:00:00,,,,0.0,,,,,
58027,쑤조우,2024-06-09 06:00:00,,,,0.0,,,,,
58027,쑤조우,2024-06-09 09:00:00,,,,0.0,,,,,
58027,쑤조우,2024-06-09 12:00:00,,,,0.0,,,,,
58027,쑤조우,2024-06-09 15:00:00,,,,0.0,,,,,
58027,쑤조우,2024-06-09 18:00:00,,,,0.0,,,,,
58027,쑤조우,2024-06-09 21:00:00,63.8,1.0,340.0,0.0,1001.7,1006.5,0.2,19.0,26.4
58027,쑤조우,2024-06-10 00:00:00,59.8,2.0,180.0,0.0,1001.9,1006.7,0.2,20.5,29.1
58027,쑤조우,2024-06-10 03:00:00,40.9,2.0,20.0,0.0,1000.7,1005.4,1.2,18.5,33.6
58027,쑤조우,2024-06-10 06:00:00,24.0,2.0,280.0,0.0,998.8,1003.5,1.9,12.6,36.4
58027,쑤조우,2024-06-10 09:00:00,34.0,3.0,200.0,0.0,998.0,1002.8,0.8,16.7,34.9
58027,쑤조우,2024-06-10 12:00:00,38.1,1.0,200.0,0.0,999.5,1004.3,1.5,16.3,32.4
58027,쑤조우,2024-06-10 15:00:00,44.9,2.0,360.0,0.0,1000.8,1005.6,1.3,17.0,30.3
58027,쑤조우,2024-06-10 18:00:00,51.9,2.0,360.0,0.0,1000.4,1005.1,0.4,17.4,28.2
58027,쑤조우,2024-06-10 21:00:00,59.8,1.0,300.0,0.0,1000.8,1005.6,0.4,17.5,25.9
58238,난징,2024-06-05 00:00:00,91.2,2.0,120.0,0.7,1010.5,1014.5,0.4,19.7,21.2
58238,난징,2024-06-05 03:00:00,85.8,2.0,120.0,0.7,1011.4,1015.4,0.9,20.2,22.7
58238,난징,2024-06-05 06:00:00,72.8,4.0,160.0,0.7,1010.6,1014.6,0.8,17.0,22.1
58238,난징,2024-06-05 09:00:00,73.0,4.0,280.0,0.7,1010.7,1014.7,0.1,15.7,20.7
58238,난징,2024-06-05 12:00:00,87.1,4.0,280.0,0.0,1011.5,1015.6,0.8,16.9,19.1
58238,난징,2024-06-05 15:00:00,96.3,4.0,20.0,0.3,1011.7,1015.8,0.2,17.3,17.9
58238,난징,2024-06-05 18:00:00,93.9,1.0,340.0,0.5,1011.0,1015.1,0.7,16.8,17.8
58238,난징,2024-06-05 21:00:00,93.3,3.0,120.0,0.5,1010.3,1014.4,0.7,16.9,18.0
58238,난징,2024-06-06 00:00:00,89.8,2.0,80.0,0.5,1012.6,1016.7,2.3,16.7,18.4
58238,난징,2024-06-06 03:00:00,68.0,3.0,20.0,0.2,1012.0,1016.1,0.6,16.3,22.5
58238,난징,2024-06-06 06:00:00,54.9,4.0,20.0,0.0,1009.6,1013.6,2.4,15.4,25.1
58238,난징,2024-06-06 09:00:00,62.1,4.0,320.0,0.0,1008.9,1012.9,0.7,16.1,23.8
58238,난징,2024-06-06 12:00:00,71.8,2.0,320.0,0.0,1009.7,1013.8,0.8,16.1,21.4
58238,난징,2024-06-06 15:00:00,82.9,2.0,280.0,0.0,1010.2,1014.2,0.5,17.0,20.0
58238,난징,2024-06-06 18:00:00,89.9,2.0,280.0,0.0,1008.4,1012.4,1.8,17.2,18.9
58238,난징,2024-06-06 21:00:00,91.0,3.0,20.0,0.0,1007.3,1011.3,1.1,17.4,18.9
58238,난징,2024-06-07 00:00:00,79.0,3.0,220.0,0.0,1007.7,1011.7,0.4,18.0,21.8
58238,난징,2024-06-07 03:00:00,67.1,2.0,220.0,0.0,1007.0,1011.0,0.7,17.7,24.2
58238,난징,2024-06-07 06:00:00,62.0,3.0,220.0,0.0,1005.5,1009.5,1.5,17.4,25.2
58238,난징,2024-06-07 09:00:00,56.9,3.0,60.0,0.0,1004.1,1008.1,1.4,16.7,25.9
58238,난징,2024-06-07 12:00:00,74.9,2.0,320.0,0.0,1004.4,1008.4,0.3,18.5,23.2
58238,난징,2024-06-07 15:00:00,85.2,2.0,220.0,0.0,1005.3,1009.3,0.9,19.0,21.6
58238,난징,2024-06-07 18:00:00,90.0,1.0,280.0,0.0,1004.6,1008.6,0.7,18.8,20.5
58238,난징,2024-06-07 21:00:00,95.1,1.0,120.0,0.0,1004.8,1008.8,0.2,19.0,19.8
58238,난징,2024-06-08 00:00:00,78.9,2.0,220.0,0.0,1005.4,1009.4,0.6,20.3,24.2
58238,난징,2024-06-08 03:00:00,50.1,2.0,60.0,0.0,1004.8,1008.8,0.6,17.2,28.6
58238,난징,2024-06-08 06:00:00,41.0,2.0,20.0,0.0,1003.1,1007.1,1.7,16.2,31.0
58238,난징,2024-06-08 09:00:00,39.0,2.0,340.0,0.0,1002.7,1006.7,0.4,14.9,30.4
58238,난징,2024-06-08 12:00:00,51.9,2.0,220.0,0.0,1003.3,1007.2,0.6,17.2,28.0
58238,난징,2024-06-08 15:00:00,62.2,1.0,80.0,0.0,1004.2,1008.1,0.9,18.3,26.1
58238,난징,2024-06-08 18:00:00,72.8,1.0,320.0,0.0,1003.3,1007.2,0.9,19.5,24.7
58238,난징,2024-06-08 21:00:00,76.0,1.0,60.0,0.0,1003.8,1007.7,0.5,19.9,24.4
58238,난징,2024-06-09 00:00:00,,,,0.0,,,,,
58238,난징,2024-06-09 03:00:00,,,,0.0,,,,,
58238,난징,2024-06-09 06:00:00,,,,0.0,,,,,
58238,난징,2024-06-09 09:00:00,,,,0.0,,,,,
58238,난징,2024-06-09 12:00:00,,,,0.0,,,,,
58238,난징,2024-06-09 15:00:00,,,,0.0,,,,,
58238,난징,2024-06-09 18:00:00,,,,0.0,,,,,
58238,난징,2024-06-09 21:00:00,79.9,3.0,200.0,0.0,1004.3,1008.2,0.2,21.1,24.8
58238,난징,2024-06-10 00:00:00,64.1,2.0,160.0,0.0,1004.8,1008.8,0.5,16.9,24.1
58238,난징,2024-06-10 03:00:00,43.9,5.0,120.0,0.0,1004.0,1007.9,0.8,14.6,28.0
58238,난징,2024-06-10 06:00:00,44.0,4.0,120.0,0.0,1002.4,1006.3,1.6,15.6,29.1
58238,난징,2024-06-10 09:00:00,51.1,5.0,220.0,0.0,1001.8,1005.7,0.6,16.6,27.6
58238,난징,2024-06-10 12:00:00,71.0,3.0,220.0,0.0,1002.9,1006.9,1.1,18.8,24.4
58238,난징,2024-06-10 15:00:00,83.2,3.0,220.0,0.0,1003.6,1007.6,0.7,19.8,22.8
58238,난징,2024-06-10 18:00:00,84.7,2.0,320.0,0.0,1002.5,1006.4,1.1,20.0,22.7
58238,난징,2024-06-10 21:00:00,84.7,2.0,220.0,0.0,1002.1,1006.1,0.4,20.0,22.7
58362,상하이,2024-06-05 00:00:00,82.1,3.0,220.0,0.0,1015.5,1016.0,0.7,19.3,22.5
58362,상하이,2024-06-05 03:00:00,82.2,3.0,20.0,0.0,1015.8,1016.3,0.3,19.5,22.7
58362,상하이,2024-06-05 06:00:00,86.3,3.0,220.0,0.0,1015.4,1015.9,0.4,19.5,21.9
58362,상하이,2024-06-05 09:00:00,88.9,2.0,60.0,0.2,1014.9,1015.4,0.5,19.2,21.1
58362,상하이,2024-06-05 12:00:00,95.2,2.0,60.0,0.8,1016.0,1016.5,1.1,19.4,20.2
58362,상하이,2024-06-05 15:00:00,81.8,2.0,160.0,0.8,1016.3,1016.8,0.3,16.7,19.9
58362,상하이,2024-06-05 18:00:00,90.9,4.0,160.0,1.0,1015.6,1016.1,0.7,16.1,17.6
58362,상하이,2024-06-05 21:00:00,98.1,1.0,120.0,0.9,1015.5,1016.0,0.1,16.8,17.1
58362,상하이,2024-06-06 00:00:00,93.9,2.0,60.0,0.3,1016.0,1016.5,0.5,17.8,18.8
58362,상하이,2024-06-06 03:00:00,91.0,1.0,120.0,0.3,1016.8,1017.3,0.8,17.9,19.4
58362,상하이,2024-06-06 06:00:00,72.9,2.0,220.0,0.0,1014.6,1015.1,2.2,17.2,22.3
58362,상하이,2024-06-06 09:00:00,58.1,3.0,280.0,0.0,1013.3,1013.8,1.3,14.5,23.2
58362,상하이,2024-06-06 12:00:00,74.9,1.0,220.0,0.0,1014.2,1014.7,0.9,15.8,20.4
58362,상하이,2024-06-06 15:00:00,84.8,1.0,60.0,0.0,1014.6,1015.1,0.4,16.1,18.7
58362,상하이,2024-06-06 18:00:00,96.2,0.0,360.0,0.0,1013.0,1013.5,1.6,15.8,16.4
58362,상하이,2024-06-06 21:00:00,98.7,0.0,0.0,0.0,1012.5,1013.0,0.5,15.7,15.9
58362,상하이,2024-06-07 00:00:00,77.1,2.0,120.0,0.0,1012.3,1012.8,0.2,17.8,22.0
58362,상하이,2024-06-07 03:00:00,67.8,2.0,60.0,0.0,1011.5,1012.0,0.8,17.4,23.7
58362,상하이,2024-06-07 06:00:00,76.9,2.0,220.0,0.0,1010.1,1010.6,1.4,19.5,23.8
58362,상하이,2024-06-07 09:00:00,84.8,2.0,280.0,0.0,1009.0,1009.5,1.1,20.2,22.9
58362,상하이,2024-06-07 12:00:00,,,,0.0,,,,,
58362,상하이,2024-06-07 15:00:00,92.3,1.0,60.0,0.0,1009.7,1010.2,0.2,19.6,20.9
58362,상하이,2024-06-07 18:00:00,95.8,1.0,320.0,0.0,1008.2,1008.7,1.5,19.7,20.4
58362,상하이,2024-06-07 21:00:00,98.2,0.0,0.0,0.0,1007.9,1008.4,0.3,19.4,19.7
58362,상하이,2024-06-08 00:00:00,88.0,1.0,60.0,0.0,1008.9,1009.4,1.0,20.8,22.9
58362,상하이,2024-06-08 03:00:00,65.8,2.0,200.0,0.0,1008.4,1008.9,0.5,19.5,26.4
58362,상하이,2024-06-08 06:00:00,62.2,2.0,240.0,0.0,1007.3,1007.8,1.1,19.8,27.7
58362,상하이,2024-06-08 09:00:00,61.1,3.0,340.0,0.0,1006.9,1007.4,0.4,18.3,26.4
58362,상하이,2024-06-08 12:00:00,75.9,2.0,20.0,0.0,1008.4,1008.9,1.5,19.1,23.6
58362,상하이,2024-06-08 15:00:00,87.8,1.0,320.0,0.0,1008.5,1009.0,0.1,19.4,21.5
58362,상하이,2024-06-08 18:00:00,92.9,0.0,140.0,0.0,1007.5,1008.0,1.0,19.7,20.9
58362,상하이,2024-06-08 21:00:00,92.9,0.0,0.0,0.0,1007.9,1008.4,0.4,20.1,21.3
58362,상하이,2024-06-09 00:00:00,,,,0.0,,,,,
58362,상하이,2024-06-09 03:00:00,,,,0.0,,,,,
58362,상하이,2024-06-09 06:00:00,,,,0.0,,,,,
58362,상하이,2024-06-09 09:00:00,,,,0.0,,,,,
58362,상하이,2024-06-09 12:00:00,,,,0.0,,,,,
58362,상하이,2024-06-09 15:00:00,,,,0.0,,,,,
58362,상하이,2024-06-09 18:00:00,,,,0.0,,,,,
58362,상하이,2024-06-09 21:00:00,74.1,2.0,100.0,0.0,1008.7,1009.2,0.1,19.2,24.1
58362,상하이,2024-06-10 00:00:00,77.8,2.0,240.0,0.0,1009.2,1009.7,0.5,19.7,23.8
58362,상하이,2024-06-10 03:00:00,56.0,2.0,260.0,0.0,1008.7,1009.2,0.5,15.9,25.3
58362,상하이,2024-06-10 06:00:00,51.0,4.0,160.0,0.0,1007.9,1008.4,0.8,16.1,27.1
58362,상하이,2024-06-10 09:00:00,47.9,4.0,160.0,0.0,1007.5,1008.0,0.4,13.4,25.2
58362,상하이,2024-06-10 12:00:00,73.9,2.0,60.0,0.0,1008.1,1008.6,0.6,18.1,23.0
58362,상하이,2024-06-10 15:00:00,85.2,3.0,60.0,0.0,1008.5,1009.0,0.4,19.5,22.1
58362,상하이,2024-06-10 18:00:00,87.9,2.0,320.0,0.0,1007.0,1007.5,1.5,19.6,21.7
58362,상하이,2024-06-10 21:00:00,95.2,2.0,320.0,0.0,1006.8,1007.3,0.2,20.6,21.4
58666,DACHEN DAO,2024-06-05 00:00:00,-99.8,3.0,40.0,0.0,1005.1,1015.7,0.4,21.5,21.5
58666,DACHEN DAO,2024-06-05 03:00:00,,3.0,80.0,1.0,1005.4,1016.0,0.3,21.5,21.5
58666,DACHEN DAO,2024-06-05 06:00:00,,3.0,240.0,6.0,1005.1,1015.7,0.3,18.2,18.2
58666,DACHEN DAO,2024-06-05 09:00:00,,3.0,340.0,11.0,1004.9,1015.5,0.2,18.5,18.5
58666,DACHEN DAO,2024-06-05 12:00:00,-99.8,6.0,240.0,14.0,1004.8,1015.4,0.1,18.3,18.3
58666,DACHEN DAO,2024-06-05 15:00:00,,6.0,140.0,15.0,1004.4,1015.0,0.4,18.8,18.8
58666,DACHEN DAO,2024-06-05 18:00:00,-99.8,8.0,140.0,10.0,1002.7,1013.4,1.7,18.7,18.7
58666,DACHEN DAO,2024-06-05 21:00:00,-99.8,10.0,40.0,7.0,1002.3,1013.0,0.4,18.7,18.7
58666,DACHEN DAO,2024-06-06 00:00:00,-99.8,8.0,240.0,6.0,1003.3,1014.0,1.0,19.2,19.2
58666,DACHEN DAO,2024-06-06 03:00:00,,8.0,140.0,6.0,1003.5,1014.1,0.2,19.5,19.5
58666,DACHEN DAO,2024-06-06 06:00:00,,10.0,40.0,8.0,1002.5,1013.1,1.0,19.2,19.2
58666,DACHEN DAO,2024-06-06 09:00:00,,11.0,40.0,7.0,1001.2,1011.8,1.3,19.4,19.4
58666,DACHEN DAO,2024-06-06 12:00:00,,10.0,40.0,4.0,1002.3,1012.9,1.1,19.5,19.5
58666,DACHEN DAO,2024-06-06 15:00:00,,7.0,200.0,2.0,1002.8,1013.4,0.5,19.4,19.4
58666,DACHEN DAO,2024-06-06 18:00:00,-99.8,9.0,200.0,1.0,1001.0,1011.6,1.8,19.7,19.7
58666,DACHEN DAO,2024-06-06 21:00:00,,7.0,200.0,2.0,1001.1,1011.7,0.1,19.7,19.7
58666,DACHEN DAO,2024-06-07 00:00:00,,8.0,40.0,2.0,1001.6,1012.2,0.5,19.8,19.8
58666,DACHEN DAO,2024-06-07 03:00:00,,9.0,40.0,2.0,1000.6,1011.2,1.0,20.7,20.7
58666,DACHEN DAO,2024-06-07 06:00:00,,8.0,200.0,2.0,999.0,1009.6,1.6,21.0,21.0
58666,DACHEN DAO,2024-06-07 09:00:00,,8.0,100.0,0.7,998.2,1008.8,0.8,20.5,20.5
58666,DACHEN DAO,2024-06-07 12:00:00,,8.0,100.0,0.4,998.8,1009.4,0.6,20.4,20.4
58666,DACHEN DAO,2024-06-07 15:00:00,,6.0,100.0,0.4,998.8,1009.3,0.0,20.4,20.4
58666,DACHEN DAO,2024-06-07 18:00:00,-99.8,5.0,260.0,0.4,997.8,1008.3,1.0,20.5,20.5
58666,DACHEN DAO,2024-06-07 21:00:00,,3.0,200.0,0.3,997.7,1008.2,0.1,20.5,20.5
58666,DACHEN DAO,2024-06-08 00:00:00,,2.0,320.0,0.1,998.7,1009.2,1.0,21.9,21.9
58666,DACHEN DAO,2024-06-08 03:00:00,97.0,2.0,40.0,0.0,998.9,1009.4,0.2,23.0,23.5
58666,DACHEN DAO,2024-06-08 06:00:00,98.8,3.0,280.0,0.0,998.2,1008.7,0.7,23.1,23.3
58666,DACHEN DAO,2024-06-08 09:00:00,-99.8,3.0,120.0,0.0,997.9,1008.4,0.3,22.2,22.2
58666,DACHEN DAO,2024-06-08 12:00:00,-99.8,1.0,20.0,0.0,999.0,1009.5,1.1,21.2,21.2
58666,DACHEN DAO,2024-06-08 15:00:00,,2.0,140.0,0.0,999.6,1010.1,0.6,21.4,21.4
58666,DACHEN DAO,2024-06-08 18:00:00,-99.8,2.0,80.0,0.0,998.8,1009.3,0.8,21.6,21.6
58666,DACHEN DAO,2024-06-08 21:00:00,,5.0,140.0,3.0,999.3,1009.8,0.5,20.9,20.9
58666,DACHEN DAO,2024-06-09 00:00:00,,1.0,160.0,10.0,1000.0,1010.6,0.7,20.0,20.0
58666,DACHEN DAO,2024-06-09 03:00:00,,,,0.0,,,,,
58666,DACHEN DAO,2024-06-09 06:00:00,,,,0.0,,,,,
58666,DACHEN DAO,2024-06-09 09:00:00,,,,0.0,,,,,
58666,DACHEN DAO,2024-06-09 12:00:00,,,,0.0,,,,,
58666,DACHEN DAO,2024-06-09 15:00:00,,,,0.0,,,,,
58666,DACHEN DAO,2024-06-09 18:00:00,,,,0.0,,,,,
58666,DACHEN DAO,2024-06-09 21:00:00,-99.8,2.0,320.0,1.0,999.5,1010.0,1.0,21.0,21.0
58666,DACHEN DAO,2024-06-10 00:00:00,,3.0,280.0,7.0,998.8,1009.3,0.7,21.7,21.7
58666,DACHEN DAO,2024-06-10 03:00:00,,6.0,140.0,21.0,998.6,1009.1,0.2,21.3,21.3
58666,DACHEN DAO,2024-06-10 06:00:00,-99.8,7.0,280.0,21.0,997.7,1008.2,0.9,20.9,20.9
58666,DACHEN DAO,2024-06-10 09:00:00,,6.0,280.0,22.0,996.9,1007.4,0.8,21.2,21.2
58666,DACHEN DAO,2024-06-10 12:00:00,,2.0,20.0,18.0,997.9,1008.4,1.0,21.6,21.6
58666,DACHEN DAO,2024-06-10 15:00:00,,1.0,260.0,4.0,998.4,1008.9,0.5,22.3,22.3
58666,DACHEN DAO,2024-06-10 18:00:00,-99.8,1.0,80.0,4.0,996.9,1007.4,1.5,21.6,21.6
58666,DACHEN DAO,2024-06-10 21:00:00,,3.0,300.0,3.0,996.4,1006.9,0.5,21.3,21.3
58847,푸조우,2024-06-05 00:00:00,,3.0,120.0,3.0,1004.1,1014.1,1.3,18.5,18.5
58847,푸조우,2024-06-05 03:00:00,,2.0,120.0,7.0,1004.1,1014.1,0.0,19.1,19.1
58847,푸조우,2024-06-05 06:00:00,,2.0,120.0,7.0,1002.7,1012.7,1.4,20.1,20.1
58847,푸조우,2024-06-05 09:00:00,-99.8,1.0,280.0,8.0,1002.0,1012.0,0.7,20.2,20.2
58847,푸조우,2024-06-05 12:00:00,-99.8,2.0,120.0,7.0,1003.0,1013.0,1.0,20.0,20.0
58847,푸조우,2024-06-05 15:00:00,,1.0,120.0,3.0,1003.5,1013.5,0.5,20.0,20.0
58847,푸조우,2024-06-05 18:00:00,,1.0,220.0,4.0,1001.6,1011.6,1.9,19.9,19.9
58847,푸조우,2024-06-05 21:00:00,,1.0,60.0,5.0,1001.7,1011.7,0.1,19.9,19.9
58847,푸조우,2024-06-06 00:00:00,-99.8,1.0,20.0,4.0,1002.7,1012.7,1.0,20.7,20.7
58847,푸조우,2024-06-06 03:00:00,,1.0,280.0,6.0,1002.6,1012.6,0.1,21.9,21.9
58847,푸조우,2024-06-06 06:00:00,,1.0,60.0,5.0,1001.5,1011.5,1.1,22.9,22.9
58847,푸조우,2024-06-06 09:00:00,98.8,1.0,160.0,2.0,1000.5,1010.4,1.0,22.5,22.7
58847,푸조우,2024-06-06 12:00:00,98.8,2.0,160.0,2.0,1001.7,1011.7,1.2,21.6,21.8
58847,푸조우,2024-06-06 15:00:00,,1.0,260.0,0.0,1002.7,1012.7,1.0,21.6,21.6
58847,푸조우,2024-06-06 18:00:00,,0.0,320.0,0.0,1000.8,1010.7,1.9,21.4,21.4
58847,푸조우,2024-06-06 21:00:00,,1.0,340.0,0.0,1000.8,1010.7,0.0,21.1,21.1
58847,푸조우,2024-06-07 00:00:00,95.3,1.0,220.0,0.0,1001.0,1010.9,0.2,22.4,23.2
58847,푸조우,2024-06-07 03:00:00,75.0,2.0,60.0,0.0,1000.5,1010.4,0.5,21.6,26.4
58847,푸조우,2024-06-07 06:00:00,69.0,1.0,160.0,0.0,999.1,1008.9,1.4,21.2,27.4
58847,푸조우,2024-06-07 09:00:00,71.0,1.0,280.0,0.0,997.7,1007.5,1.4,21.2,26.9
58847,푸조우,2024-06-07 12:00:00,91.9,2.0,60.0,0.0,998.8,1008.7,1.1,22.7,24.1
58847,푸조우,2024-06-07 15:00:00,,2.0,320.0,0.0,1000.1,1009.9,1.3,23.0,23.0
58847,푸조우,2024-06-07 18:00:00,,1.0,160.0,0.0,998.6,1008.4,1.5,22.5,22.5
58847,푸조우,2024-06-07 21:00:00,,1.0,160.0,0.0,998.3,1008.1,0.3,22.4,22.4
58847,푸조우,2024-06-08 00:00:00,88.1,1.0,320.0,0.0,999.6,1009.4,1.3,22.5,24.6
58847,푸조우,2024-06-08 03:00:00,65.9,1.0,200.0,0.0,999.1,1008.9,0.5,21.8,28.8
58847,푸조우,2024-06-08 06:00:00,68.1,2.0,220.0,0.0,997.2,1007.0,1.9,22.7,29.2
58847,푸조우,2024-06-08 09:00:00,66.2,2.0,180.0,0.0,996.1,1005.8,1.1,23.0,30.0
58847,푸조우,2024-06-08 12:00:00,82.1,2.0,220.0,0.0,997.9,1007.7,1.8,23.2,26.5
58847,푸조우,2024-06-08 15:00:00,,2.0,220.0,2.0,1000.0,1009.8,2.1,23.7,23.7
58847,푸조우,2024-06-08 18:00:00,,2.0,220.0,8.0,998.5,1008.3,1.5,23.6,23.6
58847,푸조우,2024-06-08 21:00:00,,1.0,260.0,8.0,998.5,1008.2,0.0,23.7,23.7
58847,푸조우,2024-06-09 00:00:00,,1.0,120.0,8.0,999.9,1009.7,1.4,25.1,25.1
58847,푸조우,2024-06-09 03:00:00,71.8,2.0,60.0,6.0,999.7,1009.5,0.2,23.3,28.9
58847,푸조우,2024-06-09 06:00:00,67.1,3.0,220.0,0.0,998.2,1007.9,1.5,23.7,30.5
58847,푸조우,2024-06-09 09:00:00,,,,0.0,,,,,
58847,푸조우,2024-06-09 12:00:00,,,,0.0,,,,,
58847,푸조우,2024-06-09 15:00:00,,,,0.0,,,,,
58847,푸조우,2024-06-09 18:00:00,,,,0.0,,,,,
58847,푸조우,2024-06-09 21:00:00,-99.8,1.0,160.0,11.0,999.5,1009.3,0.8,23.7,23.7
58847,푸조우,2024-06-10 00:00:00,,1.0,40.0,4.0,999.6,1009.4,0.1,24.3,24.3
58847,푸조우,2024-06-10 03:00:00,98.8,0.0,120.0,0.2,998.7,1008.5,0.9,26.9,27.1
58847,푸조우,2024-06-10 06:00:00,93.8,1.0,220.0,0.2,997.1,1006.8,1.6,27.7,28.8
58847,푸조우,2024-06-10 09:00:00,91.1,1.0,40.0,0.0,996.2,1005.9,0.9,27.7,29.3
58847,푸조우,2024-06-10 12:00:00,,1.0,360.0,0.3,998.2,1008.0,2.0,27.4,27.4
58847,푸조우,2024-06-10 15:00:00,,1.0,320.0,0.5,999.1,1008.9,0.9,26.6,26.6
58847,푸조우,2024-06-10 18:00:00,,1.0,360.0,0.6,997.5,1007.2,1.6,26.4,26.4
58847,푸조우,2024-06-10 21:00:00,,1.0,60.0,0.6,997.3,1007.0,0.2,25.6,25.6
59287,광조우,2024-06-05 00:00:00,87.9,1.0,80.0,2.0,1002.1,1010.4,0.7,20.6,22.7
59287,광조우,2024-06-05 03:00:00,80.5,3.0,280.0,2.0,1002.4,1010.7,0.3,21.9,25.5
59287,광조우,2024-06-05 06:00:00,80.5,1.0,220.0,0.7,1001.7,1010.0,0.7,22.1,25.7
59287,광조우,2024-06-05 09:00:00,92.0,1.0,120.0,3.0,1000.9,1009.2,0.8,23.6,25.0
59287,광조우,2024-06-05 12:00:00,94.7,1.0,100.0,7.0,1002.2,1010.5,1.3,23.0,23.9
59287,광조우,2024-06-05 15:00:00,95.9,1.0,160.0,7.0,1003.2,1011.5,1.0,22.9,23.6
59287,광조우,2024-06-05 18:00:00,95.9,2.0,260.0,7.0,1002.0,1010.3,1.2,22.7,23.4
59287,광조우,2024-06-05 21:00:00,95.8,2.0,260.0,4.0,1001.6,1009.9,0.4,21.9,22.6
59287,광조우,2024-06-06 00:00:00,94.7,2.0,260.0,0.3,1002.6,1010.9,1.0,21.9,22.8
59287,광조우,2024-06-06 03:00:00,80.7,3.0,100.0,0.0,1002.6,1010.9,0.0,23.0,26.6
59287,광조우,2024-06-06 06:00:00,78.9,2.0,160.0,0.0,1001.3,1009.6,1.3,23.5,27.5
59287,광조우,2024-06-06 09:00:00,82.6,1.0,260.0,0.0,999.8,1008.1,1.5,23.4,26.6
59287,광조우,2024-06-06 12:00:00,86.6,1.0,260.0,0.0,1000.6,1008.9,0.8,23.0,25.4
59287,광조우,2024-06-06 15:00:00,90.8,2.0,260.0,0.0,1001.3,1009.6,0.7,23.1,24.7
59287,광조우,2024-06-06 18:00:00,95.9,1.0,60.0,1.0,1000.3,1008.6,1.0,23.4,24.1
59287,광조우,2024-06-06 21:00:00,95.9,1.0,220.0,2.0,999.9,1008.2,0.4,22.6,23.3
59287,광조우,2024-06-07 00:00:00,94.7,2.0,360.0,5.0,1000.7,1009.0,0.8,22.8,23.7
59287,광조우,2024-06-07 03:00:00,85.6,1.0,160.0,5.0,1000.6,1008.9,0.1,23.1,25.7
59287,광조우,2024-06-07 06:00:00,82.6,2.0,140.0,4.0,999.2,1007.5,1.4,23.2,26.4
59287,광조우,2024-06-07 09:00:00,86.6,2.0,180.0,3.0,998.1,1006.4,1.1,23.2,25.6
59287,광조우,2024-06-07 12:00:00,,,,0.0,,,,,
59287,광조우,2024-06-07 15:00:00,90.8,0.0,80.0,0.0,1000.1,1008.4,1.1,23.3,24.9
59287,광조우,2024-06-07 18:00:00,90.8,2.0,80.0,0.0,998.5,1006.7,1.6,23.1,24.7
59287,광조우,2024-06-07 21:00:00,91.9,1.0,120.0,0.0,998.0,1006.3,0.5,23.0,24.4
59287,광조우,2024-06-08 00:00:00,95.9,1.0,20.0,15.0,999.2,1007.5,1.2,23.6,24.3
59287,광조우,2024-06-08 03:00:00,92.0,1.0,140.0,17.0,999.5,1007.8,0.3,24.0,25.4
59287,광조우,2024-06-08 06:00:00,91.5,1.0,340.0,17.0,998.1,1006.3,1.4,25.2,26.7
59287,광조우,2024-06-08 09:00:00,91.5,1.0,200.0,22.0,997.0,1005.2,1.1,25.1,26.6
59287,광조우,2024-06-08 12:00:00,93.7,1.0,180.0,7.0,998.0,1006.3,1.0,24.7,25.8
59287,광조우,2024-06-08 15:00:00,93.6,1.0,320.0,7.0,999.3,1007.6,1.3,24.3,25.4
59287,광조우,2024-06-08 18:00:00,95.9,1.0,220.0,9.0,998.3,1006.5,1.0,24.2,24.9
59287,광조우,2024-06-08 21:00:00,95.9,1.0,20.0,4.0,998.2,1006.4,0.1,24.2,24.9
59287,광조우,2024-06-09 00:00:00,,,,0.0,,,,,
59287,광조우,2024-06-09 03:00:00,,,,0.0,,,,,
59287,광조우,2024-06-09 06:00:00,,,,0.0,,,,,
59287,광조우,2024-06-09 09:00:00,,,,0.0,,,,,
59287,광조우,2024-06-09 12:00:00,,,,0.0,,,,,
59287,광조우,2024-06-09 15:00:00,,,,0.0,,,,,
59287,광조우,2024-06-09 18:00:00,,,,0.0,,,,,
59287,광조우,2024-06-09 21:00:00,94.8,1.0,280.0,0.0,1001.1,1009.3,0.2,24.5,25.4
59287,광조우,2024-06-10 00:00:00,88.8,1.0,220.0,0.0,1001.2,1009.4,0.1,24.8,26.8
59287,광조우,2024-06-10 03:00:00,74.7,3.0,260.0,0.0,1000.5,1008.7,0.7,25.5,30.5
59287,광조우,2024-06-10 06:00:00,91.5,1.0,300.0,4.0,999.7,1007.9,0.8,25.8,27.3
59287,광조우,2024-06-10 09:00:00,78.7,2.0,320.0,4.0,997.9,1006.1,1.8,25.3,29.4
59287,광조우,2024-06-10 12:00:00,88.9,1.0,220.0,4.0,999.9,1008.1,2.0,25.6,27.6
59287,광조우,2024-06-10 15:00:00,91.5,1.0,20.0,4.0,1001.5,1009.7,1.6,25.1,26.6
59287,광조우,2024-06-10 18:00:00,93.7,1.0,60.0,0.0,1000.5,1008.7,1.0,25.4,26.5
59287,광조우,2024-06-10 21:00:00,92.6,1.0,320.0,0.0,1000.5,1008.7,0.0,25.2,26.5
