지점,일시,기온,강수량,풍속,풍향,습도,증기압,이슬점 온도,현지기압,해면기압,지면온도
90,2024-06-06 00:00:00,18.1,0.0,1.5,160.0,92.0,19.0,16.7,1015.2,1017.3,18.8
90,2024-06-06 03:00:00,18.1,0.0,2.2,310.0,91.0,18.9,16.6,1015.4,1017.5,18.2
90,2024-06-06 06:00:00,17.1,0.0,0.8,220.0,94.0,18.3,16.1,1015.6,1017.7,17.5
90,2024-06-06 09:00:00,19.7,0.0,2.1,90.0,84.0,19.1,16.8,1015.9,1017.9,23.5
90,2024-06-06 12:00:00,22.1,0.0,2.5,110.0,75.0,19.8,17.3,1015.5,1017.5,33.1
90,2024-06-06 15:00:00,22.2,0.0,2.9,110.0,74.0,19.7,17.3,1014.4,1016.4,36.7
90,2024-06-06 18:00:00,22.0,0.0,3.4,130.0,75.0,19.7,17.3,1012.9,1014.9,31.0
90,2024-06-06 21:00:00,19.4,0.0,2.2,170.0,83.0,18.6,16.4,1012.5,1014.5,21.2
90,2024-06-07 00:00:00,18.2,0.0,0.9,220.0,91.0,18.8,16.6,1012.8,1014.9,18.6
90,2024-06-07 03:00:00,18.1,0.0,2.0,320.0,89.0,18.4,16.2,1012.3,1014.4,17.0
90,2024-06-07 06:00:00,17.9,0.0,1.3,30.0,91.0,18.7,16.5,1012.6,1014.7,18.0
90,2024-06-07 09:00:00,20.7,0.0,1.2,120.0,78.0,18.7,16.5,1012.6,1014.6,24.5
90,2024-06-07 12:00:00,23.0,0.0,1.8,90.0,70.0,19.5,17.1,1011.9,1013.9,34.0
90,2024-06-07 15:00:00,22.6,0.0,3.9,130.0,70.0,19.1,16.7,1010.5,1012.5,32.9
90,2024-06-07 18:00:00,22.3,0.0,3.0,140.0,67.0,17.9,15.6,1009.2,1011.2,28.3
90,2024-06-07 21:00:00,20.2,0.0,2.3,160.0,82.0,19.3,16.9,1008.9,1010.9,21.6
90,2024-06-08 00:00:00,19.2,0.0,1.0,240.0,87.0,19.3,17.0,1008.6,1010.6,19.5
90,2024-06-08 03:00:00,19.5,0.0,0.7,230.0,82.0,18.6,16.3,1007.4,1009.4,19.3
90,2024-06-08 06:00:00,19.9,0.0,1.3,340.0,79.0,18.4,16.2,1006.9,1008.9,19.2
90,2024-06-08 09:00:00,18.9,0.4,2.8,360.0,87.0,18.9,16.6,1007.8,1009.8,19.7
90,2024-06-08 12:00:00,17.8,8.6,2.4,360.0,92.0,18.8,16.5,1007.5,1009.6,19.5
90,2024-06-08 15:00:00,18.9,1.9,2.3,100.0,89.0,19.3,17.0,1006.7,1008.7,23.3
90,2024-06-08 18:00:00,18.9,0.0,3.3,130.0,89.0,19.4,17.0,1005.4,1007.4,22.2
90,2024-06-08 21:00:00,18.4,0.0,1.2,140.0,92.0,19.5,17.1,1005.3,1007.3,19.4
90,2024-06-09 00:00:00,17.6,0.0,1.4,210.0,95.0,19.0,16.7,1005.2,1007.2,17.5
90,2024-06-09 03:00:00,17.3,0.0,1.4,220.0,95.0,18.7,16.4,1005.0,1007.0,16.2
90,2024-06-09 06:00:00,16.6,0.0,1.2,280.0,94.0,17.8,15.6,1005.1,1007.2,15.6
90,2024-06-09 09:00:00,22.5,0.0,0.9,150.0,71.0,19.2,16.9,1005.5,1007.5,23.9
90,2024-06-09 12:00:00,25.4,0.0,2.4,90.0,56.0,18.2,16.0,1004.7,1006.7,32.2
90,2024-06-09 15:00:00,25.0,0.0,5.1,140.0,61.0,19.3,16.9,1004.0,1006.0,32.2
90,2024-06-09 18:00:00,25.1,0.0,4.5,150.0,54.0,17.1,15.1,1003.0,1005.0,28.8
90,2024-06-09 21:00:00,21.2,0.0,2.1,120.0,78.0,19.5,17.1,1003.4,1005.4,21.0
90,2024-06-10 00:00:00,22.7,0.0,2.2,330.0,69.0,18.6,16.4,1004.0,1006.0,19.3
90,2024-06-10 03:00:00,22.8,0.0,1.4,290.0,65.0,18.0,15.8,1003.8,1005.8,19.0
90,2024-06-10 06:00:00,21.8,0.0,1.4,100.0,69.0,17.9,15.7,1004.6,1006.6,18.3
90,2024-06-10 09:00:00,24.6,0.0,1.9,140.0,60.0,18.5,16.3,1005.1,1007.1,25.3
90,2024-06-10 12:00:00,25.7,0.0,2.1,100.0,58.0,19.2,16.8,1004.0,1006.0,34.1
90,2024-06-10 15:00:00,25.9,0.0,3.8,120.0,58.0,19.2,16.9,1002.8,1004.8,35.2
90,2024-06-10 18:00:00,24.3,0.0,1.6,70.0,65.0,19.5,17.1,1002.5,1004.5,30.9
90,2024-06-10 21:00:00,21.5,0.0,1.8,330.0,80.0,20.4,17.8,1003.0,1005.0,22.4
90,2024-06-11 00:00:00,19.9,0.0,1.2,260.0,87.0,20.1,17.6,1003.5,1005.5,19.6
90,2024-06-11 03:00:00,19.6,0.0,1.2,30.0,88.0,20.0,17.5,1003.4,1005.4,18.5
90,2024-06-11 06:00:00,19.3,0.0,0.8,290.0,90.0,20.0,17.5,1003.9,1005.9,18.2
90,2024-06-11 09:00:00,24.1,0.0,1.0,90.0,72.0,21.3,18.5,1004.2,1006.2,26.2
90,2024-06-11 12:00:00,26.4,0.0,2.5,120.0,63.0,21.5,18.7,1002.8,1004.8,36.0
90,2024-06-11 15:00:00,29.2,0.0,4.5,140.0,49.0,19.6,17.2,1001.5,1003.5,39.9
90,2024-06-11 18:00:00,26.2,0.0,3.0,130.0,61.0,20.7,18.0,1000.8,1002.8,34.0
90,2024-06-11 21:00:00,27.2,0.0,1.8,180.0,57.0,20.2,17.6,1001.0,1003.0,25.3
90,2024-06-12 00:00:00,25.3,0.0,1.3,300.0,62.0,19.8,17.3,1001.3,1003.3,22.0
90,2024-06-12 03:00:00,23.3,0.0,1.1,270.0,67.0,19.1,16.8,1000.9,1002.9,20.0
90,2024-06-12 06:00:00,24.2,0.0,1.7,350.0,53.0,15.8,13.8,1001.6,1003.6,19.0
90,2024-06-12 09:00:00,28.4,0.0,1.9,360.0,34.0,13.0,10.8,1002.8,1004.8,27.3
90,2024-06-12 12:00:00,29.9,0.0,2.2,80.0,36.0,14.8,12.7,1001.6,1003.6,39.1
90,2024-06-12 15:00:00,30.3,0.0,2.0,330.0,34.0,14.5,12.5,1000.7,1002.7,40.4
90,2024-06-12 18:00:00,28.1,0.0,1.1,10.0,39.0,14.8,12.8,1000.7,1002.7,32.2
90,2024-06-12 21:00:00,24.8,0.0,0.9,240.0,57.0,17.8,15.7,1001.1,1003.1,25.0
101,2024-06-06 00:00:00,20.4,0.0,1.4,300.0,69.0,16.4,14.4,1008.7,1017.5,23.4
101,2024-06-06 03:00:00,18.7,0.0,1.1,310.0,75.0,16.2,14.2,1008.6,1017.5,21.7
101,2024-06-06 06:00:00,16.9,0.0,1.0,320.0,84.0,16.1,14.1,1008.9,1017.8,20.1
101,2024-06-06 09:00:00,19.2,0.0,1.7,300.0,77.0,17.0,14.9,1009.3,1018.2,23.9
101,2024-06-06 12:00:00,26.2,0.0,1.2,290.0,49.0,16.6,14.5,1008.2,1016.8,38.5
101,2024-06-06 15:00:00,29.9,0.0,1.4,240.0,31.0,12.9,10.7,1005.8,1014.3,46.6
101,2024-06-06 18:00:00,30.1,0.0,1.1,220.0,29.0,12.3,10.0,1004.0,1012.5,40.0
101,2024-06-06 21:00:00,22.8,0.0,1.7,110.0,57.0,15.8,13.8,1005.3,1014.0,28.3
101,2024-06-07 00:00:00,18.9,0.0,0.3,30.0,70.0,15.2,13.2,1006.7,1015.5,22.9
101,2024-06-07 03:00:00,16.7,0.0,0.6,340.0,79.0,15.0,13.0,1006.7,1015.7,20.4
101,2024-06-07 06:00:00,15.2,0.0,0.2,30.0,86.0,14.9,12.9,1006.6,1015.6,18.7
101,2024-06-07 09:00:00,19.3,0.0,1.0,10.0,71.0,15.7,13.7,1006.9,1015.8,23.6
101,2024-06-07 12:00:00,24.6,0.0,1.5,250.0,51.0,15.8,13.8,1005.4,1014.1,34.9
101,2024-06-07 15:00:00,27.3,0.0,1.5,230.0,43.0,15.4,13.4,1003.2,1011.8,39.2
101,2024-06-07 18:00:00,27.2,0.0,1.4,220.0,39.0,14.0,12.0,1001.6,1010.2,34.6
101,2024-06-07 21:00:00,24.1,0.0,1.1,220.0,53.0,15.8,13.8,1002.0,1010.6,26.7
101,2024-06-08 00:00:00,20.6,0.1,0.6,300.0,71.0,17.2,15.2,1002.5,1011.3,23.7
101,2024-06-08 03:00:00,19.2,1.3,0.6,280.0,86.0,19.1,16.8,1002.1,1010.9,21.7
101,2024-06-08 06:00:00,18.6,0.4,1.0,250.0,87.0,18.5,16.3,1001.7,1010.5,21.1
101,2024-06-08 09:00:00,18.3,0.5,0.7,340.0,87.0,18.3,16.1,1001.4,1010.2,21.4
101,2024-06-08 12:00:00,18.2,16.7,0.6,50.0,92.0,19.2,16.9,1000.9,1009.7,21.1
101,2024-06-08 15:00:00,20.9,0.2,1.7,170.0,78.0,19.1,16.8,999.7,1008.4,26.3
101,2024-06-08 18:00:00,23.2,0.0,1.9,260.0,67.0,19.0,16.7,998.4,1007.0,27.2
101,2024-06-08 21:00:00,21.2,0.0,1.1,270.0,77.0,19.1,16.8,998.6,1007.3,22.9
101,2024-06-09 00:00:00,18.1,0.0,0.9,340.0,92.0,19.0,16.7,999.5,1008.3,20.2
101,2024-06-09 03:00:00,17.8,0.0,0.6,320.0,92.0,18.6,16.4,999.4,1008.2,20.1
101,2024-06-09 06:00:00,17.9,0.0,0.6,350.0,91.0,18.6,16.3,999.8,1008.6,19.9
101,2024-06-09 09:00:00,19.9,0.0,1.3,280.0,80.0,18.4,16.1,1000.2,1008.9,23.2
101,2024-06-09 12:00:00,24.7,0.0,1.6,240.0,54.0,16.6,14.6,999.3,1007.9,33.1
101,2024-06-09 15:00:00,28.0,0.0,1.9,220.0,44.0,16.6,14.6,997.7,1006.2,36.0
101,2024-06-09 18:00:00,28.3,0.0,2.3,230.0,45.0,17.2,15.1,996.9,1005.4,31.1
101,2024-06-09 21:00:00,25.6,0.0,1.9,230.0,54.0,17.4,15.4,997.8,1006.3,24.5
101,2024-06-10 00:00:00,21.0,0.0,0.6,350.0,77.0,19.0,16.7,999.2,1007.9,22.0
101,2024-06-10 03:00:00,18.3,0.0,1.1,310.0,88.0,18.3,16.2,999.3,1008.1,19.9
101,2024-06-10 06:00:00,17.0,0.0,0.6,340.0,92.0,17.8,15.6,1000.3,1009.2,18.7
101,2024-06-10 09:00:00,21.0,0.0,1.0,310.0,76.0,18.6,16.4,1000.3,1009.0,23.5
101,2024-06-10 12:00:00,26.6,0.0,1.8,260.0,53.0,18.4,16.2,998.3,1006.8,34.0
101,2024-06-10 15:00:00,29.2,0.0,2.3,200.0,47.0,18.9,16.6,996.5,1004.9,40.1
101,2024-06-10 18:00:00,29.6,0.0,1.8,220.0,46.0,19.1,16.8,995.5,1003.9,35.2
101,2024-06-10 21:00:00,27.1,0.0,1.4,230.0,54.0,19.2,16.8,996.4,1004.9,27.7
101,2024-06-11 00:00:00,22.2,0.0,0.9,330.0,77.0,20.4,17.8,998.3,1007.0,23.8
101,2024-06-11 03:00:00,19.8,0.0,0.7,310.0,88.0,20.2,17.7,998.7,1007.4,21.7
101,2024-06-11 06:00:00,20.2,0.0,0.7,310.0,88.0,20.7,18.0,999.5,1008.3,22.3
101,2024-06-11 09:00:00,23.0,0.0,1.0,300.0,75.0,20.9,18.2,999.7,1008.4,25.6
101,2024-06-11 12:00:00,27.0,0.0,1.7,240.0,54.0,19.2,16.9,998.4,1007.0,35.8
101,2024-06-11 15:00:00,30.1,0.0,1.5,210.0,46.0,19.3,17.0,996.4,1004.8,42.4
101,2024-06-11 18:00:00,30.8,0.0,1.5,210.0,45.0,19.7,17.3,995.5,1003.9,37.3
101,2024-06-11 21:00:00,27.8,0.0,2.2,200.0,48.0,17.9,15.7,996.5,1005.0,29.0
101,2024-06-12 00:00:00,23.4,0.0,1.5,250.0,62.0,17.5,15.4,997.4,1006.0,24.8
101,2024-06-12 03:00:00,18.8,0.0,1.9,320.0,84.0,18.1,16.0,997.0,1005.8,21.7
101,2024-06-12 06:00:00,17.1,0.0,0.7,10.0,89.0,17.4,15.3,998.3,1007.1,19.6
101,2024-06-12 09:00:00,22.2,0.0,0.9,0.0,68.0,17.9,15.8,998.8,1007.5,24.7
101,2024-06-12 12:00:00,27.9,0.0,2.0,240.0,43.0,16.0,14.0,996.7,1005.1,37.9
101,2024-06-12 15:00:00,30.7,0.0,1.6,230.0,35.0,15.3,13.3,994.8,1003.2,42.2
101,2024-06-12 18:00:00,30.1,0.0,2.4,270.0,41.0,17.3,15.2,994.3,1002.7,36.4
101,2024-06-12 21:00:00,26.0,0.0,1.6,320.0,60.0,20.0,17.5,995.3,1003.8,28.9
102,2024-06-06 00:00:00,17.5,0.0,0.8,300.0,79.0,15.9,13.8,1013.0,1017.2,18.5
102,2024-06-06 03:00:00,16.7,0.0,0.4,330.0,95.0,18.0,15.9,1012.6,1016.8,16.3
102,2024-06-06 06:00:00,15.0,0.0,0.3,360.0,97.0,16.5,14.5,1012.6,1016.9,14.9
102,2024-06-06 09:00:00,20.0,0.0,1.1,320.0,66.0,15.1,13.0,1013.0,1017.2,24.0
102,2024-06-06 12:00:00,22.9,0.0,2.8,330.0,50.0,14.0,11.9,1012.9,1017.1,43.3
102,2024-06-06 15:00:00,21.3,0.0,5.4,320.0,72.0,18.2,16.0,1011.5,1015.7,47.2
102,2024-06-06 18:00:00,20.8,0.0,4.1,320.0,76.0,18.5,16.3,1010.1,1014.3,39.0
102,2024-06-06 21:00:00,17.7,0.0,1.9,300.0,93.0,18.8,16.6,1010.1,1014.3,22.7
102,2024-06-07 00:00:00,16.7,0.0,1.4,300.0,93.0,17.7,15.5,1010.7,1015.0,17.7
102,2024-06-07 03:00:00,17.2,0.0,1.2,270.0,86.0,16.8,14.7,1010.1,1014.3,16.2
102,2024-06-07 06:00:00,16.4,0.0,0.8,210.0,93.0,17.3,15.2,1009.9,1014.2,15.7
102,2024-06-07 09:00:00,16.8,0.0,2.2,150.0,94.0,18.0,15.9,1009.6,1013.9,23.1
102,2024-06-07 12:00:00,19.4,0.0,2.9,170.0,80.0,17.8,15.7,1009.2,1013.4,31.8
102,2024-06-07 15:00:00,20.2,0.0,3.8,170.0,75.0,17.6,15.5,1007.7,1011.9,35.7
102,2024-06-07 18:00:00,20.3,0.0,2.6,180.0,76.0,18.0,15.9,1006.7,1010.9,35.2
102,2024-06-07 21:00:00,18.3,0.0,1.6,180.0,91.0,19.1,16.8,1006.7,1010.9,23.0
102,2024-06-08 00:00:00,17.4,0.2,1.8,140.0,93.0,18.3,16.1,1006.2,1010.4,19.3
102,2024-06-08 03:00:00,16.4,0.1,5.2,150.0,89.0,16.5,14.5,1004.8,1009.0,18.0
102,2024-06-08 06:00:00,16.1,1.4,4.8,150.0,97.0,17.7,15.6,1003.8,1008.0,17.4
102,2024-06-08 09:00:00,16.2,5.7,3.0,170.0,97.0,17.9,15.7,1003.6,1007.8,18.1
102,2024-06-08 12:00:00,20.4,0.2,1.5,200.0,81.0,19.2,16.8,1003.4,1007.6,28.2
102,2024-06-08 15:00:00,20.6,0.0,2.6,170.0,77.0,18.7,16.4,1002.6,1006.7,30.4
102,2024-06-08 18:00:00,20.8,0.0,3.2,180.0,79.0,19.3,16.9,1002.1,1006.2,29.7
102,2024-06-08 21:00:00,17.6,0.0,2.0,190.0,93.0,18.7,16.4,1002.2,1006.4,20.7
102,2024-06-09 00:00:00,16.2,0.0,1.0,110.0,97.0,17.8,15.7,1002.8,1007.0,17.8
102,2024-06-09 03:00:00,15.9,0.0,1.3,80.0,97.0,17.5,15.4,1002.7,1006.9,17.9
102,2024-06-09 06:00:00,16.5,0.0,1.7,140.0,97.0,18.2,16.0,1002.7,1006.9,17.9
102,2024-06-09 09:00:00,16.9,0.0,3.8,150.0,98.0,18.7,16.4,1003.3,1007.5,20.6
102,2024-06-09 12:00:00,18.9,0.0,4.9,160.0,89.0,19.3,17.0,1003.0,1007.1,31.7
102,2024-06-09 15:00:00,20.4,0.0,5.5,160.0,81.0,19.3,17.0,1002.7,1006.9,38.9
102,2024-06-09 18:00:00,19.8,0.0,3.8,140.0,84.0,19.2,16.8,1002.2,1006.3,32.4
102,2024-06-09 21:00:00,18.8,0.0,3.3,150.0,91.0,19.7,17.3,1002.4,1006.6,23.6
102,2024-06-10 00:00:00,17.8,0.0,2.4,130.0,97.0,19.7,17.2,1002.6,1006.8,20.8
102,2024-06-10 03:00:00,17.7,0.0,3.7,150.0,97.0,19.6,17.2,1002.0,1006.2,19.7
102,2024-06-10 06:00:00,16.5,0.0,2.8,130.0,98.0,18.3,16.1,1002.0,1006.2,18.7
102,2024-06-10 09:00:00,17.6,0.0,2.8,130.0,98.0,19.7,17.2,1002.0,1006.2,20.7
102,2024-06-10 12:00:00,18.8,0.0,3.4,120.0,98.0,21.2,18.4,1001.3,1005.5,25.1
102,2024-06-10 15:00:00,21.1,0.0,3.5,120.0,86.0,21.4,18.6,1000.7,1004.8,33.9
102,2024-06-10 18:00:00,22.2,0.0,2.9,160.0,81.0,21.5,18.6,1000.1,1004.2,37.2
102,2024-06-10 21:00:00,18.7,0.0,2.1,190.0,95.0,20.4,17.8,1000.5,1004.7,23.4
102,2024-06-11 00:00:00,17.4,0.0,3.1,170.0,97.0,19.3,16.9,1001.6,1005.8,19.6
102,2024-06-11 03:00:00,16.6,0.0,3.4,150.0,97.0,18.3,16.1,1001.6,1005.8,18.8
102,2024-06-11 06:00:00,17.3,0.0,3.2,140.0,98.0,19.2,16.9,1001.8,1006.0,18.8
102,2024-06-11 09:00:00,17.5,0.0,3.2,140.0,98.0,19.4,17.1,1002.3,1006.5,21.1
102,2024-06-11 12:00:00,18.6,0.0,6.3,160.0,96.0,20.5,17.9,1001.2,1005.4,29.1
102,2024-06-11 15:00:00,21.1,0.0,6.7,150.0,83.0,20.6,18.0,1000.3,1004.4,39.9
102,2024-06-11 18:00:00,21.6,0.0,4.2,170.0,77.0,19.8,17.3,999.8,1004.0,35.1
102,2024-06-11 21:00:00,18.9,0.0,3.3,170.0,88.0,19.1,16.7,1000.0,1004.2,22.7
102,2024-06-12 00:00:00,18.4,0.0,4.0,170.0,94.0,19.9,17.4,1000.1,1004.3,18.9
102,2024-06-12 03:00:00,18.0,0.0,4.3,160.0,97.0,19.9,17.4,999.4,1003.6,18.3
102,2024-06-12 06:00:00,17.3,0.0,2.1,150.0,97.0,19.2,16.8,1002.1,1006.3,18.4
102,2024-06-12 09:00:00,17.1,0.1,5.2,180.0,98.0,18.9,16.6,1000.4,1004.6,22.8
102,2024-06-12 12:00:00,18.0,0.0,5.1,150.0,96.0,19.8,17.3,1000.6,1004.8,26.3
102,2024-06-12 15:00:00,20.5,0.0,2.9,170.0,88.0,21.2,18.4,1000.9,1005.1,31.5
102,2024-06-12 18:00:00,21.5,0.0,1.7,180.0,81.0,20.7,18.0,1000.4,1004.5,36.3
102,2024-06-12 21:00:00,18.6,0.0,1.3,150.0,95.0,20.4,17.8,1000.0,1004.2,24.4
105,2024-06-06 00:00:00,20.0,0.0,0.2,0.0,82.0,19.2,16.9,1014.3,1017.5,20.7
105,2024-06-06 03:00:00,20.0,0.0,1.1,10.0,81.0,18.7,16.5,1013.9,1017.1,21.4
105,2024-06-06 06:00:00,18.8,0.0,0.6,0.0,87.0,18.8,16.5,1015.0,1018.2,20.8
105,2024-06-06 09:00:00,20.8,0.0,0.9,170.0,79.0,19.1,16.8,1015.0,1018.2,22.8
105,2024-06-06 12:00:00,23.6,0.0,1.2,60.0,66.0,19.1,16.8,1014.7,1017.8,27.0
105,2024-06-06 15:00:00,24.6,0.0,2.0,60.0,61.0,18.8,16.5,1013.2,1016.3,32.9
105,2024-06-06 18:00:00,26.6,0.0,1.6,20.0,49.0,16.9,14.7,1011.9,1015.0,29.1
105,2024-06-06 21:00:00,23.4,0.0,2.4,220.0,56.0,16.1,14.0,1011.7,1014.8,24.3
105,2024-06-07 00:00:00,22.0,0.0,1.9,250.0,51.0,13.5,11.4,1012.1,1015.2,20.0
105,2024-06-07 03:00:00,18.8,0.0,1.1,180.0,70.0,15.1,13.1,1011.3,1014.5,20.0
105,2024-06-07 06:00:00,19.4,0.0,2.0,260.0,57.0,12.8,10.6,1011.3,1014.5,17.8
105,2024-06-07 09:00:00,22.2,0.0,1.1,210.0,54.0,14.3,12.3,1011.5,1014.6,20.7
105,2024-06-07 12:00:00,25.2,0.0,1.7,80.0,60.0,19.0,16.7,1010.9,1014.0,28.6
105,2024-06-07 15:00:00,25.3,0.0,1.8,60.0,56.0,18.1,15.9,1009.5,1012.6,37.2
105,2024-06-07 18:00:00,26.2,0.0,1.5,100.0,50.0,17.0,15.0,1008.0,1011.1,33.7
105,2024-06-07 21:00:00,23.9,0.0,1.2,310.0,64.0,18.9,16.6,1007.6,1010.7,23.8
105,2024-06-08 00:00:00,21.9,0.0,0.9,280.0,67.0,17.6,15.5,1007.8,1010.9,23.0
105,2024-06-08 03:00:00,21.8,0.0,1.4,230.0,62.0,16.2,14.2,1006.6,1009.7,20.4
105,2024-06-08 06:00:00,22.1,0.0,1.6,260.0,63.0,16.8,14.8,1006.1,1009.2,19.5
105,2024-06-08 09:00:00,23.0,0.0,1.8,260.0,65.0,18.1,16.0,1006.3,1009.4,21.7
105,2024-06-08 12:00:00,20.4,0.1,2.0,330.0,84.0,20.1,17.5,1006.6,1009.7,21.9
105,2024-06-08 15:00:00,19.1,0.7,2.0,0.0,90.0,20.0,17.5,1006.0,1009.1,21.1
105,2024-06-08 18:00:00,19.9,0.0,1.8,150.0,85.0,19.7,17.3,1004.7,1007.8,21.7
105,2024-06-08 21:00:00,19.9,0.0,0.7,270.0,86.0,20.0,17.5,1004.4,1007.5,20.8
105,2024-06-09 00:00:00,18.8,0.0,1.3,240.0,90.0,19.4,17.0,1004.4,1007.5,19.3
105,2024-06-09 03:00:00,18.6,0.0,1.3,280.0,87.0,18.6,16.3,1004.2,1007.3,19.1
105,2024-06-09 06:00:00,17.8,0.0,1.1,220.0,89.0,18.0,15.9,1004.5,1007.7,18.5
105,2024-06-09 09:00:00,22.1,0.0,1.4,280.0,73.0,19.2,16.9,1004.5,1007.6,22.6
105,2024-06-09 12:00:00,26.5,0.0,2.0,90.0,51.0,17.7,15.6,1004.1,1007.2,41.0
105,2024-06-09 15:00:00,28.5,0.0,2.5,90.0,48.0,18.6,16.3,1002.7,1005.7,41.7
105,2024-06-09 18:00:00,28.5,0.0,1.7,90.0,48.0,18.6,16.3,1001.9,1004.9,35.0
105,2024-06-09 21:00:00,26.1,0.0,0.9,60.0,55.0,18.4,16.2,1002.5,1005.6,29.9
105,2024-06-10 00:00:00,25.1,0.0,2.0,240.0,57.0,18.2,16.0,1003.2,1006.3,23.5
105,2024-06-10 03:00:00,24.6,0.0,1.7,250.0,57.0,17.6,15.5,1003.0,1006.1,22.5
105,2024-06-10 06:00:00,23.9,0.0,2.8,260.0,57.0,16.7,14.7,1003.8,1006.9,22.6
105,2024-06-10 09:00:00,26.6,0.0,1.9,250.0,50.0,17.2,15.1,1004.1,1007.2,26.4
105,2024-06-10 12:00:00,29.1,0.0,2.2,100.0,48.0,19.0,16.7,1002.9,1005.9,37.0
105,2024-06-10 15:00:00,29.5,0.0,2.5,90.0,44.0,18.0,15.9,1001.5,1004.5,40.7
105,2024-06-10 18:00:00,29.6,0.0,1.7,80.0,44.0,18.0,15.8,1000.9,1003.9,36.9
105,2024-06-10 21:00:00,29.1,0.0,1.5,230.0,50.0,20.2,17.7,1001.5,1004.5,31.5
105,2024-06-11 00:00:00,27.4,0.0,1.7,250.0,57.0,20.7,18.0,1002.4,1005.5,26.3
105,2024-06-11 03:00:00,26.5,0.0,2.3,240.0,58.0,19.9,17.4,1002.5,1005.6,24.7
105,2024-06-11 06:00:00,25.3,0.0,2.9,230.0,60.0,19.2,16.9,1002.9,1006.0,23.6
105,2024-06-11 09:00:00,27.4,0.0,3.2,240.0,53.0,19.4,17.0,1003.1,1006.1,25.3
105,2024-06-11 12:00:00,30.9,0.0,2.3,90.0,46.0,20.2,17.7,1001.8,1004.8,42.9
105,2024-06-11 15:00:00,32.9,0.0,2.2,80.0,42.0,21.0,18.2,1000.4,1003.4,50.5
105,2024-06-11 18:00:00,33.8,0.0,2.1,90.0,40.0,20.7,18.1,999.8,1002.8,47.7
105,2024-06-11 21:00:00,30.9,0.0,2.8,240.0,44.0,19.7,17.3,1000.6,1003.6,35.5
105,2024-06-12 00:00:00,28.8,0.0,2.8,240.0,53.0,20.7,18.1,1000.9,1003.9,28.2
105,2024-06-12 03:00:00,27.3,0.0,3.3,230.0,55.0,20.0,17.5,1000.1,1003.1,27.6
105,2024-06-12 06:00:00,26.6,0.0,2.7,250.0,45.0,15.7,13.7,1000.7,1003.8,26.6
105,2024-06-12 09:00:00,28.5,0.0,3.0,260.0,33.0,12.9,10.7,1002.0,1005.0,34.0
105,2024-06-12 12:00:00,32.4,0.0,2.1,140.0,27.0,13.3,11.1,1001.2,1004.2,47.2
105,2024-06-12 15:00:00,34.7,0.0,3.0,110.0,25.0,13.8,11.7,999.1,1002.1,52.6
105,2024-06-12 18:00:00,33.5,0.0,1.9,50.0,28.0,14.4,12.4,998.9,1001.9,48.0
105,2024-06-12 21:00:00,28.6,0.0,2.0,260.0,41.0,15.9,13.9,1000.0,1003.0,33.5
108,2024-06-06 00:00:00,21.4,0.0,2.1,240.0,63.0,16.0,14.0,1007.7,1017.6,19.5
108,2024-06-06 03:00:00,20.3,0.0,1.2,260.0,64.0,15.2,13.2,1007.2,1017.2,18.2
108,2024-06-06 06:00:00,19.6,0.0,1.3,270.0,68.0,15.4,13.4,1007.2,1017.2,18.1
108,2024-06-06 09:00:00,21.7,0.0,1.0,50.0,63.0,16.3,14.3,1007.5,1017.4,28.8
108,2024-06-06 12:00:00,27.1,0.0,1.9,160.0,50.0,17.7,15.6,1006.9,1016.7,46.1
108,2024-06-06 15:00:00,30.0,0.0,2.2,150.0,39.0,16.5,14.5,1004.8,1014.4,50.9
108,2024-06-06 18:00:00,29.2,0.0,3.6,210.0,44.0,17.5,15.4,1003.5,1013.1,38.8
108,2024-06-06 21:00:00,24.7,0.0,3.3,260.0,53.0,16.5,14.4,1004.5,1014.3,24.3
108,2024-06-07 00:00:00,21.4,0.0,1.9,270.0,53.0,13.4,11.3,1005.7,1015.6,19.1
108,2024-06-07 03:00:00,19.8,0.0,1.2,230.0,57.0,13.1,11.0,1005.3,1015.2,16.9
108,2024-06-07 06:00:00,18.6,0.0,1.5,240.0,67.0,14.3,12.2,1005.1,1015.1,16.4
108,2024-06-07 09:00:00,20.8,0.0,1.0,300.0,62.0,15.2,13.2,1005.2,1015.1,28.4
108,2024-06-07 12:00:00,24.9,0.0,1.9,280.0,47.0,14.9,12.9,1004.1,1013.9,41.2
108,2024-06-07 15:00:00,27.0,0.0,2.3,270.0,42.0,15.1,13.1,1002.3,1012.0,43.7
108,2024-06-07 18:00:00,27.6,0.0,2.2,260.0,42.0,15.4,13.4,1000.7,1010.3,36.9
108,2024-06-07 21:00:00,24.4,0.0,2.6,260.0,51.0,15.4,13.4,1001.2,1010.9,25.0
108,2024-06-08 00:00:00,21.4,0.8,2.2,260.0,61.0,15.6,13.6,1001.9,1011.8,20.3
108,2024-06-08 03:00:00,19.5,0.0,1.0,290.0,70.0,15.8,13.8,1001.2,1011.1,19.1
108,2024-06-08 06:00:00,18.1,0.5,1.6,30.0,84.0,17.4,15.3,1000.3,1010.2,18.4
108,2024-06-08 09:00:00,18.1,3.3,1.4,70.0,90.0,18.6,16.4,999.8,1009.8,19.3
108,2024-06-08 12:00:00,18.9,13.1,0.8,100.0,91.0,19.8,17.4,999.5,1009.4,21.2
108,2024-06-08 15:00:00,21.8,0.0,2.3,210.0,81.0,21.0,18.3,998.1,1007.9,26.6
108,2024-06-08 18:00:00,24.1,0.0,3.2,250.0,63.0,19.0,16.6,997.1,1006.8,28.2
108,2024-06-08 21:00:00,22.1,0.0,1.9,260.0,71.0,18.7,16.5,997.4,1007.2,20.6
108,2024-06-09 00:00:00,20.1,0.0,1.1,290.0,81.0,19.0,16.7,998.1,1008.0,18.1
108,2024-06-09 03:00:00,18.6,0.0,1.1,300.0,87.0,18.6,16.4,998.0,1007.9,16.8
108,2024-06-09 06:00:00,17.6,0.0,1.6,20.0,90.0,18.2,16.0,998.3,1008.3,16.2
108,2024-06-09 09:00:00,20.2,0.0,1.1,110.0,83.0,19.5,17.1,998.5,1008.3,24.3
108,2024-06-09 12:00:00,25.0,0.0,2.2,210.0,61.0,19.3,17.0,998.1,1007.8,35.6
108,2024-06-09 15:00:00,27.8,0.0,2.3,250.0,50.0,18.6,16.4,997.2,1006.8,39.3
108,2024-06-09 18:00:00,27.6,0.0,3.7,270.0,51.0,18.7,16.5,996.9,1006.5,35.1
108,2024-06-09 21:00:00,23.8,0.0,2.1,280.0,64.0,18.9,16.6,997.6,1007.3,23.9
108,2024-06-10 00:00:00,21.5,0.0,1.4,300.0,72.0,18.3,16.1,998.5,1008.3,20.1
108,2024-06-10 03:00:00,20.0,0.0,1.1,280.0,77.0,18.1,15.9,998.2,1008.1,18.2
108,2024-06-10 06:00:00,19.3,0.0,1.2,10.0,83.0,18.5,16.3,998.9,1008.8,17.6
108,2024-06-10 09:00:00,21.9,0.0,1.5,100.0,74.0,19.3,16.9,998.5,1008.3,25.7
108,2024-06-10 12:00:00,26.9,0.0,2.4,200.0,52.0,18.6,16.3,997.1,1006.7,40.6
108,2024-06-10 15:00:00,30.3,0.0,3.2,240.0,46.0,19.8,17.3,995.5,1005.0,47.9
108,2024-06-10 18:00:00,29.3,0.0,4.1,230.0,52.0,21.1,18.4,994.9,1004.4,37.8
108,2024-06-10 21:00:00,25.0,0.0,3.1,260.0,69.0,21.8,18.9,996.0,1005.7,25.7
108,2024-06-11 00:00:00,23.1,0.0,2.4,250.0,78.0,22.0,19.0,997.5,1007.2,23.0
108,2024-06-11 03:00:00,22.6,0.0,2.6,180.0,78.0,21.4,18.6,997.4,1007.2,22.8
108,2024-06-11 06:00:00,22.1,0.0,2.0,170.0,78.0,20.5,17.9,998.1,1007.9,22.1
108,2024-06-11 09:00:00,23.4,0.0,2.1,130.0,72.0,20.7,18.0,998.5,1008.2,29.0
108,2024-06-11 12:00:00,27.0,0.0,2.1,190.0,58.0,20.6,18.0,997.4,1007.0,45.5
108,2024-06-11 15:00:00,30.5,0.0,3.3,220.0,50.0,21.9,19.0,995.9,1005.4,52.5
108,2024-06-11 18:00:00,30.0,0.0,3.4,230.0,44.0,18.7,16.3,995.5,1005.0,41.9
108,2024-06-11 21:00:00,25.3,0.0,2.9,270.0,57.0,18.3,16.1,996.4,1006.1,25.8
108,2024-06-12 00:00:00,22.3,0.0,1.4,300.0,67.0,18.0,15.9,996.7,1006.5,21.0
108,2024-06-12 03:00:00,20.8,0.0,0.9,340.0,73.0,17.9,15.8,995.8,1005.6,18.6
108,2024-06-12 06:00:00,19.6,0.0,1.2,290.0,79.0,17.9,15.7,997.2,1007.1,17.6
108,2024-06-12 09:00:00,22.0,0.0,1.5,110.0,72.0,18.9,16.6,997.3,1007.1,28.3
108,2024-06-12 12:00:00,27.7,0.0,2.1,220.0,47.0,17.2,15.2,995.6,1005.2,48.6
108,2024-06-12 15:00:00,31.0,0.0,2.7,260.0,40.0,17.9,15.7,994.3,1003.8,53.9
108,2024-06-12 18:00:00,28.9,0.0,3.5,280.0,46.0,18.1,15.9,994.3,1003.8,39.6
108,2024-06-12 21:00:00,24.3,0.0,3.0,260.0,61.0,18.5,16.3,994.9,1004.6,25.2
119,2024-06-06 00:00:00,18.4,0.0,1.4,230.0,72.0,15.2,13.2,1013.7,1018.4,20.4
119,2024-06-06 03:00:00,17.2,0.0,0.5,330.0,75.0,14.8,12.8,1013.4,1018.1,19.0
119,2024-06-06 06:00:00,16.9,0.0,0.5,300.0,83.0,15.9,13.9,1013.1,1017.8,18.6
119,2024-06-06 09:00:00,19.6,0.0,1.1,180.0,66.0,14.8,12.8,1013.4,1018.1,22.9
119,2024-06-06 12:00:00,24.9,0.0,2.0,170.0,47.0,14.8,12.8,1012.8,1017.3,39.9
119,2024-06-06 15:00:00,28.2,0.0,2.6,170.0,39.0,14.7,12.7,1010.6,1015.1,47.1
119,2024-06-06 18:00:00,27.6,0.0,3.1,260.0,44.0,16.1,14.1,1009.2,1013.7,39.1
119,2024-06-06 21:00:00,21.0,0.0,1.9,260.0,65.0,15.9,13.9,1010.7,1015.3,24.8
119,2024-06-07 00:00:00,18.3,0.0,1.0,270.0,77.0,16.1,14.1,1011.7,1016.4,20.6
119,2024-06-07 03:00:00,16.4,0.0,0.8,250.0,81.0,15.0,13.0,1011.4,1016.1,18.4
119,2024-06-07 06:00:00,15.9,0.0,0.4,0.0,85.0,15.3,13.3,1011.1,1015.8,17.5
119,2024-06-07 09:00:00,19.9,0.0,1.1,240.0,65.0,14.8,12.8,1011.2,1015.8,25.1
119,2024-06-07 12:00:00,24.3,0.0,1.8,280.0,41.0,12.4,10.2,1009.8,1014.3,37.0
119,2024-06-07 15:00:00,26.1,0.0,2.1,260.0,42.0,14.2,12.1,1008.0,1012.6,39.7
119,2024-06-07 18:00:00,26.3,0.0,2.3,290.0,44.0,15.1,13.1,1006.4,1010.9,34.4
119,2024-06-07 21:00:00,22.3,0.0,2.0,290.0,53.0,14.3,12.2,1006.9,1011.5,25.1
119,2024-06-08 00:00:00,19.6,0.0,1.2,280.0,70.0,15.9,13.9,1007.8,1012.4,21.4
119,2024-06-08 03:00:00,18.2,0.1,1.1,280.0,78.0,16.3,14.3,1007.1,1011.8,20.1
119,2024-06-08 06:00:00,17.8,0.0,1.1,10.0,81.0,16.4,14.4,1006.0,1010.7,19.7
119,2024-06-08 09:00:00,17.3,6.7,1.9,110.0,90.0,17.8,15.7,1005.7,1010.4,19.2
119,2024-06-08 12:00:00,18.8,6.6,0.9,80.0,90.0,19.4,17.0,1005.3,1009.9,22.3
119,2024-06-08 15:00:00,22.8,0.0,2.6,260.0,74.0,20.4,17.8,1003.8,1008.4,29.1
119,2024-06-08 18:00:00,23.9,0.0,2.6,270.0,66.0,19.5,17.1,1002.9,1007.4,27.7
119,2024-06-08 21:00:00,21.0,0.0,1.7,260.0,75.0,18.5,16.3,1003.1,1007.7,21.5
119,2024-06-09 00:00:00,18.4,0.0,0.8,280.0,89.0,18.7,16.4,1003.9,1008.5,19.3
119,2024-06-09 03:00:00,17.6,0.0,1.0,270.0,93.0,18.6,16.4,1003.7,1008.3,18.6
119,2024-06-09 06:00:00,17.0,0.0,0.6,300.0,94.0,18.2,16.0,1004.0,1008.7,18.1
119,2024-06-09 09:00:00,20.4,0.0,1.0,290.0,81.0,19.3,17.0,1004.1,1008.7,23.9
119,2024-06-09 12:00:00,24.6,0.0,1.5,230.0,57.0,17.4,15.3,1003.6,1008.1,33.2
119,2024-06-09 15:00:00,26.8,0.0,2.4,270.0,56.0,19.8,17.4,1002.8,1007.3,36.0
119,2024-06-09 18:00:00,26.0,0.0,3.7,290.0,54.0,17.9,15.8,1002.7,1007.2,32.4
119,2024-06-09 21:00:00,21.6,0.0,1.6,320.0,71.0,18.4,16.2,1003.4,1008.0,23.1
119,2024-06-10 00:00:00,19.4,0.0,1.0,250.0,83.0,18.7,16.4,1004.4,1009.0,20.2
119,2024-06-10 03:00:00,17.8,0.0,0.3,330.0,89.0,18.1,15.9,1004.1,1008.7,18.7
119,2024-06-10 06:00:00,17.2,0.0,0.7,30.0,93.0,18.2,16.0,1004.8,1009.5,17.8
119,2024-06-10 09:00:00,21.5,0.0,2.4,160.0,78.0,19.8,17.3,1004.5,1009.1,23.1
119,2024-06-10 12:00:00,26.1,0.0,3.0,180.0,54.0,18.2,16.0,1002.8,1007.3,35.0
119,2024-06-10 15:00:00,29.3,0.0,3.0,190.0,48.0,19.4,17.0,1000.9,1005.4,41.1
119,2024-06-10 18:00:00,28.3,0.0,3.7,240.0,53.0,20.5,17.9,1000.7,1005.2,34.4
119,2024-06-10 21:00:00,24.7,0.0,2.7,240.0,67.0,20.7,18.1,1001.7,1006.2,25.7
119,2024-06-11 00:00:00,22.0,0.0,1.7,250.0,81.0,21.4,18.5,1003.4,1008.0,22.6
119,2024-06-11 03:00:00,21.5,0.0,2.1,200.0,82.0,21.0,18.3,1003.4,1008.0,22.3
119,2024-06-11 06:00:00,21.0,0.0,1.9,160.0,85.0,21.0,18.3,1004.0,1008.6,21.6
119,2024-06-11 09:00:00,22.5,0.0,2.0,180.0,76.0,20.5,17.9,1004.3,1008.9,25.3
119,2024-06-11 12:00:00,25.9,0.0,2.0,200.0,62.0,20.7,18.0,1003.2,1007.7,37.2
119,2024-06-11 15:00:00,29.2,0.0,2.4,230.0,50.0,20.1,17.6,1001.6,1006.1,44.7
119,2024-06-11 18:00:00,28.3,0.0,3.0,270.0,48.0,18.3,16.1,1001.3,1005.8,37.5
119,2024-06-11 21:00:00,23.4,0.0,2.3,280.0,60.0,17.2,15.2,1002.2,1006.7,25.9
119,2024-06-12 00:00:00,20.0,0.0,0.9,270.0,79.0,18.4,16.2,1002.5,1007.1,21.5
119,2024-06-12 03:00:00,17.6,0.0,0.6,300.0,90.0,18.0,15.8,1001.6,1006.2,19.1
119,2024-06-12 06:00:00,17.0,0.0,1.3,290.0,94.0,18.0,15.9,1003.0,1007.7,18.2
119,2024-06-12 09:00:00,22.0,0.0,1.8,270.0,71.0,18.6,16.3,1003.3,1007.9,24.8
119,2024-06-12 12:00:00,26.6,0.0,2.9,150.0,45.0,15.6,13.6,1001.4,1005.9,40.1
119,2024-06-12 15:00:00,30.1,0.0,2.8,230.0,37.0,15.8,13.8,999.8,1004.2,47.4
119,2024-06-12 18:00:00,28.2,0.0,3.4,270.0,47.0,17.7,15.5,999.7,1004.2,37.7
119,2024-06-12 21:00:00,22.9,0.0,2.2,300.0,56.0,15.5,13.5,1000.5,1005.1,25.5
127,2024-06-06 00:00:00,20.7,0.0,1.0,70.0,62.0,14.9,12.9,1004.1,1017.4,20.4
127,2024-06-06 03:00:00,17.5,0.0,0.9,110.0,73.0,14.6,12.6,1003.9,1017.4,18.8
127,2024-06-06 06:00:00,16.2,0.0,0.3,30.0,80.0,14.7,12.7,1003.8,1017.3,18.0
127,2024-06-06 09:00:00,19.3,0.0,0.5,360.0,72.0,16.1,14.1,1004.2,1017.5,22.7
127,2024-06-06 12:00:00,24.4,0.0,1.0,240.0,51.0,15.5,13.5,1003.5,1016.6,33.6
127,2024-06-06 15:00:00,27.2,0.0,2.3,220.0,43.0,15.6,13.6,1001.8,1014.8,44.3
127,2024-06-06 18:00:00,28.6,0.0,2.9,220.0,29.0,11.3,8.6,1000.1,1013.0,35.2
127,2024-06-06 21:00:00,23.3,0.0,1.4,110.0,40.0,11.0,8.3,1000.9,1014.0,22.7
127,2024-06-07 00:00:00,19.0,0.0,1.0,320.0,61.0,13.3,11.2,1002.0,1015.4,19.2
127,2024-06-07 03:00:00,16.1,0.0,0.7,60.0,80.0,14.7,12.7,1001.9,1015.4,17.6
127,2024-06-07 06:00:00,15.1,0.0,0.9,60.0,86.0,14.8,12.8,1001.6,1015.2,17.0
127,2024-06-07 09:00:00,19.2,0.0,0.9,0.0,71.0,15.7,13.7,1002.0,1015.4,23.4
127,2024-06-07 12:00:00,24.2,0.0,1.2,320.0,55.0,16.5,14.5,1000.5,1013.6,33.8
127,2024-06-07 15:00:00,26.5,0.0,1.2,30.0,49.0,16.8,14.8,998.4,1011.4,39.3
127,2024-06-07 18:00:00,26.8,0.0,1.2,260.0,49.0,17.1,15.0,997.0,1009.9,32.0
127,2024-06-07 21:00:00,23.5,0.0,0.7,110.0,62.0,17.9,15.8,997.1,1010.2,24.1
127,2024-06-08 00:00:00,20.8,0.0,0.6,330.0,80.0,19.5,17.1,998.1,1011.3,21.6
127,2024-06-08 03:00:00,19.4,0.0,0.3,360.0,85.0,19.1,16.8,997.5,1010.7,20.9
127,2024-06-08 06:00:00,18.7,0.0,0.2,10.0,89.0,19.1,16.7,996.8,1010.1,20.4
127,2024-06-08 09:00:00,19.1,0.3,0.8,300.0,90.0,19.8,17.3,996.5,1009.7,22.3
127,2024-06-08 12:00:00,19.4,0.8,0.6,230.0,88.0,19.7,17.3,996.2,1009.4,22.5
127,2024-06-08 15:00:00,19.4,3.9,0.7,40.0,90.0,20.1,17.6,995.4,1008.7,23.5
127,2024-06-08 18:00:00,22.8,0.0,1.1,130.0,74.0,20.4,17.8,994.1,1007.1,28.5
127,2024-06-08 21:00:00,20.7,0.0,1.2,110.0,81.0,19.7,17.2,993.9,1007.1,21.5
127,2024-06-09 00:00:00,19.0,0.0,1.2,50.0,86.0,18.7,16.5,994.4,1007.7,19.3
127,2024-06-09 03:00:00,18.0,0.0,0.3,0.0,91.0,18.7,16.4,994.3,1007.6,19.2
127,2024-06-09 06:00:00,18.1,0.0,0.3,30.0,92.0,19.0,16.7,994.8,1008.1,19.2
127,2024-06-09 09:00:00,20.8,0.0,0.9,350.0,81.0,19.8,17.3,994.8,1008.0,24.4
127,2024-06-09 12:00:00,24.5,0.0,1.1,200.0,63.0,19.1,16.8,994.5,1007.5,35.0
127,2024-06-09 15:00:00,27.8,0.0,1.7,260.0,50.0,18.6,16.4,993.2,1006.1,48.5
127,2024-06-09 18:00:00,28.3,0.0,1.5,330.0,50.0,19.1,16.8,992.6,1005.4,37.2
127,2024-06-09 21:00:00,24.7,0.0,2.1,270.0,57.0,17.4,15.3,993.4,1006.4,24.1
127,2024-06-10 00:00:00,19.3,0.0,0.7,100.0,82.0,18.2,16.0,994.7,1008.0,20.5
127,2024-06-10 03:00:00,17.7,0.0,0.5,30.0,88.0,17.8,15.6,994.6,1008.0,18.9
127,2024-06-10 06:00:00,16.7,0.0,0.5,30.0,93.0,17.5,15.5,995.5,1009.0,18.0
127,2024-06-10 09:00:00,20.7,0.0,0.4,0.0,81.0,19.5,17.1,995.9,1009.1,25.6
127,2024-06-10 12:00:00,26.3,0.0,1.3,300.0,58.0,19.6,17.2,994.3,1007.2,41.7
127,2024-06-10 15:00:00,29.4,0.0,1.8,240.0,46.0,18.8,16.6,992.2,1005.0,50.4
127,2024-06-10 18:00:00,29.8,0.0,3.2,250.0,47.0,19.5,17.1,991.4,1004.2,36.8
127,2024-06-10 21:00:00,27.0,0.0,1.6,220.0,56.0,19.7,17.3,992.3,1005.2,26.0
127,2024-06-11 00:00:00,21.8,0.0,0.8,110.0,75.0,19.4,17.0,993.8,1006.9,22.0
127,2024-06-11 03:00:00,19.4,0.0,0.5,70.0,82.0,18.4,16.2,994.3,1007.5,20.0
127,2024-06-11 06:00:00,18.4,0.0,0.3,30.0,88.0,18.5,16.3,994.9,1008.2,19.6
127,2024-06-11 09:00:00,22.1,0.0,0.5,330.0,74.0,19.6,17.2,995.3,1008.4,26.3
127,2024-06-11 12:00:00,26.1,0.0,1.8,260.0,58.0,19.5,17.1,994.3,1007.2,41.9
127,2024-06-11 15:00:00,29.9,0.0,1.9,280.0,48.0,20.2,17.7,992.4,1005.2,53.9
127,2024-06-11 18:00:00,30.7,0.0,2.1,300.0,47.0,20.7,18.0,991.5,1004.2,39.9
127,2024-06-11 21:00:00,27.1,0.0,1.3,340.0,58.0,20.4,17.8,992.1,1005.0,26.3
127,2024-06-12 00:00:00,21.8,0.0,0.8,90.0,79.0,20.6,18.0,992.8,1005.9,22.4
127,2024-06-12 03:00:00,19.3,0.0,0.4,30.0,86.0,19.1,16.8,992.0,1005.2,20.3
127,2024-06-12 06:00:00,17.7,0.0,0.6,80.0,92.0,18.5,16.3,993.2,1006.5,19.2
127,2024-06-12 09:00:00,22.1,0.0,1.2,360.0,75.0,19.7,17.3,994.4,1007.5,27.8
127,2024-06-12 12:00:00,27.4,0.0,1.2,220.0,41.0,15.0,13.0,992.8,1005.6,43.7
127,2024-06-12 15:00:00,31.6,0.0,1.6,280.0,28.0,12.9,10.7,990.4,1003.1,57.6
127,2024-06-12 18:00:00,32.4,0.0,2.5,300.0,27.0,13.2,11.1,989.5,1002.1,41.5
127,2024-06-12 21:00:00,27.4,0.0,1.2,340.0,45.0,15.9,13.9,990.2,1003.0,26.1
133,2024-06-06 00:00:00,20.8,0.0,2.3,200.0,66.0,16.2,14.2,1010.6,1018.5,20.4
133,2024-06-06 03:00:00,19.0,0.0,0.7,310.0,70.0,15.3,13.3,1010.2,1018.1,18.7
133,2024-06-06 06:00:00,17.9,0.0,0.7,350.0,81.0,16.4,14.4,1009.8,1017.7,18.5
133,2024-06-06 09:00:00,21.0,0.0,1.1,240.0,63.0,15.6,13.6,1010.4,1018.3,26.0
133,2024-06-06 12:00:00,25.0,0.0,1.2,130.0,49.0,15.5,13.5,1009.5,1017.3,45.1
133,2024-06-06 15:00:00,28.0,0.0,2.4,70.0,35.0,13.2,11.1,1007.8,1015.5,51.5
133,2024-06-06 18:00:00,28.1,0.0,2.2,120.0,40.0,15.0,13.0,1006.3,1014.0,40.9
133,2024-06-06 21:00:00,23.6,0.0,2.5,200.0,51.0,14.9,12.9,1007.5,1015.3,24.3
133,2024-06-07 00:00:00,20.5,0.0,1.7,250.0,58.0,13.8,11.8,1008.4,1016.3,19.5
133,2024-06-07 03:00:00,17.7,0.0,0.7,300.0,74.0,14.9,12.9,1008.2,1016.1,17.4
133,2024-06-07 06:00:00,16.7,0.0,1.0,290.0,79.0,15.0,13.0,1007.8,1015.8,16.8
133,2024-06-07 09:00:00,20.6,0.0,0.7,60.0,63.0,15.1,13.1,1008.0,1015.9,27.0
133,2024-06-07 12:00:00,25.4,0.0,1.5,60.0,48.0,15.4,13.4,1006.5,1014.2,44.9
133,2024-06-07 15:00:00,27.8,0.0,1.2,110.0,41.0,15.3,13.3,1004.5,1012.2,46.6
133,2024-06-07 18:00:00,26.5,0.0,2.4,340.0,46.0,15.8,13.8,1003.1,1010.8,33.3
133,2024-06-07 21:00:00,24.5,0.0,1.7,280.0,54.0,16.4,14.4,1003.8,1011.5,24.9
133,2024-06-08 00:00:00,22.3,0.0,1.5,220.0,55.0,14.7,12.7,1004.6,1012.4,22.6
133,2024-06-08 03:00:00,18.7,0.1,1.5,10.0,82.0,17.5,15.4,1004.1,1012.0,19.5
133,2024-06-08 06:00:00,18.0,1.7,0.5,20.0,90.0,18.5,16.3,1003.0,1010.9,19.3
133,2024-06-08 09:00:00,18.3,1.4,0.2,0.0,94.0,19.8,17.3,1002.7,1010.6,21.0
133,2024-06-08 12:00:00,19.7,1.5,1.2,220.0,88.0,20.2,17.7,1002.4,1010.2,23.9
133,2024-06-08 15:00:00,22.9,0.0,3.1,230.0,78.0,21.6,18.7,1001.2,1008.9,30.2
133,2024-06-08 18:00:00,25.2,0.0,2.1,210.0,62.0,19.7,17.3,999.9,1007.6,30.0
133,2024-06-08 21:00:00,22.3,0.0,2.3,160.0,75.0,20.2,17.7,1000.0,1007.8,22.2
133,2024-06-09 00:00:00,20.0,0.0,1.2,140.0,86.0,20.1,17.6,1000.4,1008.3,19.4
133,2024-06-09 03:00:00,19.0,0.0,0.9,10.0,91.0,19.9,17.4,1000.4,1008.2,19.4
133,2024-06-09 06:00:00,19.1,0.0,0.7,30.0,89.0,19.5,17.1,1000.7,1008.5,19.4
133,2024-06-09 09:00:00,21.4,0.0,1.0,90.0,78.0,19.7,17.3,1000.9,1008.6,24.6
133,2024-06-09 12:00:00,25.1,0.0,1.2,180.0,58.0,18.3,16.1,1000.7,1008.4,37.7
133,2024-06-09 15:00:00,28.8,0.0,1.7,360.0,47.0,18.4,16.2,999.5,1007.1,49.3
133,2024-06-09 18:00:00,29.7,0.0,2.6,330.0,43.0,17.7,15.6,998.8,1006.4,40.6
133,2024-06-09 21:00:00,25.1,0.0,1.6,310.0,66.0,20.9,18.2,999.8,1007.4,25.7
133,2024-06-10 00:00:00,22.2,0.0,1.7,240.0,71.0,19.1,16.7,1001.1,1008.9,21.4
133,2024-06-10 03:00:00,20.0,0.0,1.7,240.0,75.0,17.4,15.3,1000.9,1008.7,19.3
133,2024-06-10 06:00:00,18.0,0.0,0.9,270.0,87.0,17.9,15.8,1001.9,1009.8,18.1
133,2024-06-10 09:00:00,21.1,0.0,1.9,190.0,76.0,18.8,16.6,1002.2,1010.0,25.9
133,2024-06-10 12:00:00,26.8,0.0,3.4,200.0,48.0,16.8,14.8,1000.6,1008.2,43.9
133,2024-06-10 15:00:00,30.5,0.0,2.4,230.0,41.0,17.8,15.7,998.6,1006.1,50.9
133,2024-06-10 18:00:00,29.7,0.0,2.6,240.0,45.0,18.5,16.3,998.2,1005.7,38.8
133,2024-06-10 21:00:00,26.2,0.0,2.2,230.0,52.0,17.4,15.3,999.3,1006.9,26.1
133,2024-06-11 00:00:00,23.7,0.0,2.3,210.0,58.0,16.9,14.9,1000.5,1008.2,22.3
133,2024-06-11 03:00:00,22.7,0.0,2.2,210.0,61.0,16.6,14.6,1000.5,1008.2,20.7
133,2024-06-11 06:00:00,21.9,0.0,2.4,200.0,65.0,17.1,15.0,1001.0,1008.8,20.1
133,2024-06-11 09:00:00,23.8,0.0,2.8,200.0,61.0,17.9,15.8,1001.3,1009.0,28.0
133,2024-06-11 12:00:00,28.3,0.0,2.5,190.0,47.0,17.9,15.8,1000.3,1007.9,48.3
133,2024-06-11 15:00:00,30.7,0.0,2.0,280.0,42.0,18.7,16.4,998.6,1006.2,53.8
133,2024-06-11 18:00:00,30.5,0.0,2.1,260.0,46.0,19.8,17.4,998.0,1005.5,42.1
133,2024-06-11 21:00:00,26.6,0.0,1.5,230.0,50.0,17.3,15.2,998.6,1006.3,26.5
133,2024-06-12 00:00:00,23.1,0.0,1.5,260.0,64.0,18.1,15.9,999.2,1006.9,21.8
133,2024-06-12 03:00:00,20.8,0.0,1.8,210.0,70.0,17.1,15.0,998.4,1006.2,19.5
133,2024-06-12 06:00:00,19.0,0.0,1.0,310.0,82.0,17.9,15.8,999.3,1007.1,18.3
133,2024-06-12 09:00:00,22.6,0.0,1.6,340.0,66.0,17.8,15.7,1000.5,1008.3,27.6
133,2024-06-12 12:00:00,27.2,0.0,1.4,30.0,41.0,14.7,12.7,999.3,1006.9,49.8
133,2024-06-12 15:00:00,31.3,0.0,1.2,180.0,25.0,11.3,8.8,997.0,1004.5,57.6
133,2024-06-12 18:00:00,32.7,0.0,2.3,320.0,22.0,11.0,8.4,995.8,1003.3,45.5
133,2024-06-12 21:00:00,26.5,0.0,2.3,20.0,46.0,15.6,13.6,996.6,1004.2,26.7
140,2024-06-06 00:00:00,18.5,0.0,1.2,190.0,92.0,19.5,17.1,1016.3,1019.6,19.6
140,2024-06-06 03:00:00,17.9,0.0,0.8,340.0,95.0,19.3,17.0,1015.7,1019.0,18.9
140,2024-06-06 06:00:00,17.2,0.0,0.8,100.0,97.0,19.0,16.7,1015.2,1018.5,18.2
140,2024-06-06 09:00:00,19.5,0.0,1.7,150.0,90.0,20.1,17.6,1015.9,1019.2,23.8
140,2024-06-06 12:00:00,22.7,0.0,3.1,300.0,68.0,18.7,16.4,1015.0,1018.2,37.6
140,2024-06-06 15:00:00,23.8,0.0,4.0,300.0,53.0,15.7,13.7,1014.0,1017.2,45.3
140,2024-06-06 18:00:00,22.9,0.0,4.2,310.0,62.0,17.2,15.1,1013.0,1016.2,36.5
140,2024-06-06 21:00:00,19.8,0.0,2.9,280.0,74.0,17.1,15.0,1013.5,1016.8,23.0
140,2024-06-07 00:00:00,17.7,0.0,0.6,350.0,81.0,16.3,14.3,1014.2,1017.5,18.9
140,2024-06-07 03:00:00,16.2,0.0,0.5,30.0,89.0,16.3,14.3,1013.6,1016.9,17.3
140,2024-06-07 06:00:00,15.5,0.0,0.8,20.0,93.0,16.3,14.3,1013.2,1016.5,16.6
140,2024-06-07 09:00:00,19.1,0.0,1.1,290.0,84.0,18.3,16.1,1013.2,1016.5,24.0
140,2024-06-07 12:00:00,24.7,0.0,2.1,290.0,52.0,16.2,14.1,1012.0,1015.2,39.5
140,2024-06-07 15:00:00,24.6,0.0,2.9,260.0,56.0,17.4,15.3,1010.2,1013.4,39.1
140,2024-06-07 18:00:00,23.5,0.0,2.9,280.0,49.0,14.2,12.2,1009.3,1012.5,32.4
140,2024-06-07 21:00:00,22.0,0.0,1.9,260.0,56.0,14.6,12.6,1009.8,1013.0,24.4
140,2024-06-08 00:00:00,20.1,0.0,0.8,80.0,64.0,15.1,13.1,1010.1,1013.3,22.0
140,2024-06-08 03:00:00,19.5,0.0,0.8,70.0,74.0,16.7,14.7,1008.7,1011.9,20.8
140,2024-06-08 06:00:00,18.3,0.3,0.6,30.0,92.0,19.1,16.8,1007.9,1011.2,19.9
140,2024-06-08 09:00:00,19.5,0.1,2.1,100.0,89.0,20.0,17.5,1007.7,1010.9,21.8
140,2024-06-08 12:00:00,21.5,0.0,3.6,150.0,84.0,21.5,18.7,1007.5,1010.7,26.2
140,2024-06-08 15:00:00,23.9,0.0,3.2,250.0,76.0,22.3,19.2,1006.4,1009.6,34.4
140,2024-06-08 18:00:00,24.6,0.0,2.5,260.0,70.0,21.4,18.6,1005.2,1008.4,34.4
140,2024-06-08 21:00:00,21.6,0.0,1.8,290.0,81.0,20.8,18.1,1005.4,1008.6,24.2
140,2024-06-09 00:00:00,19.3,0.0,0.1,0.0,91.0,20.3,17.7,1005.6,1008.8,20.3
140,2024-06-09 03:00:00,19.1,0.0,0.5,10.0,96.0,21.3,18.5,1005.6,1008.8,19.7
140,2024-06-09 06:00:00,18.8,0.0,0.3,0.0,97.0,20.9,18.2,1005.6,1008.8,18.9
140,2024-06-09 09:00:00,20.7,0.0,1.8,320.0,92.0,22.3,19.2,1005.9,1009.1,24.5
140,2024-06-09 12:00:00,24.4,0.0,1.7,200.0,71.0,21.5,18.6,1006.3,1009.5,38.2
140,2024-06-09 15:00:00,25.2,0.0,4.3,290.0,70.0,22.3,19.2,1005.8,1009.0,47.4
140,2024-06-09 18:00:00,24.6,0.0,4.1,290.0,61.0,18.8,16.5,1005.3,1008.5,38.0
140,2024-06-09 21:00:00,22.4,0.0,2.6,280.0,67.0,17.9,15.7,1005.8,1009.0,24.4
140,2024-06-10 00:00:00,19.9,0.0,1.2,290.0,88.0,20.5,17.9,1006.9,1010.1,20.4
140,2024-06-10 03:00:00,18.3,0.0,1.3,90.0,96.0,20.0,17.5,1006.4,1009.6,18.7
140,2024-06-10 06:00:00,17.8,0.0,0.8,100.0,96.0,19.5,17.1,1007.3,1010.6,18.2
140,2024-06-10 09:00:00,20.5,0.0,2.8,130.0,88.0,21.1,18.3,1007.6,1010.8,25.6
140,2024-06-10 12:00:00,26.4,0.0,3.4,130.0,58.0,19.7,17.3,1005.8,1009.0,41.9
140,2024-06-10 15:00:00,29.5,0.0,3.0,210.0,49.0,19.9,17.5,1004.7,1007.8,49.6
140,2024-06-10 18:00:00,28.5,0.0,3.5,190.0,52.0,20.1,17.6,1004.2,1007.3,39.8
140,2024-06-10 21:00:00,24.7,0.0,3.0,190.0,62.0,19.2,16.9,1005.2,1008.4,26.8
140,2024-06-11 00:00:00,23.5,0.0,2.5,160.0,62.0,17.9,15.8,1006.2,1009.4,23.0
140,2024-06-11 03:00:00,21.9,0.0,1.5,150.0,73.0,19.1,16.8,1006.2,1009.4,21.1
140,2024-06-11 06:00:00,20.1,0.0,1.8,100.0,82.0,19.2,16.8,1006.4,1009.6,19.7
140,2024-06-11 09:00:00,23.0,0.0,1.6,160.0,73.0,20.5,17.8,1006.9,1010.1,33.5
140,2024-06-11 12:00:00,25.7,0.0,2.4,280.0,68.0,22.1,19.1,1006.1,1009.3,48.0
140,2024-06-11 15:00:00,27.3,0.0,4.4,280.0,58.0,20.8,18.1,1004.9,1008.1,48.6
140,2024-06-11 18:00:00,25.2,0.0,3.9,270.0,64.0,20.5,17.9,1004.5,1007.7,37.6
140,2024-06-11 21:00:00,21.7,0.0,2.9,280.0,85.0,21.9,18.9,1004.7,1007.9,23.7
140,2024-06-12 00:00:00,20.1,0.0,1.7,270.0,94.0,21.9,19.0,1005.1,1008.3,20.0
140,2024-06-12 03:00:00,19.0,0.0,1.3,60.0,98.0,21.3,18.5,1003.6,1006.8,18.3
140,2024-06-12 06:00:00,18.2,0.0,0.8,330.0,98.0,20.4,17.8,1004.6,1007.8,18.9
140,2024-06-12 09:00:00,20.3,0.0,1.3,310.0,84.0,19.6,17.2,1006.0,1009.2,31.8
140,2024-06-12 12:00:00,27.0,0.0,2.0,140.0,48.0,17.2,15.1,1004.5,1007.6,48.4
140,2024-06-12 15:00:00,30.3,0.0,2.6,310.0,35.0,15.2,13.2,1002.5,1005.6,54.2
140,2024-06-12 18:00:00,28.3,0.0,4.2,280.0,51.0,19.5,17.1,1001.8,1004.9,40.1
140,2024-06-12 21:00:00,24.0,0.0,3.4,280.0,55.0,16.4,14.3,1002.6,1005.8,25.1
152,2024-06-06 00:00:00,16.8,0.0,1.0,30.0,82.0,15.6,13.6,1009.9,1019.5,18.6
152,2024-06-06 03:00:00,16.2,0.0,0.4,20.0,88.0,16.1,14.1,1008.9,1018.5,17.7
152,2024-06-06 06:00:00,15.4,0.0,0.8,330.0,88.0,15.4,13.4,1008.7,1018.4,17.4
152,2024-06-06 09:00:00,17.4,0.0,0.5,330.0,81.0,15.9,13.9,1009.0,1018.5,22.7
152,2024-06-06 12:00:00,22.3,0.0,1.1,350.0,52.0,13.8,11.7,1008.1,1017.5,37.3
152,2024-06-06 15:00:00,23.2,0.0,2.0,190.0,60.0,16.9,14.9,1007.2,1016.5,38.4
152,2024-06-06 18:00:00,23.6,0.0,1.5,140.0,59.0,17.0,15.0,1005.8,1015.1,35.4
152,2024-06-06 21:00:00,20.0,0.0,0.7,160.0,75.0,17.3,15.3,1006.3,1015.7,23.4
152,2024-06-07 00:00:00,18.7,0.0,0.8,110.0,84.0,18.0,15.9,1006.9,1016.3,20.2
152,2024-06-07 03:00:00,17.1,0.0,1.3,10.0,91.0,17.6,15.5,1006.1,1015.6,17.7
152,2024-06-07 06:00:00,15.9,0.0,0.8,350.0,94.0,16.9,14.8,1005.6,1015.2,16.0
152,2024-06-07 09:00:00,21.4,0.0,0.8,100.0,72.0,18.1,15.9,1005.7,1015.1,25.9
152,2024-06-07 12:00:00,25.7,0.0,1.7,150.0,51.0,16.9,14.9,1004.5,1013.8,43.9
152,2024-06-07 15:00:00,25.4,0.0,2.2,150.0,51.0,16.6,14.5,1003.4,1012.6,46.2
152,2024-06-07 18:00:00,24.3,0.0,1.5,180.0,52.0,15.6,13.6,1002.5,1011.7,35.9
152,2024-06-07 21:00:00,21.5,0.0,0.1,0.0,66.0,16.7,14.7,1003.0,1012.4,24.3
152,2024-06-08 00:00:00,19.7,0.0,0.0,0.0,71.0,16.2,14.2,1003.6,1013.0,20.8
152,2024-06-08 03:00:00,19.7,0.0,1.4,330.0,67.0,15.4,13.4,1003.0,1012.4,20.8
152,2024-06-08 06:00:00,17.5,0.1,0.0,0.0,88.0,17.5,15.4,1002.2,1011.7,19.4
152,2024-06-08 09:00:00,20.8,0.0,0.8,340.0,70.0,17.1,15.0,1001.8,1011.2,24.7
152,2024-06-08 12:00:00,21.9,2.0,2.3,160.0,70.0,17.9,15.8,1001.4,1010.7,28.0
152,2024-06-08 15:00:00,19.3,6.5,1.2,200.0,91.0,20.3,17.7,1001.2,1010.6,22.2
152,2024-06-08 18:00:00,18.9,5.6,1.8,190.0,93.0,20.2,17.7,1000.4,1009.8,22.0
152,2024-06-08 21:00:00,18.6,1.1,0.6,140.0,93.0,19.9,17.5,1000.2,1009.6,21.0
152,2024-06-09 00:00:00,18.5,1.2,0.7,130.0,94.0,20.1,17.6,999.8,1009.2,20.5
152,2024-06-09 03:00:00,18.4,0.2,0.0,0.0,94.0,19.9,17.4,999.0,1008.4,20.3
152,2024-06-09 06:00:00,18.3,2.2,0.0,0.0,96.0,20.1,17.6,998.9,1008.3,20.2
152,2024-06-09 09:00:00,19.5,0.7,0.0,0.0,95.0,21.5,18.6,998.8,1008.1,23.4
152,2024-06-09 12:00:00,20.5,0.5,0.4,30.0,90.0,21.6,18.7,998.7,1008.1,24.8
152,2024-06-09 15:00:00,21.3,0.1,0.3,110.0,86.0,21.7,18.8,998.0,1007.3,25.5
152,2024-06-09 18:00:00,22.8,0.0,1.1,180.0,77.0,21.4,18.6,997.2,1006.4,28.2
152,2024-06-09 21:00:00,19.7,0.0,0.4,0.0,87.0,20.0,17.5,997.9,1007.2,21.4
152,2024-06-10 00:00:00,19.3,0.0,0.5,330.0,94.0,20.9,18.2,998.7,1008.1,20.9
152,2024-06-10 03:00:00,18.9,0.0,0.3,10.0,94.0,20.4,17.8,998.6,1007.9,19.4
152,2024-06-10 06:00:00,17.2,0.0,0.7,0.0,97.0,19.0,16.7,998.8,1008.3,18.2
152,2024-06-10 09:00:00,22.0,0.0,0.3,350.0,84.0,22.0,19.0,999.0,1008.3,24.5
152,2024-06-10 12:00:00,28.4,0.0,1.0,210.0,46.0,17.7,15.6,997.8,1006.8,36.3
152,2024-06-10 15:00:00,29.0,0.0,1.8,150.0,53.0,21.1,18.4,996.4,1005.4,40.5
152,2024-06-10 18:00:00,26.3,0.0,1.4,150.0,60.0,20.3,17.7,995.6,1004.7,34.1
152,2024-06-10 21:00:00,24.4,0.0,1.1,220.0,67.0,20.5,17.9,996.5,1005.7,24.9
152,2024-06-11 00:00:00,21.7,0.0,0.8,190.0,77.0,20.0,17.5,997.8,1007.1,21.4
152,2024-06-11 03:00:00,20.2,0.0,1.1,350.0,86.0,20.2,17.7,997.7,1007.1,20.0
152,2024-06-11 06:00:00,19.8,0.0,0.6,300.0,88.0,20.2,17.6,998.4,1007.7,19.4
152,2024-06-11 09:00:00,24.5,0.0,1.8,330.0,69.0,20.8,18.2,998.4,1007.6,25.8
152,2024-06-11 12:00:00,29.4,0.0,2.2,290.0,45.0,18.2,16.0,996.9,1006.0,41.5
152,2024-06-11 15:00:00,30.7,0.0,1.6,150.0,43.0,18.9,16.6,995.2,1004.2,49.2
152,2024-06-11 18:00:00,27.9,0.0,1.3,180.0,53.0,20.0,17.5,994.8,1003.9,37.3
152,2024-06-11 21:00:00,24.2,0.0,0.2,340.0,65.0,19.6,17.2,995.6,1004.8,26.6
152,2024-06-12 00:00:00,23.8,0.0,0.7,300.0,66.0,19.5,17.1,996.1,1005.3,23.2
152,2024-06-12 03:00:00,22.1,0.0,0.5,340.0,71.0,19.0,16.7,995.4,1004.6,21.4
152,2024-06-12 06:00:00,20.9,0.0,1.0,330.0,77.0,19.0,16.7,995.6,1004.9,20.5
152,2024-06-12 09:00:00,24.9,0.0,1.3,290.0,66.0,20.5,17.9,996.2,1005.4,27.6
152,2024-06-12 12:00:00,29.9,0.0,1.7,30.0,51.0,21.3,18.5,995.5,1004.5,44.8
152,2024-06-12 15:00:00,29.2,0.0,1.9,170.0,50.0,20.2,17.7,994.3,1003.3,49.7
152,2024-06-12 18:00:00,26.0,0.0,0.4,160.0,60.0,20.2,17.6,994.1,1003.3,34.6
152,2024-06-12 21:00:00,24.3,0.0,0.3,20.0,65.0,19.7,17.3,994.3,1003.5,26.9
156,2024-06-06 00:00:00,20.7,0.0,0.8,300.0,91.0,22.1,19.1,1010.5,1018.7,20.5
156,2024-06-06 03:00:00,18.8,0.0,1.0,150.0,89.0,19.2,16.8,1010.2,1018.4,16.9
156,2024-06-06 06:00:00,18.5,0.0,0.7,20.0,94.0,20.0,17.5,1009.8,1018.0,17.8
156,2024-06-06 09:00:00,20.0,0.0,0.9,320.0,87.0,20.1,17.6,1010.2,1018.4,26.9
156,2024-06-06 12:00:00,23.9,0.0,1.2,230.0,63.0,18.5,16.3,1009.5,1017.5,47.1
156,2024-06-06 15:00:00,25.3,0.0,2.1,210.0,51.0,16.3,14.2,1008.7,1016.7,45.7
156,2024-06-06 18:00:00,25.9,0.0,1.6,200.0,47.0,15.8,13.8,1007.3,1015.3,41.2
156,2024-06-06 21:00:00,23.0,0.0,1.7,250.0,67.0,18.6,16.4,1007.5,1015.6,26.2
156,2024-06-07 00:00:00,20.9,0.0,0.3,330.0,77.0,18.9,16.6,1008.5,1016.7,20.7
156,2024-06-07 03:00:00,19.6,0.0,0.8,210.0,86.0,19.5,17.1,1007.8,1016.0,18.9
156,2024-06-07 06:00:00,18.8,0.0,0.4,0.0,96.0,20.9,18.2,1007.5,1015.7,17.6
156,2024-06-07 09:00:00,20.9,0.0,1.0,60.0,82.0,20.2,17.7,1007.4,1015.6,31.6
156,2024-06-07 12:00:00,24.8,0.0,1.0,360.0,61.0,19.1,16.8,1006.4,1014.4,42.6
156,2024-06-07 15:00:00,26.6,0.0,2.7,180.0,50.0,17.5,15.4,1004.8,1012.8,47.4
156,2024-06-07 18:00:00,25.0,0.0,3.0,210.0,58.0,18.1,16.0,1003.9,1011.9,34.9
156,2024-06-07 21:00:00,22.6,0.0,3.0,190.0,64.0,17.5,15.4,1004.6,1012.7,25.1
156,2024-06-08 00:00:00,20.9,0.0,0.3,20.0,78.0,19.1,16.8,1004.9,1013.0,22.5
156,2024-06-08 03:00:00,20.6,0.0,0.6,140.0,84.0,20.3,17.8,1003.6,1011.7,21.9
156,2024-06-08 06:00:00,19.6,0.0,1.0,50.0,95.0,21.6,18.7,1002.9,1011.0,20.8
156,2024-06-08 09:00:00,19.7,0.2,0.9,90.0,99.0,22.7,19.5,1002.5,1010.7,22.1
156,2024-06-08 12:00:00,20.2,4.8,0.8,240.0,99.0,23.4,20.0,1002.5,1010.6,23.3
156,2024-06-08 15:00:00,20.9,1.4,0.9,30.0,99.0,24.4,20.7,1001.3,1009.4,26.2
156,2024-06-08 18:00:00,20.9,0.1,1.2,60.0,99.0,24.5,20.7,1000.1,1008.2,25.0
156,2024-06-08 21:00:00,20.2,0.2,1.2,70.0,99.0,23.4,20.0,1000.0,1008.1,21.9
156,2024-06-09 00:00:00,19.7,0.0,0.9,60.0,99.0,22.6,19.5,1000.0,1008.2,20.9
156,2024-06-09 03:00:00,19.1,0.0,1.3,60.0,99.0,21.9,18.9,999.7,1007.8,19.3
156,2024-06-09 06:00:00,18.6,0.0,1.2,70.0,99.0,21.2,18.4,1000.0,1008.1,18.4
156,2024-06-09 09:00:00,21.3,0.0,0.8,40.0,98.0,24.8,21.0,1000.3,1008.4,26.8
156,2024-06-09 12:00:00,24.4,0.0,1.5,50.0,84.0,25.6,21.5,1000.4,1008.4,36.1
156,2024-06-09 15:00:00,26.9,0.0,1.1,340.0,65.0,22.8,19.6,999.9,1007.8,42.0
156,2024-06-09 18:00:00,27.9,0.0,1.1,290.0,63.0,23.5,20.1,999.0,1006.9,40.0
156,2024-06-09 21:00:00,24.5,0.0,0.9,310.0,80.0,24.5,20.7,1000.0,1007.9,23.3
156,2024-06-10 00:00:00,21.1,0.0,0.9,260.0,91.0,22.6,19.4,1001.6,1009.7,18.9
156,2024-06-10 03:00:00,19.5,0.0,0.6,220.0,98.0,22.2,19.2,1001.1,1009.2,17.3
156,2024-06-10 06:00:00,18.7,0.0,1.0,260.0,99.0,21.3,18.5,1002.2,1010.3,18.6
156,2024-06-10 09:00:00,21.1,0.0,0.6,20.0,96.0,23.9,20.3,1002.6,1010.7,28.6
156,2024-06-10 12:00:00,27.0,0.0,1.1,250.0,60.0,21.2,18.4,1000.9,1008.8,50.3
156,2024-06-10 15:00:00,30.5,0.0,2.0,250.0,50.0,21.9,19.0,999.5,1007.3,57.3
156,2024-06-10 18:00:00,30.2,0.0,2.2,250.0,51.0,21.8,18.9,998.9,1006.7,44.7
156,2024-06-10 21:00:00,26.0,0.0,2.1,260.0,63.0,21.1,18.4,1000.1,1008.1,25.7
156,2024-06-11 00:00:00,23.3,0.0,1.3,220.0,75.0,21.2,18.4,1001.5,1009.5,21.0
156,2024-06-11 03:00:00,21.6,0.0,1.0,200.0,91.0,23.3,20.0,1001.4,1009.5,19.1
156,2024-06-11 06:00:00,20.4,0.0,0.6,230.0,97.0,23.1,19.8,1001.5,1009.7,18.1
156,2024-06-11 09:00:00,22.6,0.0,0.6,230.0,90.0,24.4,20.7,1001.7,1009.7,31.0
156,2024-06-11 12:00:00,27.9,0.0,1.1,350.0,56.0,20.7,18.1,1000.4,1008.3,53.9
156,2024-06-11 15:00:00,30.6,0.0,1.7,260.0,50.0,22.1,19.1,998.8,1006.6,53.2
156,2024-06-11 18:00:00,29.6,0.0,2.0,280.0,58.0,24.0,20.4,998.3,1006.1,43.3
156,2024-06-11 21:00:00,25.7,0.0,1.1,270.0,74.0,24.2,20.6,998.9,1006.8,27.1
156,2024-06-12 00:00:00,23.3,0.0,0.5,280.0,90.0,25.7,21.5,999.4,1007.4,21.0
156,2024-06-12 03:00:00,21.2,0.0,0.4,330.0,98.0,24.7,20.9,998.3,1006.4,18.6
156,2024-06-12 06:00:00,20.1,0.0,0.5,280.0,99.0,23.3,19.9,999.0,1007.1,18.0
156,2024-06-12 09:00:00,22.8,0.0,0.4,360.0,93.0,25.7,21.5,999.6,1007.6,23.9
156,2024-06-12 12:00:00,27.6,0.0,1.1,10.0,57.0,20.9,18.1,998.7,1006.6,48.8
156,2024-06-12 15:00:00,31.4,0.0,0.9,320.0,43.0,19.7,17.3,996.8,1004.6,62.7
156,2024-06-12 18:00:00,31.9,0.0,1.4,310.0,40.0,18.9,16.6,995.6,1003.4,46.7
156,2024-06-12 21:00:00,26.1,0.0,1.1,310.0,63.0,21.3,18.5,997.1,1005.0,27.9
159,2024-06-06 00:00:00,18.4,0.0,2.1,70.0,78.0,16.4,14.4,1010.6,1018.8,18.6
159,2024-06-06 03:00:00,18.1,0.0,2.3,50.0,81.0,16.7,14.7,1009.7,1017.9,18.0
159,2024-06-06 06:00:00,17.9,0.0,2.1,60.0,79.0,16.2,14.2,1009.6,1017.8,17.8
159,2024-06-06 09:00:00,19.8,0.0,1.6,60.0,74.0,17.1,15.0,1009.8,1017.9,23.6
159,2024-06-06 12:00:00,22.1,0.0,2.4,110.0,70.0,18.5,16.3,1009.4,1017.4,32.1
159,2024-06-06 15:00:00,22.8,0.0,1.8,90.0,68.0,18.7,16.5,1008.6,1016.6,32.2
159,2024-06-06 18:00:00,21.6,0.0,3.4,180.0,73.0,18.8,16.5,1007.4,1015.4,27.1
159,2024-06-06 21:00:00,20.0,0.0,1.8,150.0,76.0,17.7,15.6,1007.6,1015.7,20.8
159,2024-06-07 00:00:00,19.2,0.0,1.3,40.0,82.0,18.1,16.0,1008.0,1016.1,18.0
159,2024-06-07 03:00:00,18.4,0.0,1.7,300.0,74.0,15.7,13.6,1007.1,1015.2,16.3
159,2024-06-07 06:00:00,17.7,0.0,0.2,0.0,71.0,14.4,12.4,1006.6,1014.8,15.1
159,2024-06-07 09:00:00,22.0,0.0,1.6,110.0,64.0,16.9,14.8,1006.9,1014.9,22.2
159,2024-06-07 12:00:00,24.8,0.0,3.0,170.0,57.0,17.9,15.7,1006.2,1014.1,43.8
159,2024-06-07 15:00:00,24.9,0.0,4.3,180.0,53.0,16.5,14.5,1005.2,1013.1,41.8
159,2024-06-07 18:00:00,23.3,0.0,3.7,190.0,61.0,17.5,15.4,1004.4,1012.3,29.4
159,2024-06-07 21:00:00,21.8,0.0,2.4,190.0,58.0,15.1,13.1,1004.7,1012.7,22.4
159,2024-06-08 00:00:00,20.6,0.0,1.7,190.0,66.0,16.0,14.0,1005.0,1013.1,20.2
159,2024-06-08 03:00:00,20.3,0.0,1.8,250.0,63.0,14.8,12.8,1004.2,1012.3,19.6
159,2024-06-08 06:00:00,19.7,0.0,0.3,350.0,71.0,16.3,14.3,1003.2,1011.3,19.3
159,2024-06-08 09:00:00,21.8,0.0,1.4,140.0,64.0,16.5,14.5,1002.9,1011.0,24.8
159,2024-06-08 12:00:00,21.7,1.1,2.1,180.0,79.0,20.2,17.6,1003.1,1011.1,24.8
159,2024-06-08 15:00:00,19.6,3.7,3.6,230.0,91.0,20.6,18.0,1002.3,1010.3,21.7
159,2024-06-08 18:00:00,19.3,7.4,1.0,160.0,93.0,20.6,18.0,1001.5,1009.5,21.1
159,2024-06-08 21:00:00,18.9,6.2,1.9,60.0,96.0,20.8,18.1,1000.9,1009.0,19.9
159,2024-06-09 00:00:00,18.8,16.2,2.9,90.0,95.0,20.6,17.9,1000.7,1008.8,19.4
159,2024-06-09 03:00:00,18.6,2.6,1.9,60.0,95.0,20.3,17.7,999.5,1007.6,19.4
159,2024-06-09 06:00:00,19.0,2.1,1.5,60.0,96.0,21.1,18.3,999.4,1007.4,19.7
159,2024-06-09 09:00:00,19.8,1.1,1.9,60.0,97.0,22.3,19.2,999.3,1007.4,21.6
159,2024-06-09 12:00:00,20.5,0.0,1.7,70.0,94.0,22.6,19.4,999.6,1007.6,23.4
159,2024-06-09 15:00:00,21.3,0.0,1.7,90.0,89.0,22.3,19.3,999.2,1007.2,24.9
159,2024-06-09 18:00:00,21.9,0.0,2.2,90.0,84.0,22.0,19.0,998.7,1006.7,25.3
159,2024-06-09 21:00:00,20.2,0.0,1.4,110.0,90.0,21.3,18.5,999.2,1007.2,21.3
159,2024-06-10 00:00:00,19.5,0.0,2.3,210.0,93.0,21.0,18.3,1000.4,1008.4,19.9
159,2024-06-10 03:00:00,19.9,0.0,3.5,250.0,92.0,21.3,18.5,1000.0,1008.1,20.0
159,2024-06-10 06:00:00,19.7,0.0,1.8,260.0,92.0,20.9,18.2,1000.1,1008.1,19.1
159,2024-06-10 09:00:00,21.5,0.0,4.0,240.0,86.0,21.8,18.9,1000.6,1008.6,22.9
159,2024-06-10 12:00:00,25.5,0.0,3.3,220.0,71.0,23.1,19.8,999.8,1007.7,35.9
159,2024-06-10 15:00:00,23.7,0.0,4.1,180.0,76.0,22.2,19.2,998.8,1006.7,36.6
159,2024-06-10 18:00:00,21.9,0.0,5.1,180.0,80.0,20.8,18.1,998.4,1006.4,26.6
159,2024-06-10 21:00:00,21.1,0.0,2.7,170.0,75.0,18.6,16.4,998.8,1006.8,21.3
159,2024-06-11 00:00:00,19.8,0.0,2.0,210.0,83.0,19.0,16.7,1000.0,1008.0,19.6
159,2024-06-11 03:00:00,19.8,0.0,3.3,200.0,85.0,19.6,17.2,999.6,1007.6,19.1
159,2024-06-11 06:00:00,19.9,0.0,2.7,230.0,85.0,19.7,17.3,999.9,1008.0,19.1
159,2024-06-11 09:00:00,22.9,0.0,2.9,220.0,74.0,20.6,18.0,1000.2,1008.1,22.9
159,2024-06-11 12:00:00,25.6,0.0,3.9,190.0,66.0,21.6,18.7,999.0,1006.9,37.4
159,2024-06-11 15:00:00,24.1,0.0,5.7,180.0,70.0,20.9,18.2,998.0,1005.9,35.6
159,2024-06-11 18:00:00,24.1,0.0,4.9,170.0,62.0,18.4,16.2,997.6,1005.4,27.1
159,2024-06-11 21:00:00,22.6,0.0,3.2,170.0,60.0,16.4,14.4,997.9,1005.8,21.7
159,2024-06-12 00:00:00,22.3,0.0,3.2,190.0,61.0,16.2,14.1,998.2,1006.2,20.1
159,2024-06-12 03:00:00,22.0,0.0,3.6,250.0,57.0,15.1,13.1,997.3,1005.2,19.3
159,2024-06-12 06:00:00,21.2,0.0,3.0,200.0,64.0,16.1,14.1,997.3,1005.3,18.8
159,2024-06-12 09:00:00,24.2,0.0,3.4,230.0,63.0,18.8,16.5,998.0,1005.9,23.1
159,2024-06-12 12:00:00,27.4,0.0,5.1,230.0,54.0,19.7,17.2,997.5,1005.3,42.9
159,2024-06-12 15:00:00,26.0,0.0,5.7,180.0,62.0,20.7,18.0,996.4,1004.2,41.6
159,2024-06-12 18:00:00,25.1,0.0,3.7,190.0,67.0,21.3,18.5,995.8,1003.7,30.1
159,2024-06-12 21:00:00,22.7,0.0,2.5,220.0,76.0,20.7,18.1,995.8,1003.8,22.8
165,2024-06-06 00:00:00,18.9,0.0,1.6,350.0,90.0,19.6,17.2,1013.7,1018.9,20.4
165,2024-06-06 03:00:00,18.4,0.0,1.9,90.0,90.0,18.9,16.6,1012.9,1018.1,19.6
165,2024-06-06 06:00:00,17.7,0.0,2.0,90.0,85.0,17.1,15.0,1012.5,1017.8,19.0
165,2024-06-06 09:00:00,19.8,0.0,1.7,230.0,67.0,15.4,13.4,1013.1,1018.3,22.0
165,2024-06-06 12:00:00,22.0,0.0,2.2,240.0,60.0,15.7,13.7,1012.7,1017.9,27.6
165,2024-06-06 15:00:00,23.0,0.0,2.9,260.0,56.0,15.8,13.8,1012.1,1017.3,30.4
165,2024-06-06 18:00:00,23.9,0.0,2.8,240.0,57.0,16.9,14.9,1010.8,1015.9,30.6
165,2024-06-06 21:00:00,21.7,0.0,1.6,270.0,68.0,17.6,15.5,1010.7,1015.9,23.7
165,2024-06-07 00:00:00,20.0,0.0,1.6,40.0,79.0,18.4,16.2,1011.5,1016.7,21.3
165,2024-06-07 03:00:00,19.2,0.0,1.0,330.0,86.0,19.1,16.8,1010.8,1016.0,19.8
165,2024-06-07 06:00:00,18.8,0.0,0.6,30.0,88.0,18.9,16.6,1010.3,1015.5,19.3
165,2024-06-07 09:00:00,20.6,0.0,1.7,120.0,79.0,19.1,16.7,1010.3,1015.5,22.4
165,2024-06-07 12:00:00,24.0,0.0,2.5,120.0,56.0,16.8,14.8,1009.4,1014.5,29.7
165,2024-06-07 15:00:00,25.1,0.0,3.6,160.0,51.0,16.3,14.3,1007.8,1012.9,32.7
165,2024-06-07 18:00:00,23.8,0.0,3.9,150.0,54.0,15.9,13.9,1007.2,1012.3,27.7
165,2024-06-07 21:00:00,21.8,0.0,4.2,130.0,63.0,16.3,14.3,1007.4,1012.6,23.2
165,2024-06-08 00:00:00,20.1,1.1,3.2,130.0,78.0,18.4,16.2,1007.5,1012.7,21.2
165,2024-06-08 03:00:00,20.2,0.0,3.3,140.0,80.0,19.0,16.7,1006.2,1011.4,20.2
165,2024-06-08 06:00:00,20.4,0.0,3.5,140.0,86.0,20.5,17.9,1005.3,1010.5,20.3
165,2024-06-08 09:00:00,19.9,1.8,3.5,150.0,95.0,22.1,19.1,1005.1,1010.3,21.2
165,2024-06-08 12:00:00,20.7,4.0,1.5,120.0,94.0,22.9,19.7,1005.0,1010.2,22.6
165,2024-06-08 15:00:00,21.4,2.2,2.7,110.0,93.0,23.6,20.2,1003.7,1008.9,25.7
165,2024-06-08 18:00:00,21.9,0.0,2.3,60.0,88.0,23.1,19.8,1002.5,1007.6,24.7
165,2024-06-08 21:00:00,21.1,0.0,2.0,60.0,91.0,22.6,19.5,1002.6,1007.8,22.2
165,2024-06-09 00:00:00,20.4,0.0,1.0,80.0,91.0,21.7,18.8,1002.7,1007.9,20.9
165,2024-06-09 03:00:00,19.8,0.0,2.6,20.0,94.0,21.6,18.7,1002.5,1007.7,20.2
165,2024-06-09 06:00:00,19.8,0.0,2.0,40.0,94.0,21.6,18.7,1002.7,1007.8,20.2
165,2024-06-09 09:00:00,21.5,0.0,1.9,330.0,86.0,22.1,19.1,1003.3,1008.4,22.3
165,2024-06-09 12:00:00,23.5,0.0,3.8,10.0,77.0,22.3,19.2,1003.6,1008.7,26.5
165,2024-06-09 15:00:00,24.1,0.0,4.2,270.0,76.0,22.7,19.5,1003.6,1008.7,28.9
165,2024-06-09 18:00:00,24.8,0.0,3.7,290.0,71.0,22.3,19.2,1002.8,1007.9,29.9
165,2024-06-09 21:00:00,22.0,0.0,2.7,280.0,84.0,22.1,19.1,1003.5,1008.6,22.4
165,2024-06-10 00:00:00,19.7,0.0,1.6,300.0,91.0,20.7,18.0,1004.8,1010.0,20.0
165,2024-06-10 03:00:00,18.7,0.0,1.4,170.0,94.0,20.1,17.6,1004.1,1009.3,18.6
165,2024-06-10 06:00:00,18.4,0.0,1.5,140.0,96.0,20.3,17.7,1004.9,1010.1,18.7
165,2024-06-10 09:00:00,20.9,0.0,1.5,130.0,88.0,21.7,18.8,1005.3,1010.5,21.7
165,2024-06-10 12:00:00,25.6,0.0,2.8,180.0,65.0,21.4,18.6,1003.9,1009.0,30.8
165,2024-06-10 15:00:00,27.7,0.0,3.3,260.0,54.0,20.1,17.6,1003.1,1008.1,37.8
165,2024-06-10 18:00:00,26.2,0.0,3.4,240.0,62.0,21.0,18.2,1002.6,1007.7,33.2
165,2024-06-10 21:00:00,23.9,0.0,2.8,210.0,64.0,18.9,16.6,1003.4,1008.5,24.5
165,2024-06-11 00:00:00,21.8,0.0,2.5,150.0,80.0,20.7,18.1,1004.4,1009.5,21.7
165,2024-06-11 03:00:00,20.4,0.0,1.8,180.0,91.0,21.7,18.8,1004.4,1009.6,20.4
165,2024-06-11 06:00:00,19.4,0.0,2.0,200.0,94.0,21.1,18.3,1004.5,1009.7,20.4
165,2024-06-11 09:00:00,20.3,0.0,2.1,190.0,88.0,20.9,18.2,1004.6,1009.8,22.4
165,2024-06-11 12:00:00,24.2,0.0,2.2,270.0,74.0,22.1,19.1,1003.9,1009.0,31.9
165,2024-06-11 15:00:00,26.2,0.0,3.1,280.0,66.0,22.2,19.2,1002.6,1007.7,37.5
165,2024-06-11 18:00:00,24.9,0.0,3.0,290.0,71.0,22.2,19.2,1002.3,1007.4,32.1
165,2024-06-11 21:00:00,22.6,0.0,1.4,310.0,77.0,21.1,18.3,1002.2,1007.3,24.7
165,2024-06-12 00:00:00,20.6,0.0,0.9,40.0,92.0,22.3,19.3,1002.4,1007.6,21.5
165,2024-06-12 03:00:00,19.8,0.0,0.4,30.0,97.0,22.3,19.3,1001.2,1006.3,20.0
165,2024-06-12 06:00:00,19.2,0.0,1.0,360.0,99.0,22.0,19.0,1001.9,1007.1,21.0
165,2024-06-12 09:00:00,19.7,0.0,2.5,10.0,96.0,22.1,19.1,1002.8,1008.0,23.1
165,2024-06-12 12:00:00,24.1,0.0,3.5,330.0,72.0,21.6,18.7,1002.0,1007.1,33.2
165,2024-06-12 15:00:00,27.2,0.0,3.2,280.0,57.0,20.5,17.9,1000.5,1005.5,40.9
165,2024-06-12 18:00:00,27.5,0.0,3.1,250.0,52.0,18.9,16.6,999.6,1004.6,34.9
165,2024-06-12 21:00:00,24.2,0.0,2.1,300.0,74.0,22.0,19.0,1000.3,1005.4,26.3
168,2024-06-06 00:00:00,18.9,0.0,1.7,270.0,75.0,16.3,14.3,1011.5,1019.2,18.8
168,2024-06-06 03:00:00,18.2,0.0,1.1,80.0,79.0,16.5,14.5,1010.9,1018.6,17.7
168,2024-06-06 06:00:00,17.7,0.0,1.7,10.0,81.0,16.3,14.3,1010.7,1018.5,17.2
168,2024-06-06 09:00:00,18.5,0.0,1.9,100.0,76.0,16.1,14.1,1010.7,1018.4,20.9
168,2024-06-06 12:00:00,21.0,0.0,2.6,130.0,67.0,16.4,14.4,1010.6,1018.3,32.1
168,2024-06-06 15:00:00,21.4,0.0,2.8,220.0,68.0,17.3,15.2,1009.9,1017.5,28.8
168,2024-06-06 18:00:00,20.8,0.0,2.3,170.0,71.0,17.3,15.3,1008.7,1016.4,24.7
168,2024-06-06 21:00:00,20.0,0.0,2.5,230.0,74.0,17.3,15.2,1008.6,1016.2,20.8
168,2024-06-07 00:00:00,19.0,0.0,0.8,0.0,79.0,17.3,15.2,1009.1,1016.8,18.1
168,2024-06-07 03:00:00,18.5,0.0,0.6,300.0,83.0,17.6,15.5,1008.4,1016.1,17.9
168,2024-06-07 06:00:00,18.0,0.0,1.1,60.0,86.0,17.6,15.5,1007.8,1015.5,16.9
168,2024-06-07 09:00:00,19.5,0.0,2.9,80.0,80.0,18.1,15.9,1008.1,1015.8,24.2
168,2024-06-07 12:00:00,23.5,0.0,2.5,130.0,59.0,17.0,15.0,1007.4,1014.9,39.5
168,2024-06-07 15:00:00,23.7,0.0,1.7,150.0,55.0,16.1,14.1,1006.4,1013.9,36.3
168,2024-06-07 18:00:00,23.1,0.0,2.0,100.0,59.0,16.6,14.6,1005.5,1013.0,32.9
168,2024-06-07 21:00:00,21.4,0.0,1.5,80.0,60.0,15.3,13.3,1005.7,1013.3,23.4
168,2024-06-08 00:00:00,20.4,0.0,2.4,110.0,76.0,18.1,16.0,1006.0,1013.7,20.9
168,2024-06-08 03:00:00,19.8,0.0,1.7,100.0,84.0,19.4,17.0,1005.0,1012.7,20.5
168,2024-06-08 06:00:00,19.6,0.0,2.4,90.0,84.0,19.1,16.8,1003.9,1011.5,19.9
168,2024-06-08 09:00:00,19.1,1.5,1.3,90.0,89.0,19.7,17.2,1004.0,1011.7,20.4
168,2024-06-08 12:00:00,19.2,12.2,3.5,140.0,93.0,20.6,18.0,1003.6,1011.2,21.4
168,2024-06-08 15:00:00,18.7,21.4,3.0,120.0,95.0,20.5,17.9,1002.5,1010.2,20.2
168,2024-06-08 18:00:00,19.0,13.2,3.8,100.0,96.0,21.0,18.3,1001.2,1008.8,19.9
168,2024-06-08 21:00:00,19.1,4.5,3.1,100.0,96.0,21.2,18.4,1000.8,1008.4,19.4
168,2024-06-09 00:00:00,19.0,1.7,2.8,90.0,96.0,21.0,18.3,1000.9,1008.5,19.2
168,2024-06-09 03:00:00,18.9,0.4,2.9,90.0,95.0,20.6,18.0,1000.1,1007.7,19.0
168,2024-06-09 06:00:00,19.2,0.0,3.6,80.0,93.0,20.6,18.0,1000.0,1007.6,18.9
168,2024-06-09 09:00:00,20.5,0.0,4.6,90.0,87.0,20.8,18.1,1000.2,1007.8,22.4
168,2024-06-09 12:00:00,22.3,0.0,3.4,90.0,80.0,21.5,18.6,1000.5,1008.0,28.6
168,2024-06-09 15:00:00,24.6,0.0,2.4,180.0,71.0,21.7,18.8,1000.3,1007.7,32.8
168,2024-06-09 18:00:00,24.7,0.0,2.5,220.0,72.0,22.2,19.2,999.5,1007.0,28.8
168,2024-06-09 21:00:00,22.1,0.0,2.1,130.0,83.0,22.0,19.0,1000.4,1008.0,21.4
168,2024-06-10 00:00:00,20.4,0.0,1.1,70.0,90.0,21.5,18.7,1001.7,1009.4,19.1
168,2024-06-10 03:00:00,19.7,0.0,1.6,70.0,94.0,21.6,18.7,1001.1,1008.7,19.5
168,2024-06-10 06:00:00,19.6,0.0,1.1,270.0,96.0,21.8,18.9,1001.8,1009.4,20.1
168,2024-06-10 09:00:00,21.3,0.0,2.4,240.0,87.0,21.9,19.0,1002.4,1010.0,25.4
168,2024-06-10 12:00:00,24.1,0.0,3.0,210.0,72.0,21.4,18.6,1001.3,1008.8,33.2
168,2024-06-10 15:00:00,25.5,0.0,4.6,230.0,64.0,20.7,18.0,1000.3,1007.8,36.0
168,2024-06-10 18:00:00,25.3,0.0,5.2,240.0,64.0,20.6,17.9,999.7,1007.2,31.4
168,2024-06-10 21:00:00,22.9,0.0,4.6,250.0,71.0,19.8,17.3,1000.5,1008.0,21.8
168,2024-06-11 00:00:00,21.5,0.0,3.6,250.0,81.0,20.8,18.1,1001.5,1009.1,19.6
168,2024-06-11 03:00:00,20.8,0.0,3.1,250.0,87.0,21.3,18.5,1001.4,1009.0,18.7
168,2024-06-11 06:00:00,20.4,0.0,2.6,240.0,87.0,20.8,18.1,1001.6,1009.2,18.4
168,2024-06-11 09:00:00,22.0,0.0,2.7,260.0,80.0,21.0,18.2,1001.7,1009.3,24.9
168,2024-06-11 12:00:00,24.8,0.0,3.5,230.0,66.0,20.6,18.0,1000.7,1008.2,36.2
168,2024-06-11 15:00:00,25.5,0.0,4.8,240.0,62.0,20.2,17.7,999.6,1007.1,38.4
168,2024-06-11 18:00:00,24.5,0.0,5.1,250.0,65.0,19.8,17.4,999.3,1006.8,31.9
168,2024-06-11 21:00:00,22.3,0.0,3.4,240.0,67.0,18.1,15.9,999.6,1007.1,22.4
168,2024-06-12 00:00:00,21.2,0.0,3.5,250.0,72.0,18.1,15.9,999.9,1007.5,19.5
168,2024-06-12 03:00:00,20.2,0.0,2.5,260.0,80.0,19.0,16.7,999.0,1006.6,18.0
168,2024-06-12 06:00:00,19.2,0.0,1.1,290.0,82.0,18.1,16.0,999.1,1006.7,17.0
168,2024-06-12 09:00:00,21.3,0.0,2.0,240.0,81.0,20.4,17.9,999.8,1007.4,25.1
168,2024-06-12 12:00:00,25.2,0.0,3.8,220.0,64.0,20.3,17.7,999.2,1006.7,40.3
168,2024-06-12 15:00:00,26.4,0.0,4.2,240.0,63.0,21.4,18.6,998.1,1005.5,41.3
168,2024-06-12 18:00:00,25.3,0.0,5.0,250.0,69.0,22.1,19.1,997.3,1004.8,33.2
168,2024-06-12 21:00:00,23.4,0.0,3.7,250.0,77.0,22.1,19.1,997.5,1005.0,24.0
184,2024-06-06 00:00:00,19.9,0.0,2.0,110.0,68.0,15.7,13.7,1015.4,1017.8,20.8
184,2024-06-06 03:00:00,19.9,0.0,2.5,90.0,72.0,16.7,14.7,1014.5,1016.9,20.5
184,2024-06-06 06:00:00,19.6,0.0,3.0,80.0,74.0,16.8,14.8,1014.3,1016.7,20.1
184,2024-06-06 09:00:00,20.8,0.0,3.0,80.0,69.0,16.7,14.7,1014.7,1017.1,22.7
184,2024-06-06 12:00:00,22.0,0.2,2.4,110.0,65.0,17.2,15.2,1014.5,1016.9,25.8
184,2024-06-06 15:00:00,21.1,0.0,3.0,50.0,77.0,19.2,16.8,1014.2,1016.6,26.2
184,2024-06-06 18:00:00,19.7,0.9,3.9,70.0,86.0,19.6,17.2,1013.1,1015.5,22.7
184,2024-06-06 21:00:00,19.7,0.0,2.4,90.0,85.0,19.4,17.0,1013.3,1015.7,20.0
184,2024-06-07 00:00:00,19.7,0.0,1.8,220.0,82.0,18.8,16.5,1013.4,1015.8,19.2
184,2024-06-07 03:00:00,19.3,0.0,1.4,340.0,79.0,17.7,15.6,1012.5,1014.9,18.9
184,2024-06-07 06:00:00,19.2,0.0,0.9,80.0,80.0,17.7,15.6,1012.2,1014.6,19.1
184,2024-06-07 09:00:00,21.1,0.0,1.7,110.0,65.0,16.1,14.1,1012.1,1014.5,23.2
184,2024-06-07 12:00:00,24.3,0.0,3.8,130.0,55.0,16.6,14.6,1011.3,1013.7,36.3
184,2024-06-07 15:00:00,25.1,0.0,4.4,130.0,55.0,17.4,15.3,1009.9,1012.3,41.0
184,2024-06-07 18:00:00,24.8,0.0,2.9,160.0,57.0,17.7,15.6,1008.9,1011.3,33.1
184,2024-06-07 21:00:00,23.2,0.0,2.7,190.0,66.0,18.6,16.4,1009.0,1011.4,25.1
184,2024-06-08 00:00:00,22.1,0.0,1.1,240.0,72.0,19.1,16.8,1009.2,1011.6,22.6
184,2024-06-08 03:00:00,21.8,0.0,1.1,240.0,73.0,19.0,16.7,1008.4,1010.8,21.8
184,2024-06-08 06:00:00,21.7,0.0,1.9,240.0,75.0,19.4,17.0,1006.8,1009.2,21.5
184,2024-06-08 09:00:00,20.8,4.6,1.3,280.0,87.0,21.3,18.5,1007.2,1009.6,22.8
184,2024-06-08 12:00:00,21.3,1.5,2.0,310.0,88.0,22.2,19.1,1006.5,1008.9,26.1
184,2024-06-08 15:00:00,22.0,1.5,1.2,0.0,87.0,23.0,19.8,1004.9,1007.3,27.9
184,2024-06-08 18:00:00,23.0,0.3,2.6,50.0,84.0,23.7,20.2,1003.3,1005.7,28.6
184,2024-06-08 21:00:00,20.5,0.0,2.4,330.0,90.0,21.6,18.7,1003.8,1006.2,23.2
184,2024-06-09 00:00:00,19.8,0.0,2.1,260.0,93.0,21.3,18.5,1003.5,1005.9,21.6
184,2024-06-09 03:00:00,19.7,0.3,2.5,50.0,93.0,21.3,18.5,1003.6,1006.0,21.1
184,2024-06-09 06:00:00,19.2,0.5,4.3,60.0,94.0,20.9,18.2,1004.4,1006.8,20.5
184,2024-06-09 09:00:00,19.7,0.0,2.4,60.0,91.0,20.7,18.1,1005.5,1007.9,21.4
184,2024-06-09 12:00:00,21.1,0.0,1.5,80.0,82.0,20.4,17.8,1006.2,1008.6,25.0
184,2024-06-09 15:00:00,23.8,0.0,2.1,350.0,69.0,20.3,17.7,1006.3,1008.7,32.7
184,2024-06-09 18:00:00,25.4,0.0,2.7,340.0,64.0,20.6,17.9,1005.6,1008.0,32.8
184,2024-06-09 21:00:00,21.8,0.0,3.5,280.0,79.0,20.4,17.8,1006.7,1009.1,22.6
184,2024-06-10 00:00:00,20.1,0.0,2.0,230.0,83.0,19.4,17.0,1007.8,1010.2,19.8
184,2024-06-10 03:00:00,19.1,0.0,2.2,190.0,75.0,16.5,14.5,1007.1,1009.5,18.1
184,2024-06-10 06:00:00,19.4,0.0,2.1,190.0,65.0,14.7,12.6,1007.4,1009.8,17.9
184,2024-06-10 09:00:00,22.5,0.0,2.1,250.0,57.0,15.2,13.2,1008.0,1010.4,23.9
184,2024-06-10 12:00:00,26.2,0.0,3.8,320.0,52.0,17.6,15.5,1007.2,1009.5,33.5
184,2024-06-10 15:00:00,28.3,0.0,3.7,330.0,47.0,17.8,15.5,1006.1,1008.4,42.6
184,2024-06-10 18:00:00,27.5,0.0,3.9,280.0,43.0,15.6,13.6,1005.7,1008.0,37.8
184,2024-06-10 21:00:00,23.8,0.0,2.0,320.0,62.0,18.1,15.9,1006.1,1008.5,25.7
184,2024-06-11 00:00:00,21.1,0.0,1.7,60.0,76.0,19.1,16.7,1007.2,1009.6,21.7
184,2024-06-11 03:00:00,19.9,0.0,0.8,310.0,77.0,17.8,15.7,1007.0,1009.4,19.8
184,2024-06-11 06:00:00,19.3,0.0,0.6,150.0,67.0,15.1,13.1,1007.2,1009.6,18.8
184,2024-06-11 09:00:00,21.8,0.0,1.6,60.0,63.0,16.5,14.5,1006.9,1009.3,24.3
184,2024-06-11 12:00:00,23.5,0.0,2.7,40.0,69.0,20.1,17.5,1006.4,1008.8,35.2
184,2024-06-11 15:00:00,24.0,0.0,2.9,30.0,74.0,22.1,19.1,1005.5,1007.9,41.5
184,2024-06-11 18:00:00,23.2,0.0,2.7,20.0,77.0,21.7,18.8,1004.9,1007.3,34.4
184,2024-06-11 21:00:00,21.9,0.0,1.8,60.0,78.0,20.3,17.7,1004.8,1007.2,25.6
184,2024-06-12 00:00:00,20.5,0.0,0.2,0.0,87.0,20.8,18.1,1004.9,1007.3,22.0
184,2024-06-12 03:00:00,19.8,0.0,0.4,40.0,87.0,20.0,17.5,1003.5,1005.9,20.3
184,2024-06-12 06:00:00,19.3,0.0,0.7,140.0,80.0,17.8,15.6,1004.0,1006.4,19.0
184,2024-06-12 09:00:00,20.9,0.0,1.9,70.0,80.0,19.6,17.2,1004.7,1007.1,23.8
184,2024-06-12 12:00:00,22.8,0.0,3.2,30.0,78.0,21.4,18.6,1004.3,1006.7,36.4
184,2024-06-12 15:00:00,23.7,0.0,2.4,30.0,78.0,22.6,19.5,1003.2,1005.6,35.2
184,2024-06-12 18:00:00,25.0,0.0,2.2,360.0,74.0,23.4,20.0,1002.1,1004.5,38.3
184,2024-06-12 21:00:00,23.8,0.0,1.9,260.0,75.0,22.1,19.1,1002.6,1005.0,26.6
201,2024-06-06 00:00:00,16.5,0.0,0.5,330.0,74.0,13.7,11.7,1013.0,1018.7,18.5
201,2024-06-06 03:00:00,16.2,0.0,0.9,360.0,83.0,15.3,13.3,1012.7,1018.4,17.6
201,2024-06-06 06:00:00,15.9,0.0,0.5,10.0,86.0,15.4,13.4,1012.6,1018.3,17.4
201,2024-06-06 09:00:00,20.6,0.0,0.9,160.0,73.0,17.4,15.3,1013.1,1018.6,23.4
201,2024-06-06 12:00:00,23.7,0.0,2.7,260.0,66.0,19.2,16.9,1012.8,1018.3,34.6
201,2024-06-06 15:00:00,25.8,0.0,3.0,260.0,62.0,20.4,17.8,1010.9,1016.4,41.9
201,2024-06-06 18:00:00,23.7,0.0,3.6,260.0,60.0,17.4,15.3,1009.7,1015.2,34.4
201,2024-06-06 21:00:00,19.9,0.0,3.3,270.0,68.0,15.7,13.7,1010.0,1015.6,23.1
201,2024-06-07 00:00:00,16.7,0.0,0.3,0.0,80.0,15.1,13.1,1010.9,1016.6,19.2
201,2024-06-07 03:00:00,17.0,0.0,2.1,270.0,91.0,17.5,15.4,1010.6,1016.2,17.9
201,2024-06-07 06:00:00,16.5,0.0,2.8,280.0,97.0,18.0,15.9,1010.3,1016.0,17.8
201,2024-06-07 09:00:00,18.7,0.0,1.5,260.0,82.0,17.4,15.4,1010.7,1016.3,22.1
201,2024-06-07 12:00:00,22.7,0.0,1.8,220.0,56.0,15.3,13.2,1009.9,1015.4,32.0
201,2024-06-07 15:00:00,23.4,0.0,2.5,270.0,56.0,16.1,14.1,1008.3,1013.8,34.0
201,2024-06-07 18:00:00,23.0,0.0,2.3,270.0,56.0,15.8,13.8,1006.8,1012.3,30.4
201,2024-06-07 21:00:00,20.5,0.0,1.3,290.0,55.0,13.2,11.0,1006.9,1012.4,23.0
201,2024-06-08 00:00:00,18.2,0.1,1.3,300.0,77.0,16.1,14.1,1007.3,1012.9,20.0
201,2024-06-08 03:00:00,17.5,0.0,0.7,350.0,87.0,17.3,15.3,1006.5,1012.1,19.4
201,2024-06-08 06:00:00,16.7,0.7,0.4,20.0,98.0,18.5,16.3,1005.4,1011.0,19.2
201,2024-06-08 09:00:00,17.3,1.1,0.7,20.0,96.0,18.8,16.5,1005.0,1010.6,19.8
201,2024-06-08 12:00:00,18.3,0.8,0.9,10.0,93.0,19.5,17.1,1004.5,1010.1,21.4
201,2024-06-08 15:00:00,21.7,0.0,3.4,250.0,81.0,20.9,18.2,1003.5,1009.0,30.1
201,2024-06-08 18:00:00,21.0,0.0,2.6,250.0,81.0,20.1,17.6,1002.9,1008.5,28.7
201,2024-06-08 21:00:00,17.9,0.0,2.0,290.0,96.0,19.6,17.2,1002.9,1008.5,20.9
201,2024-06-09 00:00:00,16.1,0.0,0.8,300.0,98.0,17.9,15.7,1003.5,1009.1,17.9
201,2024-06-09 03:00:00,14.9,0.0,0.8,20.0,99.0,16.7,14.7,1003.5,1009.1,16.5
201,2024-06-09 06:00:00,15.8,0.0,0.6,360.0,100.0,17.8,15.7,1003.7,1009.3,17.9
201,2024-06-09 09:00:00,17.7,0.0,0.4,340.0,93.0,18.8,16.5,1004.2,1009.8,21.5
201,2024-06-09 12:00:00,22.5,0.0,2.2,160.0,69.0,18.6,16.3,1003.9,1009.4,34.2
201,2024-06-09 15:00:00,24.1,0.0,3.7,260.0,64.0,19.2,16.9,1003.2,1008.6,40.2
201,2024-06-09 18:00:00,22.7,0.0,3.9,260.0,67.0,18.3,16.1,1002.9,1008.4,34.0
201,2024-06-09 21:00:00,19.5,0.0,2.1,290.0,83.0,18.8,16.5,1003.1,1008.6,23.7
201,2024-06-10 00:00:00,18.5,0.0,2.2,260.0,91.0,19.4,17.0,1003.7,1009.3,20.1
201,2024-06-10 03:00:00,16.7,0.0,0.9,360.0,97.0,18.4,16.2,1003.4,1009.0,18.4
201,2024-06-10 06:00:00,16.9,0.0,1.0,10.0,98.0,18.8,16.5,1003.9,1009.5,17.9
201,2024-06-10 09:00:00,20.4,0.0,0.9,100.0,87.0,20.7,18.1,1003.7,1009.3,22.6
201,2024-06-10 12:00:00,24.8,0.0,2.3,190.0,68.0,21.1,18.4,1002.6,1008.0,35.3
201,2024-06-10 15:00:00,26.4,0.0,3.4,260.0,61.0,21.0,18.3,1001.6,1007.0,41.2
201,2024-06-10 18:00:00,23.9,0.0,2.9,270.0,73.0,21.5,18.6,1000.9,1006.3,34.7
201,2024-06-10 21:00:00,20.6,0.0,1.4,290.0,90.0,21.7,18.8,1001.4,1006.9,24.5
201,2024-06-11 00:00:00,20.0,0.0,0.4,360.0,95.0,22.0,19.0,1002.8,1008.3,22.3
201,2024-06-11 03:00:00,20.5,0.0,1.1,170.0,92.0,22.1,19.1,1002.7,1008.2,22.2
201,2024-06-11 06:00:00,20.1,0.0,0.7,180.0,93.0,21.8,18.9,1003.3,1008.9,21.7
201,2024-06-11 09:00:00,21.6,0.0,1.5,180.0,82.0,21.1,18.3,1003.8,1009.3,24.8
201,2024-06-11 12:00:00,24.4,0.0,2.3,220.0,73.0,22.3,19.2,1002.9,1008.4,35.0
201,2024-06-11 15:00:00,25.0,0.0,3.8,270.0,74.0,23.3,20.0,1002.0,1007.4,41.6
201,2024-06-11 18:00:00,23.4,0.0,3.8,260.0,73.0,21.0,18.3,1001.6,1007.1,35.0
201,2024-06-11 21:00:00,20.1,0.0,2.0,270.0,87.0,20.4,17.8,1002.1,1007.6,24.4
201,2024-06-12 00:00:00,18.0,0.0,0.9,340.0,93.0,19.2,16.8,1002.0,1007.6,20.7
201,2024-06-12 03:00:00,16.3,0.0,0.5,10.0,96.0,17.8,15.6,1001.2,1006.8,18.3
201,2024-06-12 06:00:00,16.6,0.0,1.1,340.0,93.0,17.6,15.4,1002.9,1008.5,17.5
201,2024-06-12 09:00:00,20.9,0.0,1.1,120.0,80.0,19.7,17.3,1002.3,1007.8,23.2
201,2024-06-12 12:00:00,24.6,0.0,2.2,260.0,67.0,20.6,18.0,1001.4,1006.8,36.7
201,2024-06-12 15:00:00,26.1,0.0,3.0,280.0,55.0,18.5,16.2,1000.8,1006.2,40.1
201,2024-06-12 18:00:00,22.5,0.0,3.1,280.0,65.0,17.6,15.5,1000.4,1005.9,28.9
201,2024-06-12 21:00:00,20.9,0.0,1.2,360.0,73.0,17.8,15.7,1000.5,1006.0,23.6
232,2024-06-06 00:00:00,19.1,0.0,0.6,270.0,65.0,14.2,12.2,1008.7,1018.6,20.4
232,2024-06-06 03:00:00,16.6,0.0,0.5,120.0,83.0,15.6,13.6,1008.5,1018.6,18.7
232,2024-06-06 06:00:00,15.4,0.0,0.1,0.0,91.0,15.9,13.9,1008.1,1018.2,18.3
232,2024-06-06 09:00:00,19.2,0.0,0.7,130.0,71.0,15.7,13.7,1008.7,1018.6,25.0
232,2024-06-06 12:00:00,24.6,0.0,0.9,230.0,56.0,17.2,15.1,1007.9,1017.6,38.5
232,2024-06-06 15:00:00,27.2,0.0,1.2,20.0,44.0,15.6,13.6,1006.1,1015.7,40.8
232,2024-06-06 18:00:00,27.7,0.0,1.5,150.0,38.0,14.0,12.0,1004.6,1014.1,32.1
232,2024-06-06 21:00:00,23.3,0.0,1.8,290.0,57.0,16.3,14.2,1005.6,1015.4,23.9
232,2024-06-07 00:00:00,18.7,0.0,0.5,30.0,77.0,16.4,14.4,1006.7,1016.6,20.4
232,2024-06-07 03:00:00,15.9,0.0,0.3,30.0,90.0,16.2,14.2,1006.5,1016.5,18.5
232,2024-06-07 06:00:00,14.5,0.0,0.3,200.0,92.0,15.1,13.1,1006.0,1016.1,17.6
232,2024-06-07 09:00:00,18.8,0.0,0.4,10.0,73.0,15.7,13.7,1006.3,1016.2,23.6
232,2024-06-07 12:00:00,24.3,0.0,1.3,340.0,51.0,15.3,13.3,1004.9,1014.6,38.0
232,2024-06-07 15:00:00,25.9,0.0,1.2,240.0,46.0,15.3,13.3,1003.1,1012.8,35.7
232,2024-06-07 18:00:00,25.9,0.0,1.3,270.0,49.0,16.3,14.3,1001.6,1011.2,30.6
232,2024-06-07 21:00:00,23.3,0.0,0.7,240.0,64.0,18.1,15.9,1001.9,1011.6,24.6
232,2024-06-08 00:00:00,21.8,0.0,0.7,330.0,62.0,16.2,14.2,1002.7,1012.5,22.5
232,2024-06-08 03:00:00,19.2,0.0,0.6,270.0,78.0,17.3,15.2,1002.2,1012.0,21.2
232,2024-06-08 06:00:00,18.0,0.7,0.6,60.0,92.0,18.8,16.6,1001.3,1011.2,20.2
232,2024-06-08 09:00:00,18.4,0.9,1.0,90.0,93.0,19.5,17.1,1000.8,1010.6,21.2
232,2024-06-08 12:00:00,19.8,0.2,0.9,160.0,90.0,20.7,18.1,1000.5,1010.3,23.4
232,2024-06-08 15:00:00,21.8,0.0,2.0,150.0,82.0,21.2,18.5,999.4,1009.1,29.0
232,2024-06-08 18:00:00,24.6,0.0,1.7,190.0,66.0,20.4,17.8,997.9,1007.5,27.1
232,2024-06-08 21:00:00,22.6,0.0,1.1,200.0,77.0,20.8,18.1,998.1,1007.8,23.0
232,2024-06-09 00:00:00,20.6,0.0,0.4,240.0,88.0,21.2,18.4,998.7,1008.5,21.8
232,2024-06-09 03:00:00,18.9,0.0,0.4,0.0,96.0,20.9,18.2,998.6,1008.4,20.4
232,2024-06-09 06:00:00,18.2,0.0,0.1,0.0,97.0,20.2,17.7,999.0,1008.8,19.6
232,2024-06-09 09:00:00,20.5,0.0,0.8,90.0,85.0,20.4,17.8,999.1,1008.9,25.1
232,2024-06-09 12:00:00,24.9,0.0,1.5,130.0,61.0,19.1,16.8,998.9,1008.5,37.5
232,2024-06-09 15:00:00,27.8,0.0,1.6,250.0,50.0,18.5,16.2,997.8,1007.3,44.9
232,2024-06-09 18:00:00,28.1,0.0,2.1,340.0,50.0,18.7,16.5,997.4,1006.9,34.1
232,2024-06-09 21:00:00,23.1,0.0,1.0,330.0,73.0,20.4,17.8,998.3,1008.0,24.9
232,2024-06-10 00:00:00,19.3,0.0,0.4,330.0,88.0,19.6,17.2,999.4,1009.2,21.5
232,2024-06-10 03:00:00,17.5,0.0,0.1,0.0,95.0,19.0,16.7,999.2,1009.1,19.8
232,2024-06-10 06:00:00,16.4,0.0,0.1,0.0,97.0,18.1,16.0,1000.0,1010.0,18.7
232,2024-06-10 09:00:00,19.8,0.0,0.9,120.0,86.0,19.7,17.3,1000.2,1010.0,25.1
232,2024-06-10 12:00:00,25.6,0.0,2.0,160.0,58.0,19.0,16.7,998.7,1008.2,40.6
232,2024-06-10 15:00:00,29.2,0.0,2.1,220.0,50.0,20.0,17.5,996.7,1006.1,44.7
232,2024-06-10 18:00:00,29.1,0.0,1.8,210.0,51.0,20.4,17.8,996.3,1005.8,35.6
232,2024-06-10 21:00:00,25.7,0.0,1.3,200.0,59.0,19.3,17.0,997.2,1006.7,26.1
232,2024-06-11 00:00:00,22.5,0.0,1.0,220.0,70.0,19.0,16.7,998.5,1008.2,22.6
232,2024-06-11 03:00:00,18.6,0.0,0.5,90.0,90.0,19.1,16.8,998.8,1008.6,20.4
232,2024-06-11 06:00:00,17.1,0.0,0.4,60.0,95.0,18.4,16.2,999.3,1009.2,19.5
232,2024-06-11 09:00:00,21.2,0.0,0.4,330.0,81.0,20.2,17.7,999.7,1009.4,26.1
232,2024-06-11 12:00:00,26.3,0.0,1.3,250.0,60.0,20.2,17.7,998.6,1008.2,42.5
232,2024-06-11 15:00:00,30.1,0.0,1.7,280.0,46.0,19.7,17.3,996.9,1006.3,48.0
232,2024-06-11 18:00:00,29.8,0.0,1.6,270.0,45.0,18.7,16.4,996.3,1005.8,36.7
232,2024-06-11 21:00:00,25.2,0.0,1.0,270.0,57.0,18.1,15.9,997.0,1006.6,26.0
232,2024-06-12 00:00:00,21.3,0.0,0.2,0.0,75.0,18.9,16.6,997.6,1007.3,22.2
232,2024-06-12 03:00:00,18.0,0.0,0.2,0.0,90.0,18.4,16.2,996.6,1006.4,20.2
232,2024-06-12 06:00:00,16.2,0.0,0.3,0.0,94.0,17.2,15.2,997.7,1007.7,18.8
232,2024-06-12 09:00:00,21.6,0.0,1.0,110.0,69.0,17.4,15.3,998.8,1008.5,27.3
232,2024-06-12 12:00:00,26.4,0.0,1.5,140.0,43.0,14.8,12.8,997.4,1006.9,44.5
232,2024-06-12 15:00:00,30.0,0.0,1.5,200.0,32.0,13.4,11.4,995.3,1004.7,50.3
232,2024-06-12 18:00:00,30.8,0.0,1.9,280.0,33.0,14.5,12.4,994.5,1003.9,37.6
232,2024-06-12 21:00:00,23.9,0.0,1.7,260.0,55.0,16.2,14.1,995.4,1005.0,25.7
277,2024-06-06 00:00:00,14.9,0.0,1.2,180.0,92.0,15.6,13.6,1015.2,1020.1,17.1
277,2024-06-06 03:00:00,13.8,0.0,0.7,190.0,96.0,15.2,13.2,1014.1,1019.0,15.8
277,2024-06-06 06:00:00,13.5,0.0,1.9,200.0,96.0,14.9,12.9,1013.7,1018.6,14.7
277,2024-06-06 09:00:00,17.3,0.0,1.0,200.0,85.0,16.7,14.7,1014.0,1018.8,22.2
277,2024-06-06 12:00:00,22.1,0.0,1.4,180.0,61.0,15.9,13.9,1013.3,1018.1,36.9
277,2024-06-06 15:00:00,22.3,0.0,1.9,180.0,69.0,18.5,16.2,1012.3,1017.0,36.4
277,2024-06-06 18:00:00,21.1,0.0,2.2,200.0,73.0,18.1,15.9,1011.3,1016.0,33.7
277,2024-06-06 21:00:00,18.5,0.0,0.7,340.0,85.0,18.0,15.9,1011.2,1016.0,21.0
277,2024-06-07 00:00:00,16.3,0.0,0.7,260.0,91.0,16.8,14.8,1011.7,1016.5,17.3
277,2024-06-07 03:00:00,13.8,0.0,1.9,180.0,97.0,15.3,13.3,1010.8,1015.6,14.8
277,2024-06-07 06:00:00,13.0,0.0,2.2,190.0,94.0,14.0,12.0,1010.3,1015.2,14.0
277,2024-06-07 09:00:00,20.8,0.0,2.1,190.0,67.0,16.2,14.2,1010.3,1015.0,27.7
277,2024-06-07 12:00:00,25.9,0.0,2.5,170.0,51.0,16.8,14.8,1009.3,1013.9,47.1
277,2024-06-07 15:00:00,24.9,0.0,3.4,170.0,54.0,16.8,14.8,1008.3,1012.9,45.6
277,2024-06-07 18:00:00,22.3,0.0,2.3,160.0,67.0,17.9,15.8,1007.4,1012.1,33.3
277,2024-06-07 21:00:00,19.2,0.0,1.4,170.0,84.0,18.5,16.3,1007.7,1012.4,22.1
277,2024-06-08 00:00:00,18.1,0.0,1.2,210.0,87.0,18.0,15.9,1007.7,1012.5,20.1
277,2024-06-08 03:00:00,17.9,0.0,1.5,210.0,84.0,17.2,15.1,1006.7,1011.5,19.0
277,2024-06-08 06:00:00,19.5,0.0,1.9,200.0,71.0,16.0,14.0,1006.2,1010.9,19.3
277,2024-06-08 09:00:00,21.6,0.0,0.8,240.0,69.0,17.6,15.5,1006.0,1010.7,26.8
277,2024-06-08 12:00:00,22.1,0.0,2.8,170.0,70.0,18.5,16.3,1005.3,1010.0,31.3
277,2024-06-08 15:00:00,19.3,2.5,1.7,180.0,93.0,20.8,18.1,1005.0,1009.7,23.6
277,2024-06-08 18:00:00,19.2,4.1,1.0,180.0,96.0,21.2,18.4,1004.7,1009.4,22.1
277,2024-06-08 21:00:00,18.4,0.1,1.1,190.0,96.0,20.3,17.7,1004.8,1009.5,20.2
277,2024-06-09 00:00:00,18.1,0.2,1.0,220.0,97.0,20.1,17.6,1004.3,1009.0,19.5
277,2024-06-09 03:00:00,18.2,0.0,0.6,240.0,97.0,20.3,17.7,1003.9,1008.6,19.5
277,2024-06-09 06:00:00,17.3,0.0,1.2,170.0,99.0,19.5,17.1,1003.8,1008.6,18.0
277,2024-06-09 09:00:00,20.1,0.0,1.0,200.0,90.0,21.0,18.2,1003.6,1008.3,24.0
277,2024-06-09 12:00:00,22.8,0.0,2.5,180.0,77.0,21.4,18.6,1003.4,1008.1,31.8
277,2024-06-09 15:00:00,22.5,0.0,4.1,160.0,78.0,21.3,18.5,1002.3,1007.0,36.1
277,2024-06-09 18:00:00,21.8,0.0,3.1,180.0,80.0,20.9,18.2,1001.8,1006.5,31.9
277,2024-06-09 21:00:00,19.7,0.0,1.6,190.0,89.0,20.3,17.8,1002.1,1006.8,22.2
277,2024-06-10 00:00:00,17.8,0.0,1.0,230.0,96.0,19.6,17.2,1002.6,1007.3,18.9
277,2024-06-10 03:00:00,17.9,0.0,2.1,190.0,94.0,19.2,16.8,1002.3,1007.0,18.0
277,2024-06-10 06:00:00,20.2,0.0,2.6,260.0,79.0,18.5,16.3,1002.9,1007.6,18.2
277,2024-06-10 09:00:00,23.9,0.0,4.8,290.0,63.0,18.2,16.0,1003.2,1007.8,26.4
277,2024-06-10 12:00:00,29.0,0.0,1.8,320.0,46.0,18.4,16.1,1002.3,1006.8,44.5
277,2024-06-10 15:00:00,30.5,0.0,3.5,280.0,41.0,17.9,15.7,1000.7,1005.2,49.9
277,2024-06-10 18:00:00,29.6,0.0,2.3,190.0,44.0,18.3,16.1,999.8,1004.3,37.9
277,2024-06-10 21:00:00,24.3,0.0,1.3,320.0,66.0,19.7,17.3,1000.7,1005.3,25.6
277,2024-06-11 00:00:00,23.3,0.0,1.6,210.0,63.0,18.0,15.8,1001.7,1006.3,21.9
277,2024-06-11 03:00:00,23.4,0.0,1.5,230.0,62.0,17.7,15.6,1001.9,1006.6,20.7
277,2024-06-11 06:00:00,21.9,0.0,1.1,190.0,65.0,16.8,14.8,1002.3,1006.9,19.5
277,2024-06-11 09:00:00,25.4,0.0,3.1,280.0,56.0,18.1,15.9,1002.5,1007.1,30.2
277,2024-06-11 12:00:00,29.6,0.0,4.8,330.0,45.0,18.5,16.3,1001.5,1006.0,47.9
277,2024-06-11 15:00:00,32.3,0.0,2.3,250.0,37.0,18.0,15.8,999.8,1004.3,53.9
277,2024-06-11 18:00:00,29.8,0.0,2.8,180.0,46.0,19.1,16.8,999.2,1003.7,40.0
277,2024-06-11 21:00:00,26.1,0.0,2.5,180.0,59.0,19.6,17.2,999.5,1004.1,26.6
277,2024-06-12 00:00:00,24.4,0.0,2.1,180.0,58.0,17.8,15.6,999.9,1004.5,22.3
277,2024-06-12 03:00:00,24.3,0.0,1.9,210.0,61.0,18.5,16.3,999.1,1003.7,21.0
277,2024-06-12 06:00:00,23.6,0.0,2.6,230.0,67.0,19.6,17.2,999.5,1004.1,20.8
277,2024-06-12 09:00:00,26.6,0.0,2.8,280.0,56.0,19.5,17.1,1000.5,1005.1,32.5
277,2024-06-12 12:00:00,31.4,0.0,3.2,320.0,37.0,16.9,14.8,1000.1,1004.6,51.3
277,2024-06-12 15:00:00,29.5,0.0,3.2,100.0,40.0,16.4,14.4,999.8,1004.3,53.3
277,2024-06-12 18:00:00,28.3,0.0,2.7,180.0,41.0,15.5,13.5,999.2,1003.7,40.6
277,2024-06-12 21:00:00,24.5,0.0,1.5,200.0,60.0,18.2,16.0,998.7,1003.3,26.0
279,2024-06-06 00:00:00,22.6,0.0,1.4,80.0,47.0,12.9,10.7,1013.2,1018.9,21.8
279,2024-06-06 03:00:00,18.7,0.0,0.7,300.0,67.0,14.5,12.5,1012.8,1018.6,18.8
279,2024-06-06 06:00:00,16.7,0.0,0.9,270.0,76.0,14.3,12.3,1012.8,1018.6,16.5
279,2024-06-06 09:00:00,20.0,0.0,0.3,350.0,60.0,13.9,11.8,1013.3,1019.0,24.9
279,2024-06-06 12:00:00,24.3,0.0,1.2,100.0,44.0,13.2,11.0,1012.3,1018.0,42.5
279,2024-06-06 15:00:00,28.3,0.0,1.6,180.0,31.0,11.9,9.5,1010.7,1016.3,55.0
279,2024-06-06 18:00:00,27.4,0.0,1.8,200.0,34.0,12.3,10.0,1009.3,1014.9,41.9
279,2024-06-06 21:00:00,23.5,0.0,0.5,280.0,47.0,13.4,11.3,1009.6,1015.3,24.1
279,2024-06-07 00:00:00,20.1,0.0,0.4,330.0,61.0,14.3,12.3,1010.6,1016.4,19.5
279,2024-06-07 03:00:00,17.0,0.0,0.3,330.0,75.0,14.4,12.4,1010.3,1016.1,16.2
279,2024-06-07 06:00:00,15.8,0.0,0.3,0.0,81.0,14.5,12.5,1010.4,1016.2,15.2
279,2024-06-07 09:00:00,21.0,0.0,0.3,0.0,62.0,15.4,13.4,1010.3,1016.0,27.3
279,2024-06-07 12:00:00,26.2,0.0,1.0,20.0,47.0,15.7,13.7,1008.9,1014.5,47.5
279,2024-06-07 15:00:00,28.1,0.0,1.2,200.0,35.0,13.1,11.0,1007.1,1012.7,49.5
279,2024-06-07 18:00:00,27.6,0.0,1.3,220.0,35.0,12.7,10.5,1005.6,1011.2,37.0
279,2024-06-07 21:00:00,25.8,0.0,1.2,170.0,45.0,14.8,12.8,1006.2,1011.8,26.9
279,2024-06-08 00:00:00,23.9,0.0,1.4,170.0,46.0,13.6,11.5,1007.1,1012.7,23.6
279,2024-06-08 03:00:00,22.2,0.0,0.9,110.0,53.0,14.2,12.2,1006.5,1012.1,22.4
279,2024-06-08 06:00:00,20.5,0.0,1.5,120.0,64.0,15.4,13.4,1005.7,1011.4,21.4
279,2024-06-08 09:00:00,21.0,0.0,0.9,110.0,67.0,16.6,14.6,1005.6,1011.3,25.0
279,2024-06-08 12:00:00,20.4,1.8,0.6,50.0,79.0,18.9,16.6,1005.2,1010.9,24.8
279,2024-06-08 15:00:00,19.8,1.1,1.4,80.0,87.0,20.0,17.5,1004.6,1010.3,23.9
279,2024-06-08 18:00:00,19.9,0.6,1.6,110.0,85.0,19.7,17.3,1003.8,1009.5,22.6
279,2024-06-08 21:00:00,19.4,0.1,0.7,240.0,87.0,19.4,17.0,1003.9,1009.6,20.2
279,2024-06-09 00:00:00,18.8,0.0,0.2,0.0,91.0,19.7,17.3,1003.6,1009.3,19.3
279,2024-06-09 03:00:00,18.9,0.1,0.2,0.0,93.0,20.2,17.7,1003.2,1008.9,19.8
279,2024-06-09 06:00:00,19.0,0.0,0.3,20.0,91.0,20.0,17.5,1003.5,1009.2,19.9
279,2024-06-09 09:00:00,19.5,0.0,0.1,0.0,89.0,20.0,17.5,1003.5,1009.2,21.8
279,2024-06-09 12:00:00,23.4,0.0,0.5,300.0,66.0,18.8,16.5,1003.5,1009.1,31.6
279,2024-06-09 15:00:00,27.1,0.0,0.9,330.0,50.0,17.8,15.7,1001.9,1007.4,42.6
279,2024-06-09 18:00:00,29.0,0.0,0.9,330.0,46.0,18.3,16.1,1000.8,1006.3,39.0
279,2024-06-09 21:00:00,24.7,0.0,0.8,270.0,59.0,18.1,15.9,1001.4,1007.0,25.2
279,2024-06-10 00:00:00,21.2,0.0,0.4,300.0,72.0,18.0,15.9,1002.8,1008.5,20.3
279,2024-06-10 03:00:00,20.1,0.0,0.3,0.0,84.0,19.6,17.2,1002.9,1008.6,18.5
279,2024-06-10 06:00:00,18.5,0.0,0.3,330.0,91.0,19.3,16.9,1003.7,1009.4,17.6
279,2024-06-10 09:00:00,22.7,0.0,0.2,350.0,72.0,19.8,17.3,1004.0,1009.6,25.5
279,2024-06-10 12:00:00,29.5,0.0,1.4,350.0,43.0,17.8,15.6,1002.6,1008.1,46.5
279,2024-06-10 15:00:00,32.2,0.0,1.1,350.0,34.0,16.5,14.5,1000.5,1006.0,53.7
279,2024-06-10 18:00:00,31.5,0.0,1.0,250.0,40.0,18.2,16.0,999.5,1005.0,43.6
279,2024-06-10 21:00:00,28.0,0.0,0.7,280.0,46.0,17.1,15.0,1000.8,1006.3,28.7
279,2024-06-11 00:00:00,23.7,0.0,0.5,300.0,65.0,19.0,16.7,1002.2,1007.8,23.1
279,2024-06-11 03:00:00,21.6,0.0,0.7,300.0,73.0,18.8,16.5,1002.4,1008.1,20.4
279,2024-06-11 06:00:00,19.5,0.0,0.5,300.0,80.0,18.1,15.9,1003.1,1008.8,18.7
279,2024-06-11 09:00:00,24.7,0.0,0.4,10.0,60.0,18.3,16.1,1003.2,1008.8,28.0
279,2024-06-11 12:00:00,30.3,0.0,1.7,330.0,40.0,17.2,15.1,1002.0,1007.5,50.1
279,2024-06-11 15:00:00,33.3,0.0,1.4,330.0,32.0,16.4,14.4,1000.0,1005.4,56.5
279,2024-06-11 18:00:00,32.5,0.0,1.1,300.0,32.0,15.7,13.7,999.3,1004.8,44.4
279,2024-06-11 21:00:00,28.2,0.0,1.2,270.0,47.0,17.8,15.7,1000.0,1005.5,29.1
279,2024-06-12 00:00:00,24.7,0.0,0.9,280.0,62.0,19.1,16.8,1000.8,1006.4,23.8
279,2024-06-12 03:00:00,22.1,0.0,0.3,330.0,71.0,18.9,16.6,1000.2,1005.8,21.0
279,2024-06-12 06:00:00,20.7,0.0,0.3,0.0,74.0,17.9,15.8,1000.9,1006.6,19.9
279,2024-06-12 09:00:00,25.0,0.0,0.9,340.0,58.0,18.0,15.9,1001.6,1007.2,28.9
279,2024-06-12 12:00:00,29.8,0.0,1.6,310.0,33.0,13.6,11.5,1001.0,1006.5,49.4
279,2024-06-12 15:00:00,32.0,0.0,0.9,290.0,30.0,14.0,12.0,999.0,1004.5,52.7
279,2024-06-12 18:00:00,33.0,0.0,0.6,350.0,25.0,12.5,10.3,997.7,1003.1,46.1
279,2024-06-12 21:00:00,27.4,0.0,0.8,260.0,41.0,14.8,12.8,997.9,1003.5,30.5
