지점,지점명,일시,습도,16 방위 풍향,풍속,강수량,현지기압,해면기압,변화량 기압,이슬점 온도,기온,최고 기온,최저 기온
44292,울란바토르,2024-01-01 00:00,81.1,5,1,,868.8,1035.5,.5,-22.3,-19.9,,-20.8
44292,울란바토르,2024-01-01 03:00,71.1,16,2,,869.2,1033.8,.4,-20.9,-16.9,,
44292,울란바토르,2024-01-01 06:00,60.7,24,1,,868.2,1029.8,1,-18.8,-12.8,,
44292,울란바토르,2024-01-01 09:00,69.1,28,2,,868.2,1031.2,0,-19.2,-14.8,,
44292,울란바토르,2024-01-01 12:00,77.8,0,0,,869.6,1035.7,1.4,-21.7,-18.8,-11.5,
44292,울란바토르,2024-01-01 15:00,80.3,0,0,,869.8,1037.3,.2,-23.2,-20.7,,
44292,울란바토르,2024-01-01 18:00,76.1,0,0,,870.7,1038.6,.9,-24.2,-21.1,,
44292,울란바토르,2024-01-01 21:00,75.1,25,1,,870.9,1040.1,.2,-26,-22.8,,
44292,울란바토르,2024-01-02 00:00,74,0,0,,871.5,1042.2,.6,-27.9,-24.6,,-24.6
44292,울란바토르,2024-01-02 03:00,68.9,14,1,,872.4,1040.5,.9,-25.1,-20.9,,
44292,울란바토르,2024-01-02 06:00,55.8,17,1,,871.6,1036.1,.8,-22.8,-16,,
44292,울란바토르,2024-01-02 09:00,62.2,17,1,,871,1036.3,.6,-22.8,-17.3,,
44292,울란바토르,2024-01-02 12:00,71.2,10,2,,869.9,1036.2,1.1,-23,-19.1,-14.8,
44292,울란바토르,2024-01-02 15:00,72.8,10,2,,866.8,1033.5,3.1,-24.1,-20.5,,
44292,울란바토르,2024-01-02 18:00,72.7,10,3,,863.7,1030.4,3.1,-24.8,-21.2,,
44292,울란바토르,2024-01-02 21:00,72.2,12,1,,860.3,1025.9,3.4,-24.3,-20.6,,
44292,울란바토르,2024-01-03 00:00,72.1,14,1,,858.5,1024,1.8,-24.7,-21,,-21.5
44292,울란바토르,2024-01-03 03:00,62,15,1,,857.7,1021.1,.8,-23.8,-18.3,,
44292,울란바토르,2024-01-03 06:00,58,25,2,,855.6,1015.4,2.1,-20,-13.5,,
44292,울란바토르,2024-01-03 09:00,56.2,35,3,,855.2,1014.5,.4,-19.9,-13,,
44292,울란바토르,2024-01-03 12:00,65,28,1,,855.6,1015,.4,-18.2,-13,-10.6,
44292,울란바토르,2024-01-03 15:00,88.7,24,3,,855.3,1012.9,.3,-11.8,-10.3,,
44292,울란바토르,2024-01-03 18:00,86.8,20,2,,858,1015.2,2.7,-10.8,-9,,
44292,울란바토르,2024-01-03 21:00,88.2,32,4,,860.7,1018.2,2.7,-10.3,-8.7,,
44292,울란바토르,2024-01-04 00:00,78.8,26,2,2,862.7,1020.7,2,-11.8,-8.8,,-13
44292,울란바토르,2024-01-04 03:00,83.1,16,1,,865.1,1025.2,2.4,-13.6,-11.3,,
44292,울란바토르,2024-01-04 06:00,67.2,24,2,,865.2,1024.7,.1,-15.4,-10.5,,
44292,울란바토르,2024-01-04 09:00,77,28,1,,865.8,1026.5,.6,-15.3,-12.1,,
44292,울란바토르,2024-01-04 12:00,79.9,1,2,0,866.8,1029.5,1,-17.5,-14.8,-8.8,
44292,울란바토르,2024-01-04 15:00,75.3,34,1,,867,1032.1,.2,-21.5,-18.2,,
44292,울란바토르,2024-01-04 21:00,80.1,3,1,,868.7,1037,.9,-24.6,-22.1,,
44292,울란바토르,2024-01-05 00:00,77.9,0,0,,870.3,1039.1,1.6,-25.2,-22.4,,-22.6
44292,울란바토르,2024-01-05 03:00,76.7,30,1,,872.3,1038,2,-20.7,-17.6,,
44292,울란바토르,2024-01-05 06:00,64.1,30,4,,872.5,1036,.2,-19.7,-14.4,,
44292,울란바토르,2024-01-05 09:00,68.8,32,2,,874.6,1039.9,2.1,-20.8,-16.4,,
44292,울란바토르,2024-01-05 12:00,75.1,25,1,,876.3,1043.9,1.7,-22.5,-19.2,-13.9,
44292,울란바토르,2024-01-05 15:00,79.3,33,1,,877.1,1047.4,.8,-25.3,-22.7,,
44292,울란바토르,2024-01-05 18:00,77.8,0,0,,877,1047.6,.1,-25.9,-23.1,,
44292,울란바토르,2024-01-05 21:00,77.8,0,0,,876.4,1046.6,.6,-25.5,-22.7,,
44292,울란바토르,2024-01-06 00:00,72.8,5,2,,875.5,1046.5,.9,-27.5,-24,,-24.1
44292,울란바토르,2024-01-06 03:00,67.9,12,2,,874.5,1044.2,1,-26.8,-22.5,,
44292,울란바토르,2024-01-06 06:00,57.8,8,2,,872.4,1039.7,2.1,-26,-19.8,,
44292,울란바토르,2024-01-06 09:00,61.2,12,3,,871.7,1039.9,.7,-26.7,-21.2,,
44292,울란바토르,2024-01-06 12:00,68,12,2,,870.7,1039.6,1,-26.7,-22.4,-18.7,
44292,울란바토르,2024-01-06 15:00,69.1,10,2,,870,1039,.7,-26.9,-22.8,,
44292,울란바토르,2024-01-06 18:00,66.8,10,2,,868.7,1037.1,1.3,-26.8,-22.3,,
44292,울란바토르,2024-01-06 21:00,65.6,12,1,,867.1,1034.9,1.6,-26.6,-21.9,,
44292,울란바토르,2024-01-07 00:00,67.1,28,1,,866.5,1035.3,.6,-27.8,-23.4,,-23.5
44292,울란바토르,2024-01-07 03:00,57.9,0,0,,866.3,1032.2,.2,-25.7,-19.5,,
44292,울란바토르,2024-01-07 06:00,53.9,21,1,,865,1028.1,1.3,-23,-15.8,,
44292,울란바토르,2024-01-07 09:00,60,30,1,,865.5,1029.9,.5,-23.5,-17.6,,
44292,울란바토르,2024-01-07 12:00,67,5,1,,866.2,1031.5,.7,-23.3,-18.7,-15,
44292,울란바토르,2024-01-07 15:00,69.2,28,1,,866.7,1033,.5,-24.1,-19.9,,
44292,울란바토르,2024-01-07 18:00,71,0,0,,866.8,1033.3,.1,-24.1,-20.2,,
44292,울란바토르,2024-01-07 21:00,72.3,0,0,,867.3,1033.9,.5,-23.8,-20.1,,
44292,울란바토르,2024-01-08 00:00,72.3,0,0,,868.7,1035.4,1.4,-23.6,-19.9,,-20.9
44292,울란바토르,2024-01-08 03:00,64.2,15,1,,870.5,1034.8,1.8,-21.3,-16.1,,
44292,울란바토르,2024-01-08 06:00,58.8,26,2,,870.6,1033.6,.1,-20.4,-14.1,,
44292,울란바토르,2024-01-08 09:00,67.1,30,2,,872.1,1036.9,1.5,-20.6,-15.9,,
44292,울란바토르,2024-01-08 12:00,71.7,28,2,,873.5,1041.3,1.4,-23.6,-19.8,-12.8,
44292,울란바토르,2024-01-08 15:00,75.9,28,1,,873.9,1043.2,.4,-24.9,-21.8,,
44292,울란바토르,2024-01-08 18:00,77.1,3,1,,873.4,1043.6,.5,-26,-23.1,,
44292,울란바토르,2024-01-08 21:00,76.3,15,1,,872.9,1043.5,.5,-26.7,-23.7,,
44292,울란바토르,2024-01-09 00:00,74.9,10,3,,871.7,1042,1.2,-26.9,-23.7,,-25.3
44292,울란바토르,2024-01-09 03:00,67.2,12,3,,870.9,1038.6,.8,-24.9,-20.4,,
44292,울란바토르,2024-01-09 06:00,61.2,12,3,,867.7,1032.3,3.2,-22.6,-16.9,,
44292,울란바토르,2024-01-09 09:00,64.8,12,2,,865.6,1029.1,2.1,-21,-15.9,,
44292,울란바토르,2024-01-09 12:00,72.2,12,3,,864.4,1028.8,1.2,-21.3,-17.5,-15,
44292,울란바토르,2024-01-09 15:00,74.8,12,1,,862.4,1026.2,2,-20.6,-17.2,,
44292,울란바토르,2024-01-09 18:00,77.1,0,0,-99.8,860.7,1025.5,1.7,-22,-19,-99.8,-99.8
44292,울란바토르,2024-01-09 21:00,77.8,0,0,-99.8,858.9,1023.4,1.8,-22,-19.1,-99.8,-99.8
44292,울란바토르,2024-01-10 00:00,75.8,0,0,,858.6,1022.8,.3,-22,-18.8,,-20
44292,울란바토르,2024-01-10 03:00,73.2,26,2,,859.5,1021.6,.9,-19.2,-15.5,,
44292,울란바토르,2024-01-10 06:00,57.2,25,2,-99.8,860,1017.1,.5,-14.8,-7.8,-99.8,-99.8
44292,울란바토르,2024-01-10 09:00,71,25,1,-99.8,861.9,1019.7,1.9,-13.1,-8.8,-99.8,-99.8
44292,울란바토르,2024-01-10 12:00,82.3,28,2,0,864.4,1025,2.5,-14.3,-11.9,-7.3,-99.8
44292,울란바토르,2024-01-11 00:00,79.7,7,1,,865.8,1032.3,.2,-22.6,-20,,-21
44292,울란바토르,2024-01-11 03:00,82.9,10,2,,865.4,1029.9,.4,-19.6,-17.4,,
44292,울란바토르,2024-01-11 06:00,62.2,12,2,,862.4,1023.6,3,-19,-13.3,,
44292,울란바토르,2024-01-11 09:00,61.2,12,2,-99.8,861.5,1022.3,.9,-18.9,-13,-99.8,-99.8
44292,울란바토르,2024-01-11 12:00,72,1,1,-99.8,862.1,1024.6,.6,-19.3,-15.4,-11.4,-99.8
44292,울란바토르,2024-01-11 15:00,76.3,0,0,-99.8,863.7,1027.2,1.6,-19.5,-16.3,-99.8,-99.8
44292,울란바토르,2024-01-11 18:00,79,8,1,,864.1,1027.2,.4,-18.4,-15.6,,
44292,울란바토르,2024-01-11 21:00,80.7,6,1,,864.2,1029,.1,-20.6,-18.1,,
44292,울란바토르,2024-01-12 00:00,77.7,10,4,,863.3,1026.2,.9,-18.6,-15.6,,-18.3
44292,울란바토르,2024-01-12 03:00,68.7,10,3,,863.2,1023.2,.1,-15.9,-11.3,,
44292,울란바토르,2024-01-12 06:00,51.1,10,4,,861,1015.2,2.2,-11.6,-2.9,,
44292,울란바토르,2024-01-12 09:00,54.8,8,3,,861,1016.2,0,-12.3,-4.6,,
44292,울란바토르,2024-01-12 12:00,61,10,3,,861.5,1017.8,.5,-12.4,-6.1,-2.6,
44292,울란바토르,2024-01-12 15:00,70.1,24,2,,862.5,1019.9,1,-12.1,-7.6,,
44292,울란바토르,2024-01-12 18:00,62.2,34,7,-99.8,864.4,1023.3,1.9,-15.2,-9.3,-99.8,-99.8
44292,울란바토르,2024-01-12 21:00,65.1,35,6,-99.8,867.5,1028.9,3.1,-17.5,-12.3,-99.8,-99.8
44292,울란바토르,2024-01-13 00:00,67.8,35,4,-99.8,871.8,1036.1,4.3,-19.9,-15.3,-99.8,-15.3
44292,울란바토르,2024-01-13 03:00,59.2,35,2,-99.8,874.5,1039,2.7,-21,-14.8,-99.8,-99.8
44292,울란바토르,2024-01-13 06:00,51.1,32,2,-99.8,875,1038.2,.5,-20.9,-12.9,-99.8,-99.8
44292,울란바토르,2024-01-13 09:00,60,28,4,-99.8,876.4,1041.8,1.4,-21.6,-15.6,-99.8,-99.8
44292,울란바토르,2024-01-13 12:00,69.9,33,1,-99.8,877.1,1045.2,.7,-23.4,-19.3,-12.7,-99.8
44292,울란바토르,2024-01-13 15:00,72.1,10,1,,876.5,1045.9,.6,-24.9,-21.2,,
44292,울란바토르,2024-01-13 18:00,70.1,7,3,,876,1045.5,.5,-25.5,-21.5,,
44292,울란바토르,2024-01-13 21:00,69.2,12,1,,875.6,1045.8,.4,-26.6,-22.5,,
44292,울란바토르,2024-01-14 00:00,69.1,12,2,-99.8,875,1045.4,.6,-27.1,-23,-99.8,-23
44292,울란바토르,2024-01-14 03:00,58,10,2,-99.8,874.9,1042.3,.1,-25.1,-18.9,-99.8,-99.8
44292,울란바토르,2024-01-14 06:00,52,15,2,-99.8,873.4,1038.3,1.5,-23.4,-15.8,-99.8,-99.8
44292,울란바토르,2024-01-14 09:00,53.8,8,3,,872.5,1037.5,.9,-23.3,-16.1,,
44292,울란바토르,2024-01-14 12:00,58,12,2,-99.8,871.6,1037.2,.9,-23.5,-17.2,-14.1,-99.8
44292,울란바토르,2024-01-14 15:00,61.8,0,0,,871.3,1038.1,.3,-24.5,-19,,
44292,울란바토르,2024-01-14 18:00,66.9,14,1,-99.8,870.9,1037.9,.4,-24,-19.4,-99.8,-99.8
44292,울란바토르,2024-01-14 21:00,62.9,12,1,-99.8,870.4,1037.1,.5,-24.4,-19.1,-99.8,-99.8
44292,울란바토르,2024-01-15 00:00,68.3,25,1,,869.9,1038,.5,-25.4,-21.1,,-21.3
44292,울란바토르,2024-01-15 03:00,49.9,12,2,,869.9,1033.9,0,-23.5,-15.4,,
44292,울란바토르,2024-01-15 06:00,40.1,12,3,-99.8,868.7,1028.9,1.2,-21.1,-10.1,-99.8,-99.8
44292,울란바토르,2024-01-15 09:00,46.1,10,2,,869,1030,.3,-20.5,-11.2,,
44292,울란바토르,2024-01-15 12:00,58.1,10,2,-99.8,868.8,1031.2,.2,-19.8,-13.3,-9.1,-99.8
44292,울란바토르,2024-01-15 15:00,61.8,10,3,-99.8,868.5,1031.7,.3,-20.3,-14.6,-99.8,-99.8
44292,울란바토르,2024-01-15 18:00,63.7,12,1,,867.6,1031.4,.9,-21,-15.7,,
44292,울란바토르,2024-01-15 21:00,63.8,10,2,-99.8,866.8,1030.3,.8,-20.8,-15.5,-99.8,-99.8
44292,울란바토르,2024-01-16 00:00,64.9,12,2,,866.1,1029.5,.7,-20.6,-15.5,,-16.2
44292,울란바토르,2024-01-16 03:00,54.1,12,2,,867.1,1028.2,1,-19.3,-11.9,,
44292,울란바토르,2024-01-16 06:00,49.9,26,2,,867.1,1025,0,-15.7,-7,,
44292,울란바토르,2024-01-16 09:00,60.8,33,5,,868.7,1029.4,1.6,-16.9,-10.8,,
44292,울란바토르,2024-01-16 12:00,70.1,10,2,,871.2,1033.8,2.5,-17.3,-13,-5.8,
44292,울란바토르,2024-01-16 15:00,71.8,15,1,,873.4,1036.6,2.2,-17.3,-13.3,,
44292,울란바토르,2024-01-16 18:00,71.9,0,0,,874.4,1037.7,1,-17.1,-13.1,,
44292,울란바토르,2024-01-16 21:00,73.7,1,1,,875.2,1040.8,.8,-19.8,-16.2,,
44292,울란바토르,2024-01-17 00:00,78.1,0,0,,876.4,1042.8,1.2,-20,-17.1,,-17.4
44292,울란바토르,2024-01-17 03:00,71,14,2,,877.4,1042.1,1,-18.4,-14.3,,
44292,울란바토르,2024-01-17 06:00,72,16,1,,876.7,1040.1,.7,-16.7,-12.7,,
44292,울란바토르,2024-01-17 09:00,82.1,28,1,,876.7,1040.3,0,-15.4,-13,,
44292,울란바토르,2024-01-17 12:00,84.1,0,0,.6,877.3,1041.7,.6,-16.1,-14,-11.7,
44292,울란바토르,2024-01-17 15:00,84.8,19,1,,876.9,1041.3,.4,-16,-14,,
44292,울란바토르,2024-01-17 18:00,86.2,0,0,,877.4,1041.9,.5,-15.9,-14.1,,
44292,울란바토르,2024-01-17 21:00,84.8,33,1,,877.3,1041.7,.1,-15.9,-13.9,,
44292,울란바토르,2024-01-18 00:00,83.1,30,1,2,877.8,1043.7,.5,-18.2,-16,,-16.1
44292,울란바토르,2024-01-18 03:00,77.9,23,1,-99.8,879.1,1044.4,1.3,-17.7,-14.7,-99.8,-99.8
44292,울란바토르,2024-01-18 06:00,73,25,3,-99.8,878.7,1043.2,.4,-17.5,-13.7,-99.8,-99.8
44292,울란바토르,2024-01-18 09:00,75.8,24,2,-99.8,879,1044.9,.3,-18.9,-15.6,-99.8,-99.8
44292,울란바토르,2024-01-18 12:00,79.2,30,1,0,880.4,1048.7,1.4,-21.4,-18.7,-13.5,-99.8
44292,울란바토르,2024-01-18 15:00,79.1,32,1,-99.8,881.1,1050,.7,-22,-19.3,-99.8,-99.8
44292,울란바토르,2024-01-18 18:00,77.7,16,1,,881.1,1050.1,0,-22.4,-19.5,,
44292,울란바토르,2024-01-18 21:00,73.9,8,1,,879.9,1048.1,1.2,-22.1,-18.6,,
44292,울란바토르,2024-01-19 00:00,79.2,0,0,.6,880.3,1048.5,.4,-21.3,-18.6,-99.8,-20.1
44292,울란바토르,2024-01-19 03:00,76.3,15,1,,880.3,1047,0,-19.6,-16.4,,
44292,울란바토르,2024-01-19 06:00,79,26,1,-99.8,878.7,1044.9,1.6,-19,-16.2,-99.8,-99.8
44292,울란바토르,2024-01-19 09:00,80.1,24,3,,879,1046.1,.3,-20,-17.4,,
44292,울란바토르,2024-01-19 12:00,71.9,35,4,1,879.6,1047.8,.6,-22.5,-18.7,-15.8,
44292,울란바토르,2024-01-19 15:00,71.8,35,2,,879.9,1048.7,.3,-23.3,-19.5,,
44292,울란바토르,2024-01-19 18:00,72.8,35,1,,879.7,1049.2,.2,-24.1,-20.5,,
44292,울란바토르,2024-01-19 21:00,73.2,0,0,,879.9,1050.6,.2,-25.6,-22.1,,
44292,울란바토르,2024-01-20 00:00,76.7,0,0,.6,881.4,1052,1.5,-24.6,-21.6,,-22.4
44292,울란바토르,2024-01-20 03:00,71.7,0,0,,882.4,1051.8,1,-23.5,-19.7,,
44292,울란바토르,2024-01-20 06:00,66,23,4,,882.1,1050.4,.3,-23,-18.2,,
44292,울란바토르,2024-01-20 09:00,68.1,35,3,,883.3,1052.5,1.2,-23.5,-19.1,,
44292,울란바토르,2024-01-20 12:00,70.7,0,0,0,884.7,1055.8,1.4,-25.2,-21.3,-17,
44292,울란바토르,2024-01-20 15:00,76.3,24,1,,885.6,1058.6,.9,-26.6,-23.6,,
44292,울란바토르,2024-01-20 18:00,74.3,32,1,-99.8,886,1061.4,.4,-29.9,-26.7,-99.8,-99.8
44292,울란바토르,2024-01-20 21:00,74.1,0,0,,887.2,1063.6,1.2,-30.8,-27.6,,
44292,울란바토르,2024-01-21 00:00,73.2,8,1,,887.9,1065.3,.7,-32,-28.7,,-29.3
44292,울란바토르,2024-01-21 03:00,71.7,0,0,,886.6,1061.5,1.3,-29.5,-25.9,,
44292,울란바토르,2024-01-21 06:00,72.9,24,2,-99.8,885.3,1057.9,1.3,-26.7,-23.2,-99.8,-99.8
44292,울란바토르,2024-01-21 09:00,75,28,2,-99.8,885.2,1057.6,.1,-26.1,-22.9,-99.8,-99.8
44292,울란바토르,2024-01-21 12:00,75.3,0,0,,886.3,1061.9,1.1,-28.4,-25.3,-21.9,
44292,울란바토르,2024-01-21 15:00,72.7,15,1,-99.8,886.4,1059.9,.1,-28,-24.5,-99.8,-99.8
44292,울란바토르,2024-01-21 18:00,70.8,0,0,-99.8,886.5,1059.7,.1,-27.9,-24.1,-99.8,-99.8
44292,울란바토르,2024-01-21 21:00,73.2,24,1,-99.8,887.3,1061.7,.8,-28.8,-25.4,-99.8,-99.8
44292,울란바토르,2024-01-22 00:00,72.9,25,1,-99.8,888.9,1064.6,1.6,-30.1,-26.7,-99.8,-27.2
44292,울란바토르,2024-01-22 03:00,63.1,0,0,,890.4,1062.9,1.5,-27.5,-22.4,,
44292,울란바토르,2024-01-22 06:00,56.1,21,1,,889.9,1060.5,.5,-26.6,-20.1,,
44292,울란바토르,2024-01-22 09:00,63.1,28,2,-99.8,890.5,1063,.6,-27.6,-22.5,-99.8,-99.8
44292,울란바토르,2024-01-22 12:00,71.1,30,2,,891.3,1069,.8,-29.5,-25.8,-19.9,
44292,울란바토르,2024-01-22 15:00,74.3,30,1,-99.8,890.7,1066.7,.6,-29.8,-26.6,-99.8,-99.8
44292,울란바토르,2024-01-22 18:00,74.1,28,1,,889.8,1066.4,.9,-30.8,-27.6,,
44292,울란바토르,2024-01-22 21:00,73.2,0,0,-99.8,888.5,1065.6,1.3,-31.9,-28.6,-99.8,-99.8
44292,울란바토르,2024-01-23 00:00,74.1,19,1,-99.8,888.2,1064.5,.3,-30.8,-27.6,-99.8,-28.9
44292,울란바토르,2024-01-23 03:00,71.3,19,1,,887.7,1062.1,.5,-28.5,-24.8,,
44292,울란바토르,2024-01-23 06:00,61,21,1,,885.8,1056.2,1.9,-25.5,-19.9,,
44292,울란바토르,2024-01-23 09:00,66.7,28,1,-99.8,884.8,1055.1,1,-24.7,-20.1,-99.8,-99.8
44292,울란바토르,2024-01-23 12:00,73.1,10,1,,884.6,1056.7,.2,-26,-22.5,-18.2,
44292,울란바토르,2024-01-23 15:00,71.8,8,1,-99.8,883.4,1055.2,1.2,-26.2,-22.5,-99.8,-99.8
44292,울란바토르,2024-01-23 18:00,73.9,0,0,-99.8,882.6,1056.3,.8,-28.4,-25.1,-99.8,-99.8
44292,울란바토르,2024-01-23 21:00,73.9,0,0,-99.8,880.7,1054.1,1.9,-28.5,-25.2,-99.8,-99.8
44292,울란바토르,2024-01-24 00:00,75,0,0,-99.8,880.1,1054.3,.6,-29.6,-26.5,-99.8,-26.9
44292,울란바토르,2024-01-24 03:00,62,17,2,-99.8,879.8,1050.9,.3,-27.7,-22.4,-99.8,-99.8
44292,울란바토르,2024-01-24 06:00,54.8,16,1,,877.7,1045,2.1,-24.7,-17.8,,
44292,울란바토르,2024-01-24 09:00,57.9,26,2,,877,1044,.7,-23.8,-17.5,,
44292,울란바토르,2024-01-24 12:00,66.8,28,1,,877.8,1048.3,.8,-26.7,-22.2,-14.6,
44292,울란바토르,2024-01-24 15:00,72.7,23,1,,878.3,1050.5,.5,-27.8,-24.3,,
44292,울란바토르,2024-01-24 18:00,73.9,27,1,,878.4,1051.2,.1,-28.3,-25,,
44292,울란바토르,2024-01-24 21:00,73.7,28,1,,878.6,1052.4,.2,-29.6,-26.3,,
44292,울란바토르,2024-01-25 00:00,72.7,0,0,,879.6,1054.6,1,-31,-27.6,,-27.6
44292,울란바토르,2024-01-25 03:00,65.9,0,0,,880.4,1052.1,.8,-27.7,-23.1,,
44292,울란바토르,2024-01-25 06:00,61.2,17,1,,879.6,1048.3,.8,-24.8,-19.2,,
44292,울란바토르,2024-01-25 09:00,57,26,1,,879.5,1047.8,.1,-25.1,-18.7,,
44292,울란바토르,2024-01-25 12:00,67.9,0,0,,880.2,1051.6,.7,-27,-22.7,-17.7,
44292,울란바토르,2024-01-25 15:00,69.8,0,0,,880.1,1051.5,.1,-26.7,-22.7,,
44292,울란바토르,2024-01-25 18:00,73.3,16,1,,879.5,1052.3,.6,-28.2,-24.8,,
44292,울란바토르,2024-01-25 21:00,73.2,15,1,,878.6,1051.5,.9,-28.5,-25.1,,
44292,울란바토르,2024-01-26 00:00,73.9,35,1,,878.3,1051.1,.3,-28.4,-25.1,,-25.7
44292,울란바토르,2024-01-26 03:00,57.9,16,2,,878.2,1046.8,.1,-25.7,-19.5,,
44292,울란바토르,2024-01-26 06:00,49.9,14,2,,877.1,1042.7,1.1,-23.6,-15.5,,
44292,울란바토르,2024-01-26 09:00,46.8,8,1,,876.9,1041.6,.2,-23.2,-14.3,,
44292,울란바토르,2024-01-26 12:00,64.1,0,0,-99.8,876.9,1044.7,0,-23.8,-18.7,-13,-99.8
44292,울란바토르,2024-01-26 15:00,69.1,10,1,,876.4,1045,.5,-24.2,-20,,
44292,울란바토르,2024-01-26 18:00,71.9,28,2,-99.8,876,1046,.4,-25.7,-22,-99.8,-99.8
44292,울란바토르,2024-01-26 21:00,72.2,0,0,-99.8,875.7,1046.9,.3,-27.2,-23.6,-99.8,-99.8
44292,울란바토르,2024-01-27 00:00,72.7,0,0,,876,1047.8,.3,-27.9,-24.4,,-24.5
44292,울란바토르,2024-01-27 03:00,57.9,16,2,-99.8,876.5,1044.8,.5,-25.7,-19.5,-99.8,-99.8
44292,울란바토르,2024-01-27 06:00,52.1,16,2,-99.8,876,1041.4,.5,-23.1,-15.5,-99.8,-99.8
44292,울란바토르,2024-01-27 09:00,57,28,2,,876.4,1043,.4,-23.6,-17.1,,
44292,울란바토르,2024-01-27 12:00,64.7,30,1,,877.2,1046.6,.8,-25.7,-20.8,-14.6,
44292,울란바토르,2024-01-27 15:00,71,0,0,-99.8,877.3,1048.3,.1,-26.8,-23,-99.8,-99.8
44292,울란바토르,2024-01-27 18:00,72.9,0,0,-99.8,877,1048.4,.3,-27.1,-23.6,-99.8,-99.8
44292,울란바토르,2024-01-27 21:00,72.7,0,0,-99.8,876.7,1048.7,.3,-28,-24.5,-99.8,-99.8
44292,울란바토르,2024-01-28 00:00,73.1,0,0,-99.8,876.6,1049.5,.1,-29,-25.6,-99.8,-25.6
44292,울란바토르,2024-01-28 03:00,60.8,14,1,-99.8,876.7,1045.8,.1,-26.2,-20.6,-99.8,-99.8
44292,울란바토르,2024-01-28 06:00,54.9,19,1,-99.8,875.1,1040.4,1.6,-22.6,-15.6,-99.8,-99.8
44292,울란바토르,2024-01-28 09:00,55,23,2,-99.8,874.1,1039,1,-22.3,-15.3,-99.8,-99.8
44292,울란바토르,2024-01-28 12:00,66.8,0,0,-99.8,873.7,1041.6,.4,-24.3,-19.7,-13.8,-99.8
44292,울란바토르,2024-01-28 15:00,71.7,12,1,-99.8,872.8,1040.5,.9,-23.5,-19.7,-99.8,-99.8
44292,울란바토르,2024-01-28 18:00,74,0,0,,871.4,1040,1.4,-24.6,-21.2,,
44292,울란바토르,2024-01-28 21:00,75.9,14,1,,869.8,1038.6,1.6,-25.1,-22,,
44292,울란바토르,2024-01-29 00:00,77,28,1,-99.8,869,1038.7,.8,-26.3,-23.4,-99.8,-23.5
44292,울란바토르,2024-01-29 03:00,64,19,1,-99.8,868.7,1035.1,.3,-24.1,-19,-99.8,-99.8
44292,울란바토르,2024-01-29 06:00,62,19,2,,867.4,1031.4,1.3,-21.5,-15.9,,
44292,울란바토르,2024-01-29 09:00,67.2,28,3,,867.5,1033,.1,-22.6,-18,,
44292,울란바토르,2024-01-29 12:00,75.9,26,1,,868.6,1037.3,1.1,-25.2,-22.1,-15.3,
44292,울란바토르,2024-01-29 15:00,76.7,28,2,-99.8,869.2,1040.3,.6,-28.1,-25.2,-99.8,-99.8
44292,울란바토르,2024-01-29 18:00,74.9,28,1,,869.4,1042.1,.2,-30.3,-27.2,,
44292,울란바토르,2024-01-29 21:00,74,28,1,,870.2,1043.8,.8,-31.4,-28.2,,
44292,울란바토르,2024-01-30 00:00,74.1,25,1,,870.8,1044,.6,-30.8,-27.6,,-28.6
44292,울란바토르,2024-01-30 03:00,69.7,15,1,,871.9,1044.1,1.1,-29.9,-26,,
44292,울란바토르,2024-01-30 06:00,64.9,23,2,,872.3,1041.9,.4,-27.2,-22.4,,
44292,울란바토르,2024-01-30 09:00,67.9,30,2,,873.1,1043,.8,-26.9,-22.6,,
44292,울란바토르,2024-01-30 12:00,75.2,5,1,,874.6,1047.2,1.5,-28.9,-25.8,-21,
44292,울란바토르,2024-01-30 15:00,74,0,0,,875.8,1050.4,1.2,-31.2,-28,,
44292,울란바토르,2024-01-30 18:00,73.8,10,1,,876.7,1052.1,.9,-32.1,-28.9,,
44292,울란바토르,2024-01-30 21:00,72.1,15,1,,877,1053.5,.3,-33.6,-30.2,,
44292,울란바토르,2024-01-31 00:00,70.7,16,1,,877.7,1054.5,.7,-34,-30.4,,-30.6
44292,울란바토르,2024-01-31 03:00,62.8,10,3,,878.2,1051.8,.5,-31.1,-26.1,,
44292,울란바토르,2024-01-31 06:00,51,14,2,,878,1048.6,.2,-29.7,-22.3,,
44292,울란바토르,2024-01-31 09:00,47.7,12,3,,878.2,1047.9,.2,-29.2,-21,,
44292,울란바토르,2024-01-31 12:00,58.6,13,1,,878.9,1051.2,.7,-30.1,-24.3,-19.4,
44292,울란바토르,2024-01-31 15:00,60.7,17,1,,879.4,1052.3,.5,-30.3,-24.9,,
44292,울란바토르,2024-01-31 18:00,63,10,3,,878.5,1051.5,.9,-30.3,-25.3,,
44292,울란바토르,2024-01-31 21:00,61.8,9,2,,877.7,1050.5,.8,-30.5,-25.3,,
44292,울란바토르,2024-02-01 00:00,64.8,12,2,-99.8,877.1,1049.9,.6,-30.1,-25.4,-99.8,-26.3
44292,울란바토르,2024-02-01 03:00,56.7,16,2,,876.7,1046.7,.4,-28.1,-21.8,,
44292,울란바토르,2024-02-01 06:00,49,17,1,-99.8,875.2,1041.4,1.5,-25.1,-16.9,-99.8,-99.8
44292,울란바토르,2024-02-01 09:00,59.9,26,2,-99.8,874.3,1039.8,.9,-22.1,-16.1,-99.8,-99.8
44292,울란바토르,2024-02-01 12:00,69.1,24,1,,874.8,1043.1,.5,-24.2,-20,-14.2,
44292,울란바토르,2024-02-01 15:00,73.7,3,1,,875,1045.3,.2,-26,-22.6,,
44292,울란바토르,2024-02-01 18:00,74.6,0,0,,875.9,1048.1,.9,-28.1,-24.9,,
44292,울란바토르,2024-02-01 21:00,73.8,15,1,,876.2,1048.9,.3,-28.8,-25.5,,
44292,울란바토르,2024-02-02 00:00,74.2,16,1,,877.5,1051.8,1.3,-30.4,-27.2,,-27.4
44292,울란바토르,2024-02-02 03:00,64.8,17,1,,878.9,1050,1.4,-27.5,-22.7,,
44292,울란바토르,2024-02-02 06:00,58.7,12,1,,879.1,1047.1,.2,-24.5,-18.4,,
44292,울란바토르,2024-02-02 09:00,62.9,24,2,,879.9,1048.4,.8,-24.1,-18.8,,
44292,울란바토르,2024-02-02 12:00,72,0,0,,880.8,1051.3,.9,-25,-21.3,-15.5,
44292,울란바토르,2024-02-02 15:00,73,0,0,,881.1,1052.9,.3,-26.5,-23,,
44292,울란바토르,2024-02-02 18:00,72.7,12,1,,881.2,1053.9,.1,-27.7,-24.2,,
44292,울란바토르,2024-02-02 21:00,73.1,0,0,,880.3,1053.8,.9,-28.9,-25.5,,
44292,울란바토르,2024-02-03 00:00,71.3,10,1,,879.5,1052.4,.8,-28.6,-24.9,,-25.8
44292,울란바토르,2024-02-03 03:00,57.7,12,4,,878.8,1047.8,.7,-26.1,-19.9,,
44292,울란바토르,2024-02-03 06:00,52.9,12,3,,876.8,1041.7,2,-22.1,-14.6,,
44292,울란바토르,2024-02-03 09:00,52.8,12,2,-99.8,875.6,1040.4,1.2,-22.3,-14.8,-99.8,-99.8
44292,울란바토르,2024-02-03 12:00,60.9,12,2,-99.8,875.2,1042.2,.4,-23.8,-18.1,-13.4,-99.8
44292,울란바토르,2024-02-03 15:00,66.2,12,3,-99.8,874.6,1042.8,.6,-24.5,-19.8,-99.8,-99.8
44292,울란바토르,2024-02-03 18:00,64.9,14,2,,872.8,1040.8,1.8,-24.9,-20,,
44292,울란바토르,2024-02-03 21:00,63.9,10,3,-99.8,871.3,1038.8,1.5,-24.8,-19.7,-99.8,-99.8
44292,울란바토르,2024-02-04 00:00,59.7,12,3,,871.1,1037.7,.2,-24.4,-18.5,,-20.6
44292,울란바토르,2024-02-04 03:00,45.1,10,5,-99.8,870.5,1033.4,.6,-22.8,-13.4,-99.8,-99.8
44292,울란바토르,2024-02-04 06:00,38.8,12,4,,869.7,1030.7,.8,-22.2,-10.9,,
44292,울란바토르,2024-02-04 09:00,37.9,10,3,-99.8,869.5,1029.8,.2,-21.5,-9.8,-99.8,-99.8
44292,울란바토르,2024-02-04 12:00,46,10,3,,870.9,1033.6,1.4,-22.2,-13,-8.8,
44292,울란바토르,2024-02-04 15:00,61,1,1,,871.7,1037.9,.8,-23.6,-17.9,,
44292,울란바토르,2024-02-04 18:00,59.9,10,2,,872.1,1038.4,.4,-23.8,-17.9,,
44292,울란바토르,2024-02-04 21:00,64.8,10,1,,872.3,1040.7,.2,-25.6,-20.7,,
44292,울란바토르,2024-02-05 00:00,67.7,17,1,,873.9,1042.7,1.6,-25.3,-20.9,,-21.7
44292,울란바토르,2024-02-05 03:00,55.1,19,2,,875.3,1042.5,1.4,-25.1,-18.3,,
44292,울란바토르,2024-02-05 06:00,61.8,23,2,-99.8,875.5,1040.1,.2,-20.3,-14.6,-99.8,-99.8
44292,울란바토르,2024-02-05 09:00,66.7,28,2,-99.8,876.5,1041.7,1,-19.9,-15.1,-99.8,-99.8
44292,울란바토르,2024-02-05 12:00,77.2,33,1,,878.2,1046.3,1.7,-21.7,-18.7,-13.6,
44292,울란바토르,2024-02-05 15:00,78.3,0,0,,879.2,1048.5,1,-23,-20.2,,
44292,울란바토르,2024-02-05 18:00,74,0,0,,879.7,1049.9,.5,-24.6,-21.2,,
44292,울란바토르,2024-02-05 21:00,75,0,0,,879.5,1050.9,.2,-26.1,-22.9,,
44292,울란바토르,2024-02-06 00:00,74.9,14,1,,880.1,1052.1,.6,-26.8,-23.6,,-23.6
44292,울란바토르,2024-02-06 03:00,61.8,19,1,-99.8,880.6,1049.2,.5,-24.3,-18.8,-99.8,-99.8
44292,울란바토르,2024-02-06 06:00,57.9,16,1,-99.8,879.4,1044.2,1.2,-20.2,-13.7,-99.8,-99.8
44292,울란바토르,2024-02-06 09:00,64.9,24,1,,878.9,1043.2,.5,-18.4,-13.2,,
44292,울란바토르,2024-02-06 12:00,72.1,0,0,-99.8,879.5,1047.4,.6,-21.9,-18.1,-12.6,-99.8
44292,울란바토르,2024-02-06 15:00,75.7,12,1,-99.8,879.8,1048.6,.3,-22.5,-19.3,-99.8,-99.8
44292,울란바토르,2024-02-06 18:00,74,0,0,-99.8,879.3,1049.5,.5,-24.7,-21.3,-99.8,-99.8
44292,울란바토르,2024-02-06 21:00,75.3,12,2,,878,1048,1.3,-24.6,-21.4,,
44292,울란바토르,2024-02-07 00:00,75,0,0,,877.9,1049.3,.1,-26.5,-23.3,,-23.3
44292,울란바토르,2024-02-07 03:00,62.8,12,2,,877.7,1046,.2,-24.5,-19.2,,
44292,울란바토르,2024-02-07 06:00,56,12,2,-99.8,875.8,1039.8,1.9,-20.5,-13.6,-99.8,-99.8
44292,울란바토르,2024-02-07 09:00,59.7,19,1,,874.5,1037.6,1.3,-18.9,-12.7,,
44292,울란바토르,2024-02-07 12:00,67.8,0,0,,874.2,1041,.3,-22.5,-18,-12.2,
44292,울란바토르,2024-02-07 15:00,73,14,1,-99.8,873.3,1041.1,.9,-23.3,-19.7,-99.8,-99.8
44292,울란바토르,2024-02-07 18:00,73.1,0,0,-99.8,872.2,1041.9,1.1,-26.1,-22.6,-99.8,-99.8
44292,울란바토르,2024-02-07 21:00,74.9,28,1,-99.8,870.1,1040.1,2.1,-26.7,-23.5,-99.8,-99.8
44292,울란바토르,2024-02-08 00:00,76.1,0,0,-99.8,870,1041,.1,-27.8,-24.8,-99.8,-25.4
44292,울란바토르,2024-02-08 03:00,60.7,19,1,-99.8,869.5,1037.5,.5,-26.5,-20.9,-99.8,-99.8
44292,울란바토르,2024-02-08 06:00,69.8,25,2,-99.8,868.3,1033.4,1.2,-21.4,-17.2,-99.8,-99.8
44292,울란바토르,2024-02-08 09:00,67.2,28,3,,868,1033.5,.3,-22.4,-17.8,,
44292,울란바토르,2024-02-08 12:00,78.1,26,1,-99.8,868.9,1037.1,.9,-24.2,-21.4,-15.7,-99.8
44292,울란바토르,2024-02-08 15:00,78.7,0,0,-99.8,869.5,1038.1,.6,-24.5,-21.8,-99.8,-99.8
44292,울란바토르,2024-02-08 18:00,77.8,3,1,-99.8,869.4,1038.7,.1,-25.6,-22.8,-99.8,-99.8
44292,울란바토르,2024-02-08 21:00,75.9,0,0,-99.8,869.9,1041.3,.5,-28.4,-25.4,-99.8,-99.8
44292,울란바토르,2024-02-09 00:00,76.2,12,2,-99.8,869.8,1040,.1,-26.9,-23.9,-99.8,-25.8
44292,울란바토르,2024-02-09 03:00,62.2,16,3,,870.5,1037.7,.7,-24.9,-19.5,,
44292,울란바토르,2024-02-09 06:00,56.1,19,2,-99.8,869.6,1033.4,.9,-21.8,-15,-99.8,-99.8
44292,울란바토르,2024-02-09 09:00,49,28,2,-99.8,869.8,1032.1,.2,-21.2,-12.7,-99.8,-99.8
44292,울란바토르,2024-02-09 12:00,70.2,0,0,-99.8,870.9,1037.1,1.1,-22.2,-18.1,-12.5,-99.8
44292,울란바토르,2024-02-09 15:00,72.9,0,0,,871.4,1039.4,.5,-24,-20.4,,
44292,울란바토르,2024-02-09 18:00,77.2,0,0,-99.8,871.9,1041.5,.5,-25.4,-22.5,-99.8,-99.8
44292,울란바토르,2024-02-09 21:00,77,0,0,-99.8,871.6,1041.7,.3,-26.2,-23.3,-99.8,-99.8
44292,울란바토르,2024-02-10 00:00,74.2,0,0,,871.5,1042.1,.1,-27.2,-23.9,,-24.2
44292,울란바토르,2024-02-10 03:00,64.2,0,0,,871.8,1038.5,.3,-23.6,-18.5,,
44292,울란바토르,2024-02-10 06:00,60.2,26,2,,870.5,1031.8,1.3,-17.3,-11.1,,
44292,울란바토르,2024-02-10 09:00,60.1,30,2,,870.5,1032,0,-17.6,-11.4,,
44292,울란바토르,2024-02-10 12:00,69.9,5,1,,870.3,1033.4,.2,-18.1,-13.8,-10.7,
44292,울란바토르,2024-02-10 15:00,71.1,7,1,,869.2,1032.2,1.1,-18.1,-14,,
44292,울란바토르,2024-02-10 18:00,75.2,12,2,,867.4,1030.8,1.8,-18.4,-15,,
44292,울란바토르,2024-02-10 21:00,76.9,10,1,,865.7,1029.7,1.7,-19.4,-16.3,,
44292,울란바토르,2024-02-11 00:00,78,0,0,,865.1,1030,.6,-20.7,-17.8,,-18.1
44292,울란바토르,2024-02-11 03:00,59.8,19,1,,864.1,1025.1,1,-18.6,-12.4,,
44292,울란바토르,2024-02-11 06:00,53.8,17,1,,862,1017.9,2.1,-13.1,-5.2,,
44292,울란바토르,2024-02-11 09:00,58,21,1,,860.3,1014.6,1.7,-10.2,-3.1,,
44292,울란바토르,2024-02-11 12:00,72.8,12,1,,859.8,1017.5,.5,-12.6,-8.6,-1.8,
44292,울란바토르,2024-02-11 15:00,77.9,3,1,-99.8,858.9,1017.8,.9,-13.8,-10.7,-99.8,-99.8
44292,울란바토르,2024-02-11 18:00,76.3,0,0,,857.8,1017.6,1.1,-15.7,-12.4,,
44292,울란바토르,2024-02-11 21:00,78.3,6,1,-99.8,856.9,1016.6,.9,-15.4,-12.4,-99.8,-99.8
44292,울란바토르,2024-02-12 00:00,78.1,0,0,-99.8,855.9,1015.9,1,-16.2,-13.2,-99.8,-13.3
44292,울란바토르,2024-02-12 03:00,65.9,0,0,-99.8,854.9,1012,1,-14.2,-9,-99.8,-99.8
44292,울란바토르,2024-02-12 09:00,48.9,30,2,-99.8,852.5,1004.8,.9,-11.4,-2.1,-99.8,-99.8
44292,울란바토르,2024-02-12 12:00,68.2,0,0,0,855.7,1009.5,3.2,-8.6,-3.6,-1,-99.8
44292,울란바토르,2024-02-12 15:00,79,34,6,-99.8,859.1,1016.4,3.4,-11.1,-8.1,-99.8,-99.8
44292,울란바토르,2024-02-12 18:00,75.9,33,3,-99.8,862.1,1022,3,-14.7,-11.3,-99.8,-99.8
44292,울란바토르,2024-02-13 00:00,79,3,1,0,867.3,1031.5,2.4,-19,-16.2,,-16.2
44292,울란바토르,2024-02-13 03:00,78.1,25,2,,869.6,1032.2,2.3,-16.2,-13.2,,
44292,울란바토르,2024-02-13 06:00,74.1,23,4,,869.8,1030.8,.2,-14.5,-10.8,,
44292,울란바토르,2024-02-13 09:00,74.1,26,2,,870.8,1032.2,1,-14.8,-11.1,,
44292,울란바토르,2024-02-13 12:00,84,30,2,,872.6,1036.8,1.8,-16.8,-14.7,-10.2,
44292,울란바토르,2024-02-13 15:00,82.4,23,1,,874.3,1039.9,1.7,-18.6,-16.3,,
44292,울란바토르,2024-02-13 18:00,85.1,28,2,-99.8,875.5,1042.2,1.2,-19.4,-17.5,-99.8,-99.8
44292,울란바토르,2024-02-13 21:00,81.1,23,1,-99.8,876.3,1045.3,.8,-22.9,-20.5,-99.8,-99.8
44292,울란바토르,2024-02-14 00:00,77.8,34,1,-99.8,877.6,1048.8,1.3,-26,-23.2,-99.8,-23.4
44292,울란바토르,2024-02-14 03:00,82.1,28,1,-99.8,878.2,1045.9,.6,-20.5,-18.2,-99.8,-99.8
44292,울란바토르,2024-02-14 06:00,61.8,24,3,-99.8,877.3,1042.4,.9,-20.5,-14.8,-99.8,-99.8
44292,울란바토르,2024-02-14 09:00,53.8,24,2,-99.8,876.8,1041.7,.5,-21.9,-14.6,-99.8,-99.8
44292,울란바토르,2024-02-14 12:00,62.1,32,1,-99.8,876.8,1043.8,0,-23.1,-17.6,-14,-99.8
44292,울란바토르,2024-02-14 15:00,62.8,10,2,-99.8,875,1042.9,1.8,-24.7,-19.4,-99.8,-99.8
44292,울란바토르,2024-02-14 18:00,64.7,10,3,,872.1,1040.6,2.9,-25.8,-20.9,,
44292,울란바토르,2024-02-14 21:00,65.8,10,2,,868.8,1036.9,3.3,-26,-21.3,,
44292,울란바토르,2024-02-15 00:00,66.9,10,2,,865.8,1033.6,3,-26.1,-21.6,,-22.4
44292,울란바토르,2024-02-15 03:00,51.2,10,3,,863.3,1026.4,2.5,-23.5,-15.7,,
44292,울란바토르,2024-02-15 06:00,51.1,19,1,,860,1019.7,3.3,-19.7,-11.6,,
44292,울란바토르,2024-02-15 09:00,52,23,1,,857.7,1015.8,2.3,-17.8,-9.8,,
44292,울란바토르,2024-02-15 12:00,63.8,0,0,,856.3,1016.4,1.4,-18.6,-13.2,-8.4,
44292,울란바토르,2024-02-15 15:00,62.1,10,1,-99.8,854.4,1014.3,1.9,-19.2,-13.5,-99.8,-99.8
44292,울란바토르,2024-02-15 18:00,65,12,1,-99.8,851.9,1012.4,2.5,-20.2,-15.1,-99.8,-99.8
44292,울란바토르,2024-02-15 21:00,70,7,1,-99.8,849.9,1010.7,2,-20.2,-16,-99.8,-99.8
44292,울란바토르,2024-02-16 00:00,67.9,14,2,-99.8,848.2,1007.8,1.7,-19.4,-14.8,-99.8,-16.5
44292,울란바토르,2024-02-16 03:00,53,17,2,-99.8,847.3,1004.3,.9,-18.7,-11,-99.8,-99.8
44292,울란바토르,2024-02-16 06:00,44.9,19,1,,845.2,997.5,2.1,-14.4,-4.2,,
44292,울란바토르,2024-02-16 09:00,50,30,1,-99.8,842.5,992.5,2.7,-10.3,-1.2,-99.8,-99.8
44292,울란바토르,2024-02-16 12:00,63.1,34,3,-99.8,842.4,993.7,.1,-9.4,-3.4,-1.1,-99.8
44292,울란바토르,2024-02-16 15:00,72.2,33,2,-99.8,845.1,1000,2.7,-12.6,-8.5,-99.8,-99.8
44292,울란바토르,2024-02-16 18:00,81.3,3,3,-99.8,845.6,1001.5,.5,-12.5,-9.9,-99.8,-99.8
44292,울란바토르,2024-02-16 21:00,75,32,6,,847.1,1005.3,1.5,-16.4,-12.9,,
44292,울란바토르,2024-02-17 00:00,72.8,33,5,2,848.8,1008.5,1.7,-18.5,-14.7,-99.8,-14.7
44292,울란바토르,2024-02-17 03:00,71.3,35,4,-99.8,851.2,1012.2,2.4,-20,-16,-99.8,-99.8
44292,울란바토르,2024-02-17 06:00,64.1,1,6,-99.8,853.5,1015.4,2.3,-21.8,-16.6,-99.8,-99.8
44292,울란바토르,2024-02-17 09:00,60.9,33,4,,856.9,1020.6,3.4,-24,-18.3,,
44292,울란바토르,2024-02-17 12:00,58,34,6,1,861.1,1027.5,4.2,-27.1,-21,-14.5,-99.8
44292,울란바토르,2024-02-17 15:00,61.1,1,2,-99.8,864.3,1033.2,3.2,-28.9,-23.5,-99.8,-99.8
44292,울란바토르,2024-02-17 18:00,59.7,1,2,-99.8,865.9,1035.7,1.6,-30,-24.4,-99.8,-99.8
44292,울란바토르,2024-02-17 21:00,65.1,1,2,,867.1,1038.8,1.2,-31.2,-26.6,,
44292,울란바토르,2024-02-18 00:00,60.1,0,0,,869.3,1041.9,2.2,-32.6,-27.2,,-27.3
44292,울란바토르,2024-02-18 03:00,49,30,2,,871,1041.5,1.7,-31.7,-24,,
44292,울란바토르,2024-02-18 06:00,47.9,30,5,,871.4,1041.4,.4,-31.2,-23.2,,
44292,울란바토르,2024-02-18 09:00,46.9,32,4,,872.9,1043.5,1.5,-31.8,-23.6,,
44292,울란바토르,2024-02-18 12:00,55.7,0,0,,874.8,1048.2,1.9,-33,-26.8,-22.6,
44292,울란바토르,2024-02-18 15:00,68.8,1,2,,875.3,1051.2,.5,-33.7,-29.8,,
44292,울란바토르,2024-02-18 18:00,67.2,0,0,,875.7,1052.6,.4,-35.1,-31,,
44292,울란바토르,2024-02-18 21:00,69.6,0,0,,875.7,1053.4,0,-35.7,-32,,
44292,울란바토르,2024-02-19 00:00,68.8,6,1,,876.6,1054.9,.9,-36.3,-32.5,,-32.7
44292,울란바토르,2024-02-19 03:00,63.2,12,3,-99.8,876.2,1049.9,.4,-31.7,-26.8,-99.8,-99.8
44292,울란바토르,2024-02-19 06:00,51.7,19,2,-99.8,876,1048.1,.2,-31.8,-24.7,-99.8,-99.8
44292,울란바토르,2024-02-19 09:00,50,12,2,,875.1,1045.3,.9,-30.1,-22.5,,
44292,울란바토르,2024-02-19 12:00,57.8,10,2,-99.8,876.4,1049.1,1.3,-31.4,-25.5,-20.4,-99.8
44292,울란바토르,2024-02-19 15:00,63.1,10,3,,877.3,1051.5,.9,-32.1,-27.2,,
44292,울란바토르,2024-02-19 18:00,64.9,12,1,,878.7,1055.2,1.4,-34.2,-29.7,,
44292,울란바토르,2024-02-19 21:00,64.2,12,2,-99.8,879,1055.7,.3,-34.5,-29.9,-99.8,-99.8
44292,울란바토르,2024-02-20 00:00,65.7,0,0,,880,1058.3,1,-35.9,-31.6,,-31.8
44292,울란바토르,2024-02-20 03:00,54,15,2,-99.8,882.2,1057.3,2.2,-33.6,-27.1,-99.8,-99.8
44292,울란바토르,2024-02-20 06:00,55.8,23,2,-99.8,882.9,1054.9,.7,-29.3,-22.9,-99.8,-99.8
44292,울란바토르,2024-02-20 09:00,55,24,2,-99.8,883.8,1055.4,.9,-28.7,-22.1,-99.8,-99.8
44292,울란바토르,2024-02-20 12:00,63.9,33,1,-99.8,886,1061.3,2.2,-31.2,-26.4,-21.5,-99.8
44292,울란바토르,2024-02-20 15:00,71.1,32,1,-99.8,887.3,1064.7,1.3,-32.3,-28.7,-99.8,-99.8
44292,울란바토르,2024-02-20 18:00,70.7,0,0,-99.8,887.2,1065.8,.1,-33.8,-30.2,-99.8,-99.8
44292,울란바토르,2024-02-20 21:00,69.7,0,0,,887.1,1067,.1,-35.5,-31.8,,
44292,울란바토르,2024-02-21 00:00,71,14,1,,887.4,1067.4,.3,-35.4,-31.9,,-32.3
44292,울란바토르,2024-02-21 03:00,56.7,17,2,,887.8,1064.1,.4,-33.2,-27.2,,
44292,울란바토르,2024-02-21 06:00,47.7,21,1,,886.7,1059.1,1.1,-30.5,-22.4,,
44292,울란바토르,2024-02-21 09:00,46.9,21,2,,885.6,1056.6,1.1,-29.2,-20.8,,
44292,울란바토르,2024-02-21 12:00,62.7,0,0,,886.9,1060.7,1.3,-29.3,-24.2,-19.1,
44292,울란바토르,2024-02-21 15:00,63.8,12,2,,885.8,1059.6,1.1,-29.4,-24.5,,
44292,울란바토르,2024-02-21 18:00,64,12,2,-99.8,885,1059.8,.8,-30.8,-26,-99.8,-99.8
44292,울란바토르,2024-02-21 21:00,59.9,12,3,-99.8,884,1058.4,1,-31.2,-25.7,-99.8,-99.8
44292,울란바토르,2024-02-22 00:00,55.8,14,2,,883.5,1057.2,.5,-31.2,-24.9,,-26.4
44292,울란바토르,2024-02-22 03:00,42,12,3,,883.3,1052.8,.2,-29,-19.3,,
44292,울란바토르,2024-02-22 06:00,37.9,12,3,,881.3,1045.9,2,-24.3,-12.9,,
44292,울란바토르,2024-02-22 09:00,37.1,14,2,,880.1,1044,1.2,-23.9,-12.2,,
44292,울란바토르,2024-02-22 12:00,36.1,10,2,,880,1044.6,.1,-25.2,-13.3,-11.9,
44292,울란바토르,2024-02-22 15:00,31.1,14,2,-99.8,879.6,1044.3,.4,-27.1,-13.6,-99.8,-99.8
44292,울란바토르,2024-02-22 18:00,38.9,8,4,-99.8,878.4,1043.2,1.2,-25,-14,-99.8,-99.8
44292,울란바토르,2024-02-22 21:00,36,15,2,,877.2,1042.8,1.2,-27.2,-15.5,,
44292,울란바토르,2024-02-23 00:00,42,5,1,-99.8,877.7,1044.3,.5,-26.7,-16.8,-99.8,-17.1
44292,울란바토르,2024-02-23 03:00,37,12,2,,877.7,1042.1,0,-25.2,-13.6,,
44292,울란바토르,2024-02-23 06:00,53,25,2,-99.8,876.2,1039.5,1.5,-20.1,-12.5,-99.8,-99.8
44292,울란바토르,2024-02-23 09:00,58.1,30,3,-99.8,875.5,1039,.7,-19.5,-13,-99.8,-99.8
44292,울란바토르,2024-02-23 12:00,64.1,26,3,,876.6,1042.7,1.1,-21.6,-16.4,-12.1,
44292,울란바토르,2024-02-23 15:00,70.1,30,2,,877.4,1045.3,.8,-22.8,-18.7,,
44292,울란바토르,2024-02-23 18:00,73.3,0,0,-99.8,877.3,1047.2,.1,-25,-21.5,-99.8,-99.8
44292,울란바토르,2024-02-23 21:00,73.7,0,0,-99.8,876.8,1047.7,.5,-26.3,-22.9,-99.8,-99.8
44292,울란바토르,2024-02-24 00:00,74.8,0,0,,877.6,1049.7,.8,-27.5,-24.3,,-24.9
44292,울란바토르,2024-02-24 03:00,62.2,15,2,,878.4,1047,.8,-24.8,-19.4,,
44292,울란바토르,2024-02-24 06:00,65,26,3,-99.8,877.4,1042.7,1,-20.2,-15.1,-99.8,-99.8
44292,울란바토르,2024-02-24 09:00,67.3,24,3,-99.8,877.1,1042.5,.3,-19.9,-15.2,-99.8,-99.8
44292,울란바토르,2024-02-24 12:00,75.2,28,1,-99.8,878.4,1046.5,1.3,-22,-18.7,-14.2,-99.8
44292,울란바토르,2024-02-24 15:00,78.7,28,1,-99.8,879.1,1049.6,.7,-24.5,-21.8,-99.8,-99.8
44292,울란바토르,2024-02-24 18:00,76.2,0,0,-99.8,878.7,1050.9,.4,-27.2,-24.2,-99.8,-99.8
44292,울란바토르,2024-02-24 21:00,71.9,8,2,,878.3,1051,.4,-28.5,-24.9,,
44292,울란바토르,2024-02-25 00:00,71.1,12,2,-99.8,878.3,1051.6,0,-29.5,-25.8,-99.8,-25.9
44292,울란바토르,2024-02-25 03:00,58,12,3,-99.8,878.1,1047.6,.2,-26.8,-20.7,-99.8,-99.8
44292,울란바토르,2024-02-25 06:00,52.2,10,3,,876.3,1041.7,1.8,-23,-15.4,,
44292,울란바토르,2024-02-25 09:00,50.2,5,3,-99.8,874.8,1038.3,1.5,-21.3,-13.1,-99.8,-99.8
44292,울란바토르,2024-02-25 12:00,58,8,2,-99.8,874.6,1039.6,.2,-21.7,-15.3,-12.7,-99.8
44292,울란바토르,2024-02-25 15:00,61.8,7,3,,873,1037.4,1.6,-20.6,-14.9,,
44292,울란바토르,2024-02-25 18:00,62.1,12,3,,871.6,1035,1.4,-19.5,-13.8,,
44292,울란바토르,2024-02-25 21:00,72.2,10,2,,870.3,1033.9,1.3,-18.4,-14.5,,
44292,울란바토르,2024-02-26 00:00,76.9,6,1,,870.2,1035.2,.1,-19.7,-16.6,,-16.7
44292,울란바토르,2024-02-26 03:00,62.9,26,3,,870.9,1033.3,.7,-18.2,-12.6,,
44292,울란바토르,2024-02-26 06:00,62.2,33,6,,870.5,1033.2,.4,-18.9,-13.2,,
44292,울란바토르,2024-02-26 09:00,64,33,8,,870.8,1034.5,.3,-19.8,-14.5,,
44292,울란바토르,2024-02-26 12:00,62.9,10,1,0,872.6,1038.2,1.8,-22.1,-16.7,-10.9,
44292,울란바토르,2024-02-26 15:00,72.9,6,1,,873.3,1041.6,.7,-24,-20.4,,
44292,울란바토르,2024-02-26 18:00,75.2,0,0,,873.4,1042.8,.1,-25,-21.8,,
44292,울란바토르,2024-02-26 21:00,72.9,0,0,,873.4,1044,0,-27,-23.5,,
44292,울란바토르,2024-02-27 00:00,73.9,12,1,,874.3,1046.3,.9,-28.3,-25,,-25.2
44292,울란바토르,2024-02-27 03:00,61.1,17,2,-99.8,875.1,1043.2,.8,-25.2,-19.6,-99.8,-99.8
44292,울란바토르,2024-02-27 06:00,62.2,30,2,,874.3,1039.1,.8,-20.8,-15.2,,
44292,울란바토르,2024-02-27 09:00,46.8,17,2,,874.4,1039.5,.1,-24.4,-15.6,,
44292,울란바토르,2024-02-27 12:00,64.2,21,2,-99.8,875.8,1043,1.4,-23.3,-18.2,-14.6,-99.8
44292,울란바토르,2024-02-27 15:00,70.9,33,1,,877.1,1046.4,1.3,-24.6,-20.7,,
44292,울란바토르,2024-02-27 18:00,76.3,1,1,,877.8,1049.5,.7,-26.7,-23.7,,
44292,울란바토르,2024-02-27 21:00,76,0,0,-99.8,878.1,1050.9,.3,-28.2,-25.2,-99.8,-99.8
44292,울란바토르,2024-02-28 00:00,76.8,32,1,0,879.2,1051.9,1.1,-27.6,-24.7,-99.8,-25.6
44292,울란바토르,2024-02-28 03:00,73.3,24,2,-99.8,880,1050.4,.8,-25,-21.5,-99.8,-99.8
44292,울란바토르,2024-02-28 06:00,47.8,15,5,-99.8,879,1044.6,1,-23.7,-15.1,-99.8,-99.8
44292,울란바토르,2024-02-28 09:00,67,26,4,,879.5,1046.2,.5,-21.1,-16.4,,
44292,울란바토르,2024-02-28 12:00,71,26,1,0,880.8,1050.4,1.3,-24,-20.1,-14.6,-99.8
44292,울란바토르,2024-02-28 15:00,74,28,2,-99.8,881.6,1052.4,.8,-24.9,-21.5,-99.8,-99.8
44292,울란바토르,2024-02-28 18:00,75.8,24,1,,881.5,1052.8,.1,-25.4,-22.3,,
44292,울란바토르,2024-02-28 21:00,76.7,0,0,,881.9,1055.4,.4,-28,-25.1,,
44292,울란바토르,2024-02-29 00:00,78.1,0,0,0,881.1,1054.8,.8,-28.3,-25.6,,-26.1
44292,울란바토르,2024-02-29 03:00,68,26,2,,880.9,1050,.2,-23.9,-19.5,,
44292,울란바토르,2024-02-29 06:00,59.9,23,4,,879.2,1045.4,1.7,-21.9,-15.9,,
44292,울란바토르,2024-02-29 09:00,59,24,2,,878,1043.7,1.2,-21.7,-15.5,,
44292,울란바토르,2024-02-29 12:00,64.2,33,2,,876.8,1044.2,1.2,-23.3,-18.2,-15.1,
44292,울란바토르,2024-02-29 15:00,69.7,3,1,,875.1,1043.8,1.7,-24.5,-20.4,,
44292,울란바토르,2024-02-29 18:00,68.7,5,1,,872.8,1042.1,2.3,-26,-21.8,,
44292,울란바토르,2024-02-29 21:00,66.8,12,2,,870.6,1039.7,2.2,-26.6,-22.1,,
44292,울란바토르,2024-03-01 00:00,71.8,7,1,-99.8,869.9,1039.2,.7,-26.3,-22.6,-99.8,-22.9
44292,울란바토르,2024-03-01 03:00,52.8,0,0,-99.8,869.8,1034.6,.1,-23.7,-16.3,-99.8,-99.8
44292,울란바토르,2024-03-01 06:00,56,24,3,,868.5,1030.1,1.3,-19.1,-12.1,,
44292,울란바토르,2024-03-01 09:00,56.1,25,3,,868.2,1029.4,.3,-18.5,-11.5,,
44292,울란바토르,2024-03-01 12:00,62.9,30,4,-99.8,868.3,1031.7,.1,-20.3,-14.8,-11,-99.8
44292,울란바토르,2024-03-01 15:00,66,0,0,,867.1,1031,1.2,-20.7,-15.8,,
44292,울란바토르,2024-03-01 18:00,64.9,16,1,-99.8,866.4,1031.6,.7,-22.9,-17.9,-99.8,-99.8
44292,울란바토르,2024-03-01 21:00,66.8,10,2,,865.5,1031.7,.9,-24.1,-19.5,,
44292,울란바토르,2024-03-02 00:00,67.8,10,2,-99.8,865.6,1032.4,.1,-24.7,-20.3,-99.8,-20.4
44292,울란바토르,2024-03-02 03:00,58,17,2,-99.8,865.7,1029.1,.1,-21.9,-15.5,-99.8,-99.8
44292,울란바토르,2024-03-02 06:00,62.2,26,3,,864.4,1024.6,1.3,-16.9,-11.1,,
44292,울란바토르,2024-03-02 09:00,60.9,23,3,-99.8,863.8,1023.3,.6,-16.3,-10.2,-99.8,-99.8
44292,울란바토르,2024-03-02 12:00,69.9,30,1,-99.8,864.1,1026.2,.3,-18.3,-14,-9.3,-99.8
44292,울란바토르,2024-03-02 15:00,73.3,10,2,-99.8,864,1026.9,.1,-18.9,-15.2,-99.8,-99.8
44292,울란바토르,2024-03-02 18:00,67,10,2,-99.8,863.8,1027.4,.2,-21,-16.3,-99.8,-99.8
44292,울란바토르,2024-03-02 21:00,66.9,15,3,,862.8,1026.6,1,-21.6,-16.9,,
44292,울란바토르,2024-03-03 00:00,66.8,15,2,,862.3,1026.3,.5,-22,-17.3,,-17.9
44292,울란바토르,2024-03-03 03:00,56.9,8,3,,862.2,1022.8,.1,-19.1,-12.3,,
44292,울란바토르,2024-03-03 06:00,69.8,15,2,-99.8,861.8,1020,.4,-13.3,-8.8,-99.8,-99.8
44292,울란바토르,2024-03-03 09:00,70.1,24,3,,861.3,1018.7,.5,-12.2,-7.7,,
44292,울란바토르,2024-03-03 12:00,79.7,34,1,.3,863.2,1023.4,1.9,-14.2,-11.4,-7.2,
44292,울란바토르,2024-03-03 15:00,84.8,30,2,-99.8,865.4,1027.8,2.2,-16.1,-14.1,-99.8,-99.8
44292,울란바토르,2024-03-03 18:00,82.3,16,1,-99.8,866.2,1030.6,.8,-19.1,-16.8,-99.8,-99.8
44292,울란바토르,2024-03-03 21:00,77.7,0,0,-99.8,867.1,1033.7,.9,-22.5,-19.6,-99.8,-99.8
44292,울란바토르,2024-03-04 00:00,79.8,5,1,-99.8,868.8,1035.8,1.7,-22.3,-19.7,-99.8,-21
44292,울란바토르,2024-03-04 03:00,65.2,12,3,-99.8,869.4,1032.7,.6,-19.4,-14.3,-99.8,-99.8
44292,울란바토르,2024-03-04 06:00,62.9,24,2,,868.8,1029.3,.6,-16,-10.3,,
44292,울란바토르,2024-03-04 09:00,66.2,25,3,,869,1029.5,.2,-15.4,-10.3,,
44292,울란바토르,2024-03-04 12:00,76,28,2,-99.8,870.6,1034,1.6,-17.5,-14.2,-9.6,-99.8
44292,울란바토르,2024-03-04 15:00,81,0,0,,871.9,1037,1.3,-18.7,-16.2,,
44292,울란바토르,2024-03-04 18:00,69.9,15,1,-99.8,872.2,1037.5,.3,-20.7,-16.5,-99.8,-99.8
44292,울란바토르,2024-03-04 21:00,70.9,10,1,,872.1,1038.3,.1,-21.8,-17.8,,
44292,울란바토르,2024-03-05 00:00,73.1,15,2,,872.7,1040,.6,-22.7,-19.1,,-19.8
44292,울란바토르,2024-03-05 03:00,57,15,2,,873.2,1036.7,.7,-20.2,-13.5,,
44292,울란바토르,2024-03-05 06:00,63.8,28,3,,872.6,1032.8,.6,-14.5,-8.9,,
44292,울란바토르,2024-03-05 09:00,57.2,28,2,,871.7,1030.9,.9,-14.6,-7.6,,
44292,울란바토르,2024-03-05 12:00,71.1,19,1,,871.9,1033.5,.2,-15.3,-11.1,-7.5,
44292,울란바토르,2024-03-05 15:00,67.1,12,2,,871.9,1035,0,-18.1,-13.3,,
44292,울란바토르,2024-03-05 18:00,68.9,8,2,,870.9,1035.4,1,-20.1,-15.7,,
44292,울란바토르,2024-03-05 21:00,71.1,12,2,,869.6,1034.7,1.3,-20.9,-16.9,,
44292,울란바토르,2024-03-06 00:00,70.9,10,2,,870.1,1035.8,.5,-21.5,-17.5,,-18.1
44292,울란바토르,2024-03-06 06:00,62.1,23,2,,869.7,1028.6,.9,-13.7,-7.7,,
44292,울란바토르,2024-03-06 09:00,46.2,34,4,-99.8,870,1027.9,.3,-15.7,-6,-99.8,-99.8
44292,울란바토르,2024-03-06 15:00,72.8,30,1,-99.8,873.9,1038.1,1.6,-18.2,-14.4,-99.8,-99.8
44292,울란바토르,2024-03-06 18:00,76.3,0,0,-99.8,874.3,1039.8,.4,-19.3,-16.1,-99.8,-99.8
44292,울란바토르,2024-03-06 21:00,77.9,0,0,-99.8,874.2,1041.2,.1,-21.2,-18.3,-99.8,-99.8
44292,울란바토르,2024-03-07 00:00,79.2,0,0,-99.8,874.9,1042.4,.7,-21.5,-18.8,-99.8,-19.7
44292,울란바토르,2024-03-07 03:00,67.2,23,1,-99.8,875.2,1038.6,.3,-17.7,-12.9,-99.8,-99.8
44292,울란바토르,2024-03-07 06:00,56.9,28,3,-99.8,873.9,1034,1.3,-15.6,-8.6,-99.8,-99.8
44292,울란바토르,2024-03-07 09:00,51.1,26,3,-99.8,872.6,1031.6,1.3,-15.4,-7,-99.8,-99.8
44292,울란바토르,2024-03-07 12:00,65.2,15,1,-99.8,871.8,1032.4,.8,-15,-9.7,-6.5,-99.8
44292,울란바토르,2024-03-07 15:00,64.8,10,2,-99.8,871.2,1032.9,.6,-16.8,-11.5,-99.8,-99.8
44292,울란바토르,2024-03-07 18:00,67,8,2,-99.8,870.1,1033.1,1.1,-18.5,-13.7,-99.8,-99.8
44292,울란바토르,2024-03-07 21:00,67.9,12,2,-99.8,868.8,1032.5,1.3,-19.7,-15.1,-99.8,-99.8
44292,울란바토르,2024-03-08 00:00,68.9,12,3,,868.4,1032.5,.4,-20.1,-15.7,,-15.9
44292,울란바토르,2024-03-08 03:00,53,14,2,,868.7,1028.6,.3,-17.3,-9.5,,
44292,울란바토르,2024-03-08 06:00,50,23,1,,867.7,1023.7,1,-12.6,-3.7,,
44292,울란바토르,2024-03-08 09:00,52.1,21,3,,867.3,1023.1,.4,-11.9,-3.5,,
44292,울란바토르,2024-03-08 12:00,68.9,28,2,,868.3,1027,1,-12.5,-7.8,-2.9,
44292,울란바토르,2024-03-08 15:00,77.3,26,1,,869.2,1029.8,.9,-13.6,-10.4,,
44292,울란바토르,2024-03-08 18:00,80.1,0,0,,869.6,1032.2,.4,-15.9,-13.2,,
44292,울란바토르,2024-03-08 21:00,82,0,0,,869.9,1033.4,.3,-16.8,-14.4,,
44292,울란바토르,2024-03-09 00:00,75.9,10,1,,869.8,1033.6,.1,-18.3,-15,,-16
44292,울란바토르,2024-03-09 03:00,62.2,12,2,,870.2,1030.2,.4,-15.1,-9.2,,
44292,울란바토르,2024-03-09 06:00,55,19,1,,868.6,1024.9,1.6,-11.6,-3.9,,
44292,울란바토르,2024-03-09 09:00,51.1,26,2,,867.5,1022,1.1,-10.1,-1.3,,
44292,울란바토르,2024-03-09 12:00,64.9,0,0,,868.2,1024.8,.7,-10.1,-4.5,-.6,
44292,울란바토르,2024-03-09 15:00,66.2,0,0,,868.8,1026.2,.6,-10.9,-5.6,,
44292,울란바토르,2024-03-09 18:00,71,10,1,,869.1,1028.6,.3,-13.1,-8.8,,
44292,울란바토르,2024-03-09 21:00,75.3,10,1,,869.2,1030.5,.1,-14.9,-11.4,,
44292,울란바토르,2024-03-10 00:00,76.3,0,0,,870.6,1033.1,1.4,-16.1,-12.8,,-13.2
44292,울란바토르,2024-03-10 03:00,60.6,30,1,,872,1031.3,1.4,-13.9,-7.6,,
44292,울란바토르,2024-03-10 06:00,69.2,21,4,,871.7,1028.7,.3,-9,-4.2,,
44292,울란바토르,2024-03-10 09:00,61.9,28,3,,871.9,1028,.2,-8.9,-2.6,,
44292,울란바토르,2024-03-10 12:00,72.8,14,1,,873.4,1031.6,1.5,-9.7,-5.6,-2.3,
44292,울란바토르,2024-03-10 15:00,82.1,0,0,,874.3,1034.5,.9,-10.9,-8.4,,
44292,울란바토르,2024-03-10 18:00,85.9,30,1,,874.5,1036.1,.2,-12.3,-10.4,,
44292,울란바토르,2024-03-10 21:00,79.2,10,2,,874,1035.6,.5,-13.5,-10.6,,
44292,울란바토르,2024-03-11 00:00,90,10,4,0,874.9,1037.9,.9,-13.6,-12.3,,-12.5
44292,울란바토르,2024-03-11 03:00,65,14,3,,875,1035.4,.1,-13.9,-8.5,,
44292,울란바토르,2024-03-11 06:00,55.2,12,1,,873.8,1030.7,1.6,-11.1,-3.4,,
44292,울란바토르,2024-03-11 09:00,42.1,25,3,,872,1027.6,1.8,-13,-1.8,,
44292,울란바토르,2024-03-11 12:00,63,15,1,0,871.8,1028.7,.2,-10,-4,-1.3,
44292,울란바토르,2024-03-11 15:00,64.9,10,1,,871,1029.6,.8,-12.3,-6.8,,
44292,울란바토르,2024-03-11 18:00,70.1,12,2,,870.6,1029.7,.4,-12.2,-7.7,,
44292,울란바토르,2024-03-11 21:00,71.1,12,1,,869.4,1028.7,1.2,-12.6,-8.3,,
44292,울란바토르,2024-03-12 00:00,72.1,10,2,,869.9,1029.9,.5,-13.4,-9.3,,-9.5
44292,울란바토르,2024-03-12 03:00,55.1,15,2,,870.4,1026.9,.5,-11.4,-3.7,,
44292,울란바토르,2024-03-12 06:00,49.9,24,3,,869.5,1023.5,.9,-9.2,0,,
44292,울란바토르,2024-03-12 09:00,51.9,28,3,,868.7,1022.7,.8,-8.8,-.1,,
44292,울란바토르,2024-03-12 12:00,67.2,30,2,,869.8,1026.1,1.1,-8.7,-3.5,1.1,
44292,울란바토르,2024-03-12 15:00,78.1,14,1,,870.3,1028,.5,-8.8,-5.6,,
44292,울란바토르,2024-03-12 18:00,77.9,0,0,,870.1,1028.7,.2,-10.3,-7.1,,
44292,울란바토르,2024-03-12 21:00,77,11,1,,869.6,1029.1,.5,-11.9,-8.6,,
44292,울란바토르,2024-03-13 00:00,76.3,12,2,,869.6,1029.5,0,-12.6,-9.2,,-9.8
44292,울란바토르,2024-03-13 03:00,58,14,2,,869.4,1025.3,.2,-10.1,-3,,
44292,울란바토르,2024-03-13 06:00,56.9,24,3,,867.5,1020.4,1.9,-6.3,1.3,,
44292,울란바토르,2024-03-13 09:00,40.9,26,3,,865,1015.8,2.5,-8.1,4,,
44292,울란바토르,2024-03-13 12:00,58.2,33,3,,863.9,1016.2,1.1,-6,1.3,4,
44292,울란바토르,2024-03-13 15:00,68.1,12,1,,863.4,1017.5,.5,-6.9,-1.8,,
44292,울란바토르,2024-03-13 18:00,75,6,1,,862.5,1017.1,.9,-6.8,-3,,
44292,울란바토르,2024-03-13 21:00,69.9,10,2,,861.2,1015.7,1.3,-7.9,-3.2,,
44292,울란바토르,2024-03-14 00:00,77,8,1,,862,1017.8,.8,-8.4,-5,,-5.6
44292,울란바토르,2024-03-14 03:00,54,32,4,,863.5,1015.4,1.5,-6.6,1.7,,
44292,울란바토르,2024-03-14 06:00,55.2,32,5,,864.2,1015.4,.7,-5,3.1,,
44292,울란바토르,2024-03-14 09:00,56,1,5,,864.8,1016.3,.6,-5.1,2.8,,
44292,울란바토르,2024-03-14 12:00,63.3,1,3,,866.5,1020.5,1.7,-6.9,-.8,3.8,
44292,울란바토르,2024-03-14 15:00,76.2,0,0,,867.9,1023.5,1.4,-6.6,-3,,
44292,울란바토르,2024-03-14 18:00,77.3,23,1,,868.7,1024.8,.8,-6.9,-3.5,,
44292,울란바토르,2024-03-14 21:00,76,12,1,,867.8,1024,.9,-7.5,-3.9,,
44292,울란바토르,2024-03-15 00:00,64.3,7,6,,866.9,1022.3,.9,-8.7,-2.9,,-4.2
44292,울란바토르,2024-03-15 03:00,46.9,10,7,,866.4,1019.9,.5,-10,0,,
44292,울란바토르,2024-03-15 06:00,47.1,8,4,,864.4,1017,2,-9.1,.9,,
44292,울란바토르,2024-03-15 09:00,57,24,2,,863.7,1016.6,.7,-7.3,.2,,
44292,울란바토르,2024-03-15 12:00,99.3,5,1,2,864.6,1020.1,.9,-3.9,-3.8,1.5,
44292,울란바토르,2024-03-15 15:00,89.8,30,2,,865.4,1022.3,.8,-7.1,-5.7,,
44292,울란바토르,2024-03-15 18:00,84.3,33,4,,866.8,1024.4,1.4,-8.6,-6.4,,
44292,울란바토르,2024-03-15 21:00,81,28,5,,869.2,1027.9,2.4,-10.2,-7.5,,
44292,울란바토르,2024-03-16 00:00,75.3,30,4,2,872.5,1032,3.3,-11.4,-7.8,,-8.1
44292,울란바토르,2024-03-16 03:00,63.1,25,2,,874.6,1033,2.1,-11.4,-5.5,,
44292,울란바토르,2024-03-16 06:00,55,25,4,,874.9,1032.3,.3,-11.6,-3.9,,
44292,울란바토르,2024-03-16 09:00,55.9,28,4,,874.4,1031.7,.5,-11.4,-3.9,,
44292,울란바토르,2024-03-16 12:00,61.9,26,2,0,875.7,1034.9,1.3,-12.5,-6.4,-3.3,
44292,울란바토르,2024-03-16 15:00,76.2,0,0,,875.8,1037.1,.1,-13,-9.6,,
44292,울란바토르,2024-03-16 18:00,75.9,6,1,,875,1037.1,.8,-14.9,-11.5,,
44292,울란바토르,2024-03-16 21:00,76.2,12,2,,874,1036.6,1,-16.2,-12.9,,
44292,울란바토르,2024-03-17 00:00,74.9,10,2,,873.6,1036.8,.4,-17,-13.5,,-14
44292,울란바토르,2024-03-17 03:00,64,19,2,,873,1032.9,.6,-13.8,-8.2,,
44292,울란바토르,2024-03-17 06:00,61,25,5,,871.6,1029.6,1.4,-12.1,-5.8,,
44292,울란바토르,2024-03-17 09:00,56.6,21,4,,870,1027.1,1.6,-12,-4.7,,
44292,울란바토르,2024-03-17 12:00,68.2,26,2,,870.2,1028.3,.2,-11.1,-6.2,-4.3,
44292,울란바토르,2024-03-17 15:00,68.1,25,1,,870.6,1029,.4,-11.5,-6.6,,
44292,울란바토르,2024-03-17 18:00,69.8,26,2,,870.8,1030.7,.2,-13.3,-8.8,,
44292,울란바토르,2024-03-17 21:00,73.1,33,1,,871.6,1032.4,.8,-13.9,-10,,
44292,울란바토르,2024-03-18 00:00,79.2,28,1,,873.5,1034.6,1.9,-13.2,-10.3,,-11.1
44292,울란바토르,2024-03-18 03:00,65.9,23,5,,874.3,1033.6,.8,-12.3,-7,,
44292,울란바토르,2024-03-18 06:00,49,30,5,,873.6,1031.2,.7,-13.7,-4.6,,
44292,울란바토르,2024-03-18 09:00,51,24,5,,873,1030.5,.6,-13.1,-4.5,,
44292,울란바토르,2024-03-18 12:00,67.1,28,3,,873.6,1032.4,.6,-11.5,-6.4,-3.9,
44292,울란바토르,2024-03-18 15:00,72.2,32,1,,873.7,1033.9,.1,-12.6,-8.5,,
44292,울란바토르,2024-03-18 18:00,76.1,0,0,,873.8,1035,.1,-13.8,-10.4,,
44292,울란바토르,2024-03-18 21:00,80.3,0,0,,874,1035.9,.2,-14.6,-11.9,,
44292,울란바토르,2024-03-19 00:00,79.1,28,1,,875.8,1038,1.8,-14.1,-11.2,,-13.1
44292,울란바토르,2024-03-19 03:00,57,28,4,,877.1,1035.7,1.3,-12.3,-5.1,,
44292,울란바토르,2024-03-19 06:00,50.2,19,2,,876.8,1033.2,.3,-10.8,-1.8,,
44292,울란바토르,2024-03-19 09:00,48.8,28,3,,875.9,1031.8,.9,-10.6,-1.2,,
44292,울란바토르,2024-03-19 12:00,57.9,0,0,,875.2,1032.3,.7,-10.4,-3.3,-.5,
44292,울란바토르,2024-03-19 15:00,61.9,12,2,,874.2,1031.9,1,-10.7,-4.5,,
44292,울란바토르,2024-03-19 18:00,64.9,14,2,,872.3,1031.1,1.9,-12.3,-6.8,,
44292,울란바토르,2024-03-19 21:00,68.2,14,2,,870.2,1029.8,2.1,-13.4,-8.6,,
44292,울란바토르,2024-03-20 00:00,63.1,10,3,,868.8,1027.6,1.4,-13.6,-7.8,,-9
44292,울란바토르,2024-03-20 03:00,38.9,12,3,,867,1020.8,1.8,-12.7,-.4,,
44292,울란바토르,2024-03-20 06:00,30,24,1,,864,1014.7,3,-12.1,3.9,,
44292,울란바토르,2024-03-20 09:00,30.9,24,3,,861.8,1012.7,2.2,-12.6,2.9,,
44292,울란바토르,2024-03-20 12:00,49,7,2,,860.1,1012,1.7,-8.7,.8,4.8,
44292,울란바토르,2024-03-20 15:00,52.1,10,3,,858.5,1011.1,1.6,-9.4,-.8,,
44292,울란바토르,2024-03-20 18:00,63.2,10,2,,856.7,1010.5,1.8,-9.3,-3.3,,
44292,울란바토르,2024-03-20 21:00,62,7,1,,854.6,1008.5,2.1,-10.3,-4.1,,
44292,울란바토르,2024-03-21 00:00,63.8,15,1,,854.2,1008.3,.4,-10.4,-4.6,,-5.3
44292,울란바토르,2024-03-21 03:00,56.1,23,3,,853.6,1004.8,.6,-7.7,0,,
44292,울란바토르,2024-03-21 06:00,55.8,23,2,,852.8,1002.6,.8,-5.8,2.1,,
44292,울란바토르,2024-03-21 09:00,55.2,25,4,,853.4,994,.6,-5,3.1,,
44292,울란바토르,2024-03-21 12:00,65.9,21,3,,855,997.7,1.6,-5.8,-.2,4.9,
44292,울란바토르,2024-03-21 15:00,71.8,28,2,,856.5,1009.4,1.5,-6.4,-2,,
44292,울란바토르,2024-03-21 18:00,80.1,0,0,,857,1011.7,.5,-7.6,-4.7,,
44292,울란바토르,2024-03-21 21:00,86.4,0,0,,857.4,1013.2,.4,-8.2,-6.3,,
44292,울란바토르,2024-03-22 00:00,83.8,0,0,,858.8,1014.4,1.4,-7.9,-5.6,,-7
44292,울란바토르,2024-03-22 03:00,59.1,24,2,,859.9,1012.5,1.1,-7.5,-.5,,
44292,울란바토르,2024-03-22 06:00,40.9,21,5,,859,1009.3,.9,-8.9,3.1,,
44292,울란바토르,2024-03-22 09:00,42,21,3,,858.1,1008.1,.9,-8.3,3.4,,
44292,울란바토르,2024-03-22 12:00,49.1,30,2,,858.3,1009.7,.2,-8.4,1.1,4,
44292,울란바토르,2024-03-22 15:00,55.9,30,2,,860,1008.9,1.7,-8.3,-.6,,
44292,울란바토르,2024-03-22 18:00,76.3,35,1,,863.8,1020.2,3.8,-8.9,-5.4,,
44292,울란바토르,2024-03-22 21:00,77.3,34,3,-99.8,866.4,1024.2,2.6,-10.2,-6.9,-99.8,-99.8
44292,울란바토르,2024-03-23 00:00,74.2,33,1,,869.3,1027.8,2.9,-10.9,-7.1,,-8.4
44292,울란바토르,2024-03-23 03:00,27,33,3,,870.6,1026.6,1.3,-19.3,-2.9,,
44292,울란바토르,2024-03-23 06:00,24.1,23,3,,870.7,1025.6,.1,-19,-1,,
44292,울란바토르,2024-03-23 09:00,38.9,25,4,,870.2,1025.8,.5,-14.4,-2.3,,
44292,울란바토르,2024-03-23 12:00,36.1,0,0,,870.5,1026.9,.3,-16.4,-3.5,-.3,
44292,울란바토르,2024-03-23 15:00,45.2,12,3,,870.5,1026.7,0,-13.4,-3.2,,
44292,울란바토르,2024-03-23 18:00,46,30,2,-99.8,869.6,1025.5,.9,-13,-3,-99.8,-99.8
44292,울란바토르,2024-03-23 21:00,58.2,12,2,-99.8,868.9,1025.4,.7,-11.1,-4.1,-99.8,-99.8
44292,울란바토르,2024-03-24 00:00,53.1,10,2,,869.6,1025.6,.7,-11.4,-3.2,,-4.6
44292,울란바토르,2024-03-24 21:00,67.2,12,2,-99.8,870.6,1028.4,1,-10.8,-5.7,-99.8,-99.8
44292,울란바토르,2024-03-25 00:00,63.2,10,4,,871,1028.6,.4,-11.1,-5.2,,-6.4
44292,울란바토르,2024-03-25 03:00,42,12,2,,870.9,1024.5,.1,-10.3,1.2,,
44292,울란바토르,2024-03-25 06:00,32.1,8,3,,868.7,1019.5,2.2,-10.1,5.2,,
44292,울란바토르,2024-03-25 09:00,32.1,10,2,,866.9,1017.4,1.8,-10.2,5.1,,
44292,울란바토르,2024-03-25 12:00,46,7,3,,865.8,1017.9,1.1,-8.3,2.1,6.1,
44292,울란바토르,2024-03-25 15:00,59.2,0,0,,865.8,1019.4,0,-7.3,-.3,,
44292,울란바토르,2024-03-25 18:00,72.8,0,0,-99.8,864.8,1019.7,1,-7,-2.8,-99.8,-99.8
44292,울란바토르,2024-03-25 21:00,79,5,1,-99.8,863.6,1018.9,1.2,-6.9,-3.8,-99.8,-99.8
44292,울란바토르,2024-03-26 00:00,82.8,0,0,-99.8,863.7,1018.9,.1,-6,-3.5,-99.8,-5.4
44292,울란바토르,2024-03-26 03:00,55,26,3,-99.8,863.6,1015.3,.1,-6,2.1,-99.8,-99.8
44292,울란바토르,2024-03-26 06:00,34,21,4,-99.8,861.7,1011.7,1.9,-10,4.5,-99.8,-99.8
44292,울란바토르,2024-03-26 09:00,26,30,6,-99.8,859.4,1008.7,2.3,-13,4.9,-99.8,-99.8
44292,울란바토르,2024-03-26 12:00,38.1,26,2,,858.5,1008.9,.9,-10,2.9,6.3,
44292,울란바토르,2024-03-26 15:00,94.3,28,4,,858.5,1010.8,0,-1.1,-.3,,
44292,울란바토르,2024-03-26 18:00,,28,4,,856.9,1009.6,1.6,-1.4,-1.4,,
44292,울란바토르,2024-03-26 21:00,97.1,26,4,-99.8,856.2,1009.5,.7,-3,-2.6,-99.8,-99.8
44292,울란바토르,2024-03-27 00:00,92.6,35,7,5,858.4,1013.9,2.2,-6.5,-5.5,,-5.5
44292,울란바토르,2024-03-27 03:00,70.8,1,6,-99.8,863.8,1021.3,5.4,-11.5,-7.1,-99.8,-99.8
44292,울란바토르,2024-03-27 06:00,61,3,6,-99.8,866.4,1024.9,2.6,-14.1,-7.9,-99.8,-99.8
44292,울란바토르,2024-03-27 09:00,43.1,34,3,,867.4,1025.8,1,-17.9,-7.5,,
44292,울란바토르,2024-03-27 12:00,47.1,28,2,1,868,1027.7,.6,-18.5,-9.3,-5.5,-99.8
44292,울란바토르,2024-03-27 15:00,53.8,34,1,,867,1027.9,1,-18.9,-11.4,,
44292,울란바토르,2024-03-27 18:00,62.2,3,1,,864.9,1026.6,2.1,-18.9,-13.2,,
44292,울란바토르,2024-03-27 21:00,57.8,26,1,,861.3,1020.6,3.6,-17.3,-10.6,,
44292,울란바토르,2024-03-28 00:00,59.1,30,2,-99.8,860.6,1019,.7,-16,-9.5,-99.8,-13.6
44292,울란바토르,2024-03-28 03:00,37,35,5,-99.8,860.3,1014.9,.3,-16.2,-3.6,-99.8,-99.8
44292,울란바토르,2024-03-28 06:00,41.9,30,8,,860.5,1014.4,.2,-13.6,-2.4,,
44292,울란바토르,2024-03-28 09:00,44,34,6,,860,1013.8,.5,-12.9,-2.3,,
44292,울란바토르,2024-03-28 12:00,44.9,24,1,,860,1014.8,0,-14.2,-4,-2.1,
44292,울란바토르,2024-03-28 15:00,47.2,28,1,-99.8,860.1,1014.9,.1,-13.6,-4,-99.8,-99.8
44292,울란바토르,2024-03-28 18:00,59.8,35,5,-99.8,859.9,1015.3,.2,-11.5,-4.9,-99.8,-99.8
44292,울란바토르,2024-03-28 21:00,57.2,35,3,,860.5,1016.6,.6,-13,-5.9,,
44292,울란바토르,2024-03-29 00:00,64,32,2,,861.6,1018,1.1,-11.7,-6,,-6.4
44292,울란바토르,2024-03-29 03:00,54,32,5,,862.4,1017,.8,-11,-3,,
44292,울란바토르,2024-03-29 06:00,53,32,4,,863.4,1017.6,1,-10.3,-2,,
44292,울란바토르,2024-03-29 09:00,46.2,33,7,,863.4,1017,0,-11.1,-1,,
44292,울란바토르,2024-03-29 12:00,51,25,1,-99.8,865.1,1020.3,1.7,-11.9,-3.2,-.7,-99.8
44292,울란바토르,2024-03-29 15:00,56.9,1,1,-99.8,865.5,1021,.4,-10.8,-3.5,-99.8,-99.8
44292,울란바토르,2024-03-29 18:00,62.1,10,2,,865.3,1022,.2,-11.5,-5.4,,
44292,울란바토르,2024-03-29 21:00,69.2,6,1,,864.5,1021.6,.8,-11.1,-6.4,,
44292,울란바토르,2024-03-30 00:00,63.2,10,2,,864.8,1021.1,.3,-10.9,-5,,-7.1
44292,울란바토르,2024-03-30 03:00,48.1,0,0,,864.4,1017.4,.4,-9.5,.2,,
44292,울란바토르,2024-03-30 06:00,42.1,24,2,,862.8,1012.2,1.6,-6.1,5.8,,
44292,울란바토르,2024-03-30 09:00,62.9,32,4,,863.5,1014.4,.7,-2.9,3.5,,
44292,울란바토르,2024-03-30 12:00,66.1,35,1,,864,1016.6,.5,-4.8,.8,6.2,
44292,울란바토르,2024-03-30 15:00,77,3,1,,864.5,1018.4,.5,-4.8,-1.3,,
44292,울란바토르,2024-03-30 18:00,76.3,23,1,,864.5,1018.9,0,-5.7,-2.1,,
44292,울란바토르,2024-03-30 21:00,84.1,34,1,,864.7,1019.7,.2,-5.2,-2.9,,
44292,울란바토르,2024-03-31 00:00,69.8,8,3,,864.9,1018.9,.2,-6,-1.2,,-2.9
44292,울란바토르,2024-03-31 03:00,58.2,8,4,,864.2,1015.6,.7,-4.5,2.9,,
44292,울란바토르,2024-03-31 06:00,43,19,2,,862.5,1010.6,1.7,-3.8,8,,
44292,울란바토르,2024-03-31 09:00,41.1,26,3,,861.3,1008.7,1.2,-3.7,8.8,,
44292,울란바토르,2024-03-31 12:00,58.2,28,2,,861.8,1010.9,.5,-1.5,6.1,9.9,
44292,울란바토르,2024-03-31 15:00,68.1,12,2,,862.3,,.5,-2.5,2.8,,
44292,울란바토르,2024-03-31 18:00,68.9,10,3,,860.9,1012.4,1.4,-3.4,1.7,,
44292,울란바토르,2024-03-31 21:00,94.4,0,0,,861.7,1014.1,.8,-.3,.5,,
44292,울란바토르,2024-04-01 00:00,,26,2,7,863.1,1015.8,1.4,.4,.4,,0
44292,울란바토르,2024-04-01 03:00,82.3,32,3,,865.2,1017,2.1,-.2,2.5,,
44292,울란바토르,2024-04-01 06:00,59,34,5,,866,1016.9,.8,-3.1,4.2,,
44292,울란바토르,2024-04-01 09:00,53.2,34,4,,865.5,1016.4,.5,-4.2,4.5,,
44292,울란바토르,2024-04-01 12:00,64,35,2,,866.2,1018.5,.7,-3.8,2.3,4.9,
44292,울란바토르,2024-04-01 15:00,77.2,0,0,,867.3,1021.5,1.1,-4,-.5,,
44292,울란바토르,2024-04-01 18:00,82.4,5,1,,868,1023.3,.7,-4.6,-2,,
44292,울란바토르,2024-04-01 21:00,82.9,10,2,,868.7,1024.4,.7,-5.4,-2.9,,
44292,울란바토르,2024-04-02 00:00,82.4,0,0,,870.5,1026.1,1.8,-4.5,-1.9,,-3.2
44292,울란바토르,2024-04-02 03:00,54.1,32,3,,871.5,1024.6,.7,-6.3,2,,
44292,울란바토르,2024-04-02 06:00,36.1,28,5,-99.8,870.9,1023.6,.3,-10.5,3.1,-99.8,-99.8
44292,울란바토르,2024-04-02 09:00,38.1,35,2,,870.2,1022.7,.7,-9.8,3.1,,
44292,울란바토르,2024-04-02 12:00,47,7,1,,871.2,1025.6,1,-9.6,.4,4.2,
44292,울란바토르,2024-04-02 15:00,62,1,1,-99.8,872.1,1028,.9,-8.2,-1.9,-99.8,-99.8
44292,울란바토르,2024-04-02 18:00,61.1,10,2,,872.6,1029.6,.5,-9.9,-3.5,,
44292,울란바토르,2024-04-02 21:00,62.8,8,3,,872.7,1030.5,.1,-10.7,-4.7,,
44292,울란바토르,2024-04-03 00:00,55.8,10,4,,873.3,1029.9,.6,-10.2,-2.6,,-5
44292,울란바토르,2024-04-03 03:00,37.1,8,2,,873.2,1026.4,.1,-10.4,2.8,,
44292,울란바토르,2024-04-03 06:00,36,26,3,,871.3,1022.6,1.9,-8.4,5.5,,
44292,울란바토르,2024-04-03 09:00,36.1,25,3,,870.4,1021.3,.9,-7.9,6,,
44292,울란바토르,2024-04-03 12:00,44,0,0,-99.8,870.5,1022.9,.1,-7.6,3.5,6.5,-99.8
44292,울란바토르,2024-04-03 15:00,52,12,2,-99.8,870.7,1024.2,.2,-7.2,1.6,-99.8,-99.8
44292,울란바토르,2024-04-03 18:00,51.9,5,3,,870.4,1024,.3,-7.4,1.4,,
44292,울란바토르,2024-04-03 21:00,54.2,7,2,,870.4,1024.4,0,-7.4,.8,,
44292,울란바토르,2024-04-04 00:00,47.9,8,2,,870.9,1024.8,.5,-8.7,1.1,,.1
44292,울란바토르,2024-04-04 03:00,41,21,3,,871.4,1024,.5,-8.6,3.4,,
44292,울란바토르,2024-04-04 06:00,53.1,28,4,,870.4,1022.3,1,-4.5,4.2,,
44292,울란바토르,2024-04-04 09:00,51.1,21,2,,869.3,1020.2,1.1,-3.7,5.6,,
44292,울란바토르,2024-04-04 12:00,62.3,26,1,-99.8,869.5,1020.9,.2,-1.8,4.8,5.9,-99.8
44292,울란바토르,2024-04-04 15:00,78,6,1,,870.1,1023.8,.6,-2.2,1.2,,
44292,울란바토르,2024-04-04 18:00,83.8,7,2,,869.7,1024.2,.4,-2.6,-.2,,
44292,울란바토르,2024-04-04 21:00,90.8,0,0,,868.9,1024.5,.8,-3.6,-2.3,,
44292,울란바토르,2024-04-05 00:00,90.9,30,2,,869.1,1023.3,.2,-1.2,.1,,-2.9
44292,울란바토르,2024-04-05 03:00,44,31,7,,869.1,1019.7,0,-5.6,5.7,,
44292,울란바토르,2024-04-05 06:00,32,30,3,,867.8,1016.7,1.3,-7.6,8.1,,
44292,울란바토르,2024-04-05 09:00,36,35,3,,867.7,1015.9,.1,-5,9.3,,
44292,울란바토르,2024-04-05 12:00,49.1,35,2,,868.7,1018.8,1,-3.6,6.3,10,
44292,울란바토르,2024-04-05 15:00,64.1,0,0,,870.3,1023.2,1.6,-3.6,2.5,,
44292,울란바토르,2024-04-05 18:00,74,0,0,,871.1,1025.2,.8,-3.4,.7,,
44292,울란바토르,2024-04-05 21:00,73.9,30,1,,871.4,1025.8,.3,-3.8,.3,,
44292,울란바토르,2024-04-06 00:00,69,21,1,,872.1,1025.4,.7,-2.7,2.4,,-.5
44292,울란바토르,2024-04-06 03:00,46,28,3,,872.3,1021.8,.2,-2,9,,
44292,울란바토르,2024-04-06 06:00,38.9,28,5,,871,1018.8,1.3,-1.9,11.6,,
44292,울란바토르,2024-04-06 09:00,37,34,3,,869.3,1016.8,1.7,-2.6,11.6,,
44292,울란바토르,2024-04-06 12:00,44.1,3,1,-99.8,869.9,1019.4,.6,-3.3,8.2,13.1,-99.8
44292,울란바토르,2024-04-06 15:00,62,5,1,-99.8,869.9,1021.9,0,-2.7,3.9,-99.8,-99.8
44292,울란바토르,2024-04-06 18:00,67,10,2,,869.6,1022.5,.3,-3.2,2.3,,
44292,울란바토르,2024-04-06 21:00,64.2,10,1,-99.8,869.1,1021.6,.5,-3.2,2.9,-99.8,-99.8
44292,울란바토르,2024-04-07 00:00,65.3,15,1,,870,1022.3,.9,-2.4,3.5,,1.7
44292,울란바토르,2024-04-07 03:00,51.2,25,1,,870.3,1019.8,.3,-1.1,8.4,,
44292,울란바토르,2024-04-07 06:00,32.1,1,4,,869.8,1017.2,.5,-4.3,11.8,,
44292,울란바토르,2024-04-07 09:00,34,30,4,,869.6,1017.2,.2,-3.9,11.4,,
44292,울란바토르,2024-04-07 12:00,42,1,2,,870.8,1020.7,1.2,-4.4,7.7,12.3,
44292,울란바토르,2024-04-07 15:00,60.9,5,1,,872.3,1025.3,1.5,-3.8,3,,
44292,울란바토르,2024-04-07 18:00,65.2,10,2,,873,1027.1,.7,-4.5,1.3,,
44292,울란바토르,2024-04-07 21:00,65.9,10,2,,872.4,1027.2,.6,-5.6,0,,
44292,울란바토르,2024-04-08 00:00,59.2,10,4,,873.6,1027.6,1.6,-5.4,1.7,,-.7
44292,울란바토르,2024-04-08 03:00,33.2,14,3,,873.3,1022.6,.3,-5.9,9.5,,
44292,울란바토르,2024-04-08 06:00,14,7,2,,871.2,1017.7,2.1,-13.1,14,,
44292,울란바토르,2024-04-08 09:00,18,26,2,,869.8,1016.1,1.4,-10,13.9,,
44292,울란바토르,2024-04-08 12:00,50.2,21,3,,870.1,1018.4,.3,.4,10.3,15.3,
44292,울란바토르,2024-04-08 15:00,59.1,6,3,-99.8,870.3,1019.9,.2,.6,8.1,-99.8,-99.8
44292,울란바토르,2024-04-08 18:00,71.9,6,2,-99.8,869.9,1020.2,.4,2.1,6.8,-99.8,-99.8
44292,울란바토르,2024-04-08 21:00,79.8,8,3,-99.8,868.8,1019.6,1.1,2.4,5.6,-99.8,-99.8
44292,울란바토르,2024-04-09 00:00,75,8,2,.1,868.9,1019.4,.1,2,6.1,,5.2
44292,울란바토르,2024-04-09 03:00,58.2,28,1,,869,1017.5,.1,1.8,9.6,,
44292,울란바토르,2024-04-09 06:00,44.9,30,2,-99.8,867.5,1014.9,1.5,-.4,11.1,-99.8,-99.8
44292,울란바토르,2024-04-09 09:00,53,34,2,,866,1014.1,1.5,.3,9.4,,
44292,울란바토르,2024-04-09 12:00,56.9,1,2,,865.9,1015,.1,-.3,7.7,13,
44292,울란바토르,2024-04-09 15:00,67,7,1,-99.8,866.1,1017,.2,-.9,4.7,-99.8,-99.8
44292,울란바토르,2024-04-09 18:00,71.2,10,2,,865.4,1017.2,.7,-1.7,3,,
44292,울란바토르,2024-04-09 21:00,76.9,10,2,-99.8,864.6,1017.1,.8,-2,1.6,-99.8,-99.8
44292,울란바토르,2024-04-10 00:00,68.2,12,3,,864.8,1016.1,.2,-1.7,3.6,,.9
44292,울란바토르,2024-04-10 03:00,46.2,8,2,,863.9,1010.8,.9,-.2,10.9,,
44292,울란바토르,2024-04-10 06:00,38,24,3,,861.9,1007.3,2,-.9,13.1,,
44292,울란바토르,2024-04-10 09:00,27.1,21,6,,859.9,1004.3,2,-4.4,14.3,,
44292,울란바토르,2024-04-10 12:00,32.1,30,1,,859.6,1004.9,.3,-3.7,12.5,15.4,
44292,울란바토르,2024-04-10 15:00,46.9,5,1,,860.1,1008.4,.5,-3.2,7.4,,
44292,울란바토르,2024-04-10 18:00,55.1,3,1,,859.7,1008.9,.4,-2.6,5.7,,
44292,울란바토르,2024-04-10 21:00,60,0,0,,858.5,1007.9,1.2,-2.2,4.9,,
44292,울란바토르,2024-04-11 00:00,58.2,26,1,,859.9,1008.7,1.4,-1.2,6.4,,3.9
44292,울란바토르,2024-04-11 03:00,38.1,25,4,,859.6,1005.3,.3,-2,11.8,,
44292,울란바토르,2024-04-11 06:00,25,25,7,-99.8,858.3,1002.2,1.3,-5.7,14,-99.8,-99.8
44292,울란바토르,2024-04-11 09:00,18,28,5,,857.7,1001.4,.6,-9.7,14.3,,
44292,울란바토르,2024-04-11 12:00,22.1,34,1,,858.8,1004.6,1.1,-10.1,10.7,15.6,
44292,울란바토르,2024-04-11 15:00,39,3,1,,859.6,1008.8,.8,-7.8,5,,
44292,울란바토르,2024-04-11 18:00,53.2,3,1,,860,1011.2,.4,-6.8,1.7,,
44292,울란바토르,2024-04-11 21:00,57.9,3,1,-99.8,859.6,1011.6,.4,-7.1,.2,-99.8,-99.8
44292,울란바토르,2024-04-12 00:00,46.9,12,2,-99.8,859,1008.8,.6,-6.5,3.8,-99.8,-.5
44292,울란바토르,2024-04-12 03:00,28,25,1,,857.9,1003.1,1.1,-6.3,11.6,,
44292,울란바토르,2024-04-12 06:00,19,30,5,,856.6,999.5,1.3,-8.2,15.3,,
44292,울란바토르,2024-04-12 09:00,18,24,6,,856,999,.6,-9.1,15,,
44292,울란바토르,2024-04-12 12:00,25,35,2,,856.8,1002,.8,-8,11.3,16.3,
44292,울란바토르,2024-04-12 15:00,32,10,3,,856.7,1003.7,.1,-7.7,8,,
44292,울란바토르,2024-04-12 18:00,31.1,7,3,,855.7,1002.2,1,-7.6,8.5,,
44292,울란바토르,2024-04-12 21:00,29,7,4,,854.6,1000.7,1.1,-8.1,9,,
44292,울란바토르,2024-04-13 00:00,24.9,7,4,-99.8,854,998.5,.6,-7.7,11.7,-99.8,7.8
44292,울란바토르,2024-04-13 03:00,19.1,12,3,,851.3,992.6,2.7,-6.9,16.8,,
44292,울란바토르,2024-04-13 06:00,13,12,7,,848.6,987.4,2.7,-8.6,20.8,,
44292,울란바토르,2024-04-13 09:00,29,30,7,,846.6,987.9,2,-2.6,15.3,,
44292,울란바토르,2024-04-13 12:00,41.9,32,3,,849.4,996,2.8,-5.5,6.5,21.6,
44292,울란바토르,2024-04-13 15:00,77.2,32,6,,850.5,1001.2,1.1,-3.7,-.2,,
44292,울란바토르,2024-04-13 18:00,77.9,17,2,,852.8,1005.6,2.3,-6.3,-3,,
44292,울란바토르,2024-04-13 21:00,81.9,19,2,,855.9,1010.7,3.1,-7.9,-5.3,,
44292,울란바토르,2024-04-14 00:00,79.3,28,4,1,860.8,1016.8,4.9,-8.8,-5.8,-99.8,-6.1
44292,울란바토르,2024-04-14 03:00,75.8,30,6,,862.8,1018.7,2,-8.7,-5.1,,
44292,울란바토르,2024-04-14 06:00,67.2,35,5,,864.9,1020.2,2.1,-8.7,-3.5,,
44292,울란바토르,2024-04-14 09:00,35.9,34,3,-99.8,866.2,1020.6,1.3,-14.4,-1.2,-99.8,-99.8
44292,울란바토르,2024-04-14 12:00,38.9,0,0,.5,867.4,1022.2,1.2,-13.7,-1.5,0,
44292,울란바토르,2024-04-14 15:00,55,34,2,-99.8,868.6,1025.3,1.2,-11.8,-4.1,-99.8,-99.8
44292,울란바토르,2024-04-14 18:00,59.8,1,1,-99.8,868.8,1026,.2,-11.5,-4.9,-99.8,-99.8
44292,울란바토르,2024-04-14 21:00,57.9,30,1,,869.5,1027,.7,-12.1,-5.1,,
44292,울란바토르,2024-04-15 00:00,43.2,28,1,,870.7,1026.1,1.2,-12.4,-1.5,,-5.7
44292,울란바토르,2024-04-15 03:00,25.1,28,3,,870.9,1021.4,.2,-11.8,6.8,,
44292,울란바토르,2024-04-15 06:00,23,21,2,,869.4,1016.3,1.5,-8,12.6,,
44292,울란바토르,2024-04-15 09:00,24.1,25,3,,868,1013.6,1.4,-5.7,14.6,,
44292,울란바토르,2024-04-15 12:00,32.1,34,1,,867.6,1015.2,.4,-5.1,10.9,14.9,
44292,울란바토르,2024-04-15 15:00,45,12,2,-99.8,867.4,1017.2,.2,-4.2,6.9,-99.8,-99.8
44292,울란바토르,2024-04-15 18:00,53.9,18,2,,866.2,1017.4,1.2,-4.3,4.2,,
44292,울란바토르,2024-04-15 21:00,50.1,14,3,,864.5,1015.1,1.7,-4.8,4.7,,
44292,울란바토르,2024-04-16 00:00,49.2,10,3,,864.9,1015.2,.4,-4.4,5.4,,2.9
44292,울란바토르,2024-04-16 03:00,24.1,21,2,-99.8,864.4,1009.6,.5,-6.6,13.5,-99.8,-99.8
44292,울란바토르,2024-04-16 06:00,15.1,25,7,,862.9,1005.3,1.5,-8.7,18.3,,
44292,울란바토르,2024-04-16 09:00,17,32,4,-99.8,862.8,1005.6,.1,-7.6,17.8,-99.8,-99.8
44292,울란바토르,2024-04-16 12:00,26.1,1,2,-99.8,864,1009.1,1.2,-5.5,13.6,18.9,-99.8
44292,울란바토르,2024-04-16 15:00,34.1,6,1,-99.8,865.1,1012.8,1.1,-5.7,9.3,-99.8,-99.8
44292,울란바토르,2024-04-16 18:00,45.9,10,2,,865.3,1015.4,.2,-5.5,5.2,,
44292,울란바토르,2024-04-16 21:00,50,14,1,,867.2,1018.1,1.9,-5.2,4.3,,
44292,울란바토르,2024-04-17 00:00,56,1,3,,869.8,1020.2,2.6,-2.2,5.9,,3.4
44292,울란바토르,2024-04-17 03:00,46.1,33,4,-99.8,870.2,1018.1,.4,-.6,10.5,-99.8,-99.8
44292,울란바토르,2024-04-17 06:00,26,35,3,-99.8,869.7,1016,.5,-5.9,13.2,-99.8,-99.8
44292,울란바토르,2024-04-17 09:00,26,32,3,,869.1,1015.2,.6,-5.8,13.3,,
44292,울란바토르,2024-04-17 12:00,30,3,5,,869.3,1018,.2,-7.9,8.7,14.1,
44292,울란바토르,2024-04-17 15:00,32.9,35,5,,871,1021.7,1.7,-9,6.1,,
44292,울란바토르,2024-04-17 18:00,35.1,35,3,-99.8,872,1024,1,-9.6,4.5,-99.8,-99.8
44292,울란바토르,2024-04-17 21:00,46.2,34,4,,872.9,1026.3,.9,-7.9,2.5,,
44292,울란바토르,2024-04-18 00:00,36.9,35,3,,874.3,1028.2,1.4,-11.1,2.1,,1.1
44292,울란바토르,2024-04-18 03:00,22.1,1,6,,873.5,1024.4,.8,-13.3,6.9,,
44292,울란바토르,2024-04-18 06:00,12,34,4,-99.8,872.2,1021.9,1.3,-19.2,8.6,-99.8,-99.8
44292,울란바토르,2024-04-18 09:00,14.1,35,5,,871.3,1020.4,.9,-16.8,9.3,,
44292,울란바토르,2024-04-18 12:00,24.1,1,4,-99.8,871.7,1023.3,.4,-13.7,5.2,9.8,-99.8
44292,울란바토르,2024-04-18 15:00,30.9,6,2,,872.2,1025.8,.5,-13.4,2,,
44292,울란바토르,2024-04-18 18:00,37,0,0,-99.8,871.6,1026.5,.6,-13.3,-.4,-99.8,-99.8
44292,울란바토르,2024-04-18 21:00,42.9,12,2,,870.6,1026.6,1,-13.3,-2.4,,
44292,울란바토르,2024-04-19 00:00,35.1,14,2,,870.1,1024.5,.5,-13.6,0,,-4
44292,울란바토르,2024-04-19 03:00,19,32,2,,867.9,1017.3,2.2,-14.4,7.8,,
44292,울란바토르,2024-04-19 06:00,10,30,5,,864.8,1011.7,3.1,-19.2,11.3,,
44292,울란바토르,2024-04-19 09:00,9,21,3,,861.8,1006.9,3,-18.8,13.5,,
44292,울란바토르,2024-04-19 12:00,22,0,0,,860.8,1006.8,1,-9.3,11.7,14,
44292,울란바토르,2024-04-19 15:00,31.1,12,2,,860.3,1008.1,.5,-7.8,8.3,,
44292,울란바토르,2024-04-19 18:00,38.1,10,2,,858.9,1007.9,1.4,-7.3,5.9,,
44292,울란바토르,2024-04-19 21:00,42.2,14,2,,857.4,1006.5,1.5,-6.6,5.2,,
44292,울란바토르,2024-04-20 00:00,37.9,0,0,,874.1,1004.9,.3,-6.1,7.3,,5.2
44292,울란바토르,2024-04-20 03:00,29.1,28,4,-99.8,856.3,1000.2,.8,-3.7,14,-99.8,-99.8
44292,울란바토르,2024-04-20 06:00,29,1,6,,855.2,998.7,1.1,-3.3,14.5,,
44292,울란바토르,2024-04-20 09:00,27,34,3,,854.9,998.5,.3,-4.5,14.2,,
44292,울란바토르,2024-04-20 12:00,32.2,3,3,,853.5,998.1,1.4,-4.2,11.9,15.6,
44292,울란바토르,2024-04-20 15:00,71.3,34,4,,853.7,1001.6,.2,1.4,6.2,,
44292,울란바토르,2024-04-20 18:00,99.3,7,3,,854.2,1004.6,.5,1.9,2,,
44292,울란바토르,2024-04-20 21:00,-99.8,34,7,-99.8,854,1005.3,.2,.4,.4,-99.8,-99.8
44292,울란바토르,2024-04-21 00:00,79.1,30,2,14,857.4,1009.4,3.4,-2.9,.3,,0
44292,울란바토르,2024-04-21 03:00,90.3,30,2,,860.2,1012.7,2.8,-1.1,.3,,
44292,울란바토르,2024-04-21 06:00,75.8,32,4,,861.9,1014,1.7,-2.4,1.4,,
44292,울란바토르,2024-04-21 09:00,60.2,33,3,-99.8,862.2,1012.9,.3,-3.1,3.9,-99.8,-99.8
44292,울란바토르,2024-04-21 12:00,62.2,28,1,.3,863.9,1015.6,1.7,-3.8,2.7,4.7,
44292,울란바토르,2024-04-21 15:00,71.3,30,1,,865.1,1018.2,1.2,-3.9,.7,,
44292,울란바토르,2024-04-21 18:00,73.1,26,2,-99.8,865.8,1020.2,.7,-5.4,-1.2,-99.8,-99.8
44292,울란바토르,2024-04-21 21:00,75.8,32,2,-99.8,866.7,1021.4,.9,-5.2,-1.5,-99.8,-99.8
44292,울란바토르,2024-04-22 00:00,76.3,28,1,0,868.3,1023.8,1.6,-5.9,-2.3,,-2.5
44292,울란바토르,2024-04-22 03:00,68.9,28,4,,868.4,1022.9,.1,-5.6,-.6,,
44292,울란바토르,2024-04-22 06:00,58.9,32,2,-99.8,867.4,1019.8,1,-5.1,2.1,-99.8,-99.8
44292,울란바토르,2024-04-22 09:00,47.2,28,5,,865.9,1016.2,1.5,-5.4,4.9,,
44292,울란바토르,2024-04-22 12:00,48.2,25,2,0,864.6,1015,1.3,-5.6,4.4,5.3,
44292,울란바토르,2024-04-22 15:00,60.2,30,1,-99.8,863.1,1014.7,1.5,-5,1.9,-99.8,-99.8
44292,울란바토르,2024-04-22 18:00,72.2,0,0,,860.7,1013.1,2.4,-4.4,0,,
44292,울란바토르,2024-04-22 21:00,67.1,15,1,,858.5,1010.1,2.2,-4.8,.6,,
44292,울란바토르,2024-04-23 00:00,57.2,1,1,,857.5,1007.7,1,-5,2.6,,-.3
44292,울란바토르,2024-04-23 03:00,43.2,21,2,,857.3,1004.7,.2,-4.3,7.4,,
44292,울란바토르,2024-04-23 06:00,48.2,28,4,,856.2,1002.2,1.1,-.8,9.6,,
44292,울란바토르,2024-04-23 09:00,56.9,35,5,,856.7,1003.8,.5,-.3,7.7,,
44292,울란바토르,2024-04-23 12:00,64.9,30,2,,858.1,1007.7,1.4,-2.1,3.9,12.1,
44292,울란바토르,2024-04-23 15:00,70.1,10,4,,856.8,1006.9,1.3,-2.2,2.7,,
44292,울란바토르,2024-04-23 18:00,73.2,30,1,,857.8,1008.2,1,-1.9,2.4,,
44292,울란바토르,2024-04-23 21:00,82.2,30,2,,858,1009.1,.2,-1.4,1.3,,
44292,울란바토르,2024-04-24 00:00,,24,4,2,858,1009.6,0,.4,.4,,.4
44292,울란바토르,2024-04-24 03:00,69.1,34,4,-99.8,858.6,1009.3,.6,-2.3,2.8,-99.8,-99.8
44292,울란바토르,2024-04-24 06:00,34.1,33,4,,858.7,1007.6,.1,-8.8,5.8,,
44292,울란바토르,2024-04-24 09:00,31.1,34,4,,858.1,1006.3,.6,-9,6.9,,
44292,울란바토르,2024-04-24 12:00,41,35,2,0,858.7,1008.5,.6,-7.8,4.3,7.6,-99.8
44292,울란바토르,2024-04-24 15:00,50.1,12,1,,859.8,1010.3,1.1,-6,3.4,,
44292,울란바토르,2024-04-24 18:00,63.1,1,2,,859.8,1012.1,0,-5.7,.5,,
44292,울란바토르,2024-04-24 21:00,67.3,3,2,,860,1013.2,.2,-6.2,-.9,,
44292,울란바토르,2024-04-25 00:00,54,0,0,,860.9,1012.8,.9,-6.8,1.5,,-1.4
44292,울란바토르,2024-04-25 03:00,35,14,2,,861.3,1012.1,.4,-10.6,3.4,,
44292,울란바토르,2024-04-25 06:00,40.9,3,3,,861,1010.7,.3,-7,5.2,,
44292,울란바토르,2024-04-25 09:00,45,12,3,,861.1,1011.2,.1,-6.4,4.5,,
44292,울란바토르,2024-04-25 12:00,61.1,10,1,-99.8,862.6,1014.5,1.5,-4.7,2,5.5,-99.8
44292,울란바토르,2024-04-25 15:00,59,10,2,,863.6,1016.3,1,-6.2,.9,,
44292,울란바토르,2024-04-25 18:00,58.1,12,1,-99.8,863.4,1017.2,.2,-8.1,-.9,-99.8,-99.8
44292,울란바토르,2024-04-25 21:00,48.2,3,2,,864.5,1019.1,1.1,-11.4,-1.9,,
44292,울란바토르,2024-04-26 00:00,41.9,35,1,0,865.5,1019.2,1,-11.6,-.2,,-2.2
44292,울란바토르,2024-04-26 03:00,30.9,32,4,,866.3,1018.3,.8,-12.6,2.9,,
44292,울란바토르,2024-04-26 06:00,26.1,32,5,,865.9,1016.4,.4,-12.7,5.2,,
44292,울란바토르,2024-04-26 09:00,25.1,33,5,,866.4,1016.9,.5,-13,5.4,,
44292,울란바토르,2024-04-26 12:00,32,33,5,,868.3,1021,1.9,-12.7,2.3,6.1,
44292,울란바토르,2024-04-26 15:00,34.1,14,1,-99.8,870.3,1024.4,2,-13.5,.5,-99.8,-99.8
44292,울란바토르,2024-04-26 18:00,46,5,2,,870.9,1026.5,.6,-11.8,-1.7,,
44292,울란바토르,2024-04-26 21:00,60.9,0,0,,871.9,1029.4,1,-10.9,-4.5,,
44292,울란바토르,2024-04-27 00:00,43,10,2,,873.4,1029,1.5,-12,-1,,-5.2
44292,울란바토르,2024-04-27 03:00,25,1,3,,873.2,1026,.2,-14.6,3.6,,
44292,울란바토르,2024-04-27 06:00,24,17,3,,871.6,1023.2,1.6,-13.8,5.1,,
44292,울란바토르,2024-04-27 09:00,26,30,4,-99.8,870.7,1021.4,.9,-11.7,6.4,-99.8,-99.8
44292,울란바토르,2024-04-27 12:00,29.9,1,4,,871.5,1024,.8,-12.4,3.6,6.9,
44292,울란바토르,2024-04-27 15:00,40,1,2,,873,1027.3,1.5,-11,1.1,,
44292,울란바토르,2024-04-27 18:00,52,1,1,-99.8,873.2,1028.8,.2,-9.6,-1,-99.8,-99.8
44292,울란바토르,2024-04-27 21:00,49.9,6,1,-99.8,873.5,1029.3,.3,-10.4,-1.3,-99.8,-99.8
44292,울란바토르,2024-04-28 00:00,45,17,1,,874.8,1029.4,1.3,-9.6,1,,-2.1
44292,울란바토르,2024-04-28 03:00,32,28,4,,874.4,1026.7,.4,-10.6,4.7,,
44292,울란바토르,2024-04-28 06:00,24,34,3,,872.8,1023.6,1.6,-12.3,6.9,,
44292,울란바토르,2024-04-28 09:00,23,28,4,,871.9,1022.6,.9,-13,6.7,,
44292,울란바토르,2024-04-28 12:00,29,33,4,-99.8,872.3,1024.3,.4,-11.9,4.6,7.7,-99.8
44292,울란바토르,2024-04-28 15:00,42,1,1,-99.8,872.9,1027.1,.6,-10.3,1.2,-99.8,-99.8
44292,울란바토르,2024-04-28 18:00,56.9,3,1,,872.5,1028.4,.4,-9.2,-1.8,,
44292,울란바토르,2024-04-28 21:00,64.1,5,1,-99.8,872.1,1029,.4,-9.2,-3.4,-99.8,-99.8
44292,울란바토르,2024-04-29 00:00,48.9,16,1,,872.6,1027.1,.5,-8.9,.6,,-3.6
44292,울란바토르,2024-04-29 03:00,36,19,3,,871.5,1022.1,1.1,-7.3,6.7,,
44292,울란바토르,2024-04-29 06:00,19,24,6,-99.8,869,1016.6,2.5,-11.6,11.2,-99.8,-99.8
44292,울란바토르,2024-04-29 09:00,18,30,5,,867.2,1013.8,1.8,-11.2,12.5,,
44292,울란바토르,2024-04-29 12:00,22,30,2,,867.1,1014.9,.1,-10.4,10.4,12.8,
44292,울란바토르,2024-04-29 15:00,36.9,5,1,,867.5,1018.4,.4,-8.5,5,,
44292,울란바토르,2024-04-29 18:00,46.1,7,1,,866.5,1018.9,1,-8.2,2.2,,
44292,울란바토르,2024-04-29 21:00,54.2,10,1,,865.5,1018.7,1,-7.5,.7,,
44292,울란바토르,2024-04-30 00:00,45.1,14,2,,865.5,1016.8,0,-7,3.8,,-1.1
44292,울란바토르,2024-04-30 03:00,25,19,2,,864.3,1010.8,1.2,-7.5,11.9,,
44292,울란바토르,2024-04-30 06:00,16,19,5,,861.5,1005.2,2.8,-9.8,16,,
44292,울란바토르,2024-04-30 09:00,12,26,8,,859,1001.2,2.5,-11.7,18.1,,
44292,울란바토르,2024-04-30 12:00,14,28,2,,858.1,1001.5,.9,-11.8,15.6,18.3,
44292,울란바토르,2024-04-30 15:00,26,32,1,,858.3,1004.8,.2,-8.6,10,,
44292,울란바토르,2024-04-30 18:00,41.1,0,0,,858.1,1006.9,.2,-6.4,5.8,,
44292,울란바토르,2024-04-30 21:00,32.1,28,2,,858.9,1006.8,.8,-8,7.6,,
44292,울란바토르,2024-05-01 00:00,44.1,21,2,,861,1009.6,2.1,-4.3,7.1,,5.7
44292,울란바토르,2024-05-01 03:00,33,33,4,,861.8,1008,.8,-4.1,11.6,,
44292,울란바토르,2024-05-01 06:00,24,24,4,-99.8,860.8,1005.4,1,-6.1,14.2,-99.8,-99.8
44292,울란바토르,2024-05-01 09:00,19,28,5,,860.3,1003.8,.5,-7.5,16.1,,
44292,울란바토르,2024-05-01 12:00,27,0,0,-99.8,860.2,1005.1,.1,-5.2,13.4,16.6,-99.8
44292,울란바토르,2024-05-01 15:00,35,10,3,,860.6,1007.2,.4,-4.3,10.5,,
44292,울란바토르,2024-05-01 18:00,46.1,10,2,-99.8,861.8,1010.5,1.2,-3.7,7.1,-99.8,-99.8
44292,울란바토르,2024-05-01 21:00,49.9,10,3,-99.8,862,1011.8,.2,-4.2,5.4,-99.8,-99.8
44292,울란바토르,2024-05-02 00:00,33,10,1,,862.5,1009.4,.5,-5.1,10.5,,4.7
44292,울란바토르,2024-05-02 03:00,20.1,28,1,,862.2,1004.8,.3,-5.3,17.9,,
44292,울란바토르,2024-05-02 06:00,14,21,2,,860.6,1000.7,1.6,-6.2,22.6,,
44292,울란바토르,2024-05-02 09:00,11,26,3,,859.3,998.4,1.3,-8,24.3,,
44292,울란바토르,2024-05-02 12:00,16,0,0,,858.9,1000.2,.4,-6.7,19.8,24.7,
44292,울란바토르,2024-05-02 15:00,13.1,26,3,,859.3,1001.5,.4,-10.6,18.2,,
44292,울란바토르,2024-05-02 18:00,18,33,3,,859.1,1003,.2,-9.1,15,,
44292,울란바토르,2024-05-02 21:00,29.1,28,1,-99.8,860.2,1006.8,1.1,-6.8,10.4,-99.8,-99.8
44292,울란바토르,2024-05-03 00:00,29,10,1,,861.1,1006.8,.9,-5.2,12.3,,8.6
44292,울란바토르,2024-05-03 03:00,33,34,5,-99.8,862.5,1007.4,1.4,-1.9,14.1,-99.8,-99.8
44292,울란바토르,2024-05-03 06:00,33.1,30,6,,863.8,1009.3,1.3,-2.4,13.5,,
44292,울란바토르,2024-05-03 09:00,36.1,32,6,-99.8,865,1011.3,1.2,-2.3,12.3,-99.8,-99.8
44292,울란바토르,2024-05-03 12:00,51.1,34,4,,867.2,1016.2,2.2,-1.3,8.2,16.6,
44292,울란바토르,2024-05-03 15:00,65.1,0,0,,868.5,1019.8,1.3,-1.3,4.7,,
44292,울란바토르,2024-05-03 18:00,74.3,3,1,,867.8,1020.2,.7,-1.5,2.6,,
44292,울란바토르,2024-05-03 21:00,71.9,8,1,,867.3,1020.4,.5,-3.1,1.4,,
44292,울란바토르,2024-05-04 00:00,57.3,7,3,,867.8,1019.2,.5,-3.4,4.3,,0
44292,울란바토르,2024-05-04 03:00,18.1,25,1,,866.7,1012.3,1.1,-9.8,14.1,,
44292,울란바토르,2024-05-04 06:00,10,15,3,,865.1,1008.1,1.6,-13.7,18.5,,
44292,울란바토르,2024-05-04 09:00,7,21,3,-99.8,864,1006,1.1,-16.9,20,-99.8,-99.8
44292,울란바토르,2024-05-04 12:00,10,14,2,,864.2,1007.5,.2,-14.4,17.6,20.5,
44292,울란바토르,2024-05-04 15:00,14,12,2,,864.6,1009,.4,-11.7,15.7,,
44292,울란바토르,2024-05-04 18:00,19.1,15,2,-99.8,864.9,1009.4,.3,-7.8,15.7,-99.8,-99.8
44292,울란바토르,2024-05-04 21:00,24,30,4,,866.1,1012.1,1.2,-6.9,13.2,,
44292,울란바토르,2024-05-05 00:00,56.2,10,2,.4,867.3,1015.4,1.2,1.6,9.9,,9.4
44292,울란바토르,2024-05-05 03:00,49.9,7,5,-99.8,868.3,1014.8,1,2.9,13.1,-99.8,-99.8
44292,울란바토르,2024-05-05 06:00,37.1,30,4,,866.9,1011.8,1.4,1,15.6,,
44292,울란바토르,2024-05-05 09:00,22,19,4,,865.8,1008.6,1.1,-3.1,19.1,,
44292,울란바토르,2024-05-05 12:00,42,6,3,0,867.8,1013.7,2,1.3,14,19.6,
44292,울란바토르,2024-05-05 15:00,54.1,10,2,-99.8,869.4,1017.3,1.6,1.9,10.8,-99.8,-99.8
44292,울란바토르,2024-05-05 18:00,61.9,12,2,,870.3,1020.4,.9,.4,7.2,,
44292,울란바토르,2024-05-05 21:00,67.1,8,3,-99.8,870.6,1021.9,.3,-.3,5.3,-99.8,-99.8
44292,울란바토르,2024-05-06 00:00,57.1,10,3,-99.8,871.9,1021.5,1.3,.6,8.6,-99.8,5
44292,울란바토르,2024-05-06 03:00,28,23,1,,871.8,1016.1,.1,-.7,18.1,,
44292,울란바토르,2024-05-06 06:00,14,23,1,-99.8,870.5,1012.6,1.3,-6.8,21.9,-99.8,-99.8
44292,울란바토르,2024-05-06 09:00,14,21,4,,869.5,1010.9,1,-6,22.9,,
44292,울란바토르,2024-05-06 12:00,15.1,23,2,-99.8,869.8,1012.1,.3,-6.3,21.3,23.5,-99.8
44292,울란바토르,2024-05-06 15:00,31,10,2,,871.2,1017.4,1.4,-2.5,14.4,,
44292,울란바토르,2024-05-06 18:00,37.1,14,2,-99.8,871.4,1019.4,.2,-2.9,11.2,-99.8,-99.8
44292,울란바토르,2024-05-06 21:00,43.9,12,2,,871.4,1020.8,0,-2.7,8.9,,
44292,울란바토르,2024-05-07 00:00,37,12,3,,871.8,1019.2,.4,-1.8,12.5,,8.4
44292,울란바토르,2024-05-07 03:00,19,14,1,,871.8,1014.1,0,-3.1,21.5,,
44292,울란바토르,2024-05-07 06:00,11,16,3,,869.6,1008.7,2.2,-5.5,27.6,,
44292,울란바토르,2024-05-07 09:00,9,19,2,-99.8,867.9,1003.9,1.7,-7.4,28.5,-99.8,-99.8
44292,울란바토르,2024-05-07 12:00,15,3,1,,867,1005.1,.9,-4.3,23.9,29.3,
44292,울란바토르,2024-05-07 15:00,45.2,3,7,,869.9,1015.4,2.9,3.6,15.4,,
44292,울란바토르,2024-05-07 18:00,56.2,34,6,,872.7,1021.7,2.8,1.6,9.9,,
44292,울란바토르,2024-05-07 21:00,63.3,1,3,-99.8,874.1,1025,1.4,.6,7.1,-99.8,-99.8
44292,울란바토르,2024-05-08 00:00,57.9,1,4,,875.3,1026.5,1.2,-.9,6.8,,6.1
44292,울란바토르,2024-05-08 03:00,33.1,35,5,,875.9,1024.4,.6,-4,11.7,,
44292,울란바토르,2024-05-08 06:00,31.1,26,4,,874.4,1021.1,1.5,-2.3,14.6,,
44292,울란바토르,2024-05-08 09:00,25.1,25,2,-99.8,872.5,1018.4,1.9,-4.4,15.5,-99.8,-99.8
44292,울란바토르,2024-05-08 12:00,23,15,2,,870.7,1016.7,1.8,-6.3,14.6,15.9,
44292,울란바토르,2024-05-08 15:00,20,30,2,-99.8,870.7,1017.3,0,-9,13.5,-99.8,-99.8
44292,울란바토르,2024-05-08 18:00,21.1,6,2,,868.2,1015.2,2.5,-9.5,12.1,,
44292,울란바토르,2024-05-08 21:00,26.1,10,2,-99.8,866.2,1013.5,2,-7.8,10.9,-99.8,-99.8
44292,울란바토르,2024-05-09 00:00,81.2,10,2,2,865.6,1015,.6,4.1,7.1,,7.1
44292,울란바토르,2024-05-09 03:00,91.3,30,2,-99.8,865.3,1015.7,.3,3.9,5.2,-99.8,-99.8
44292,울란바토르,2024-05-09 06:00,65.9,3,1,,862.4,1009.3,2.9,4.4,10.5,,
44292,울란바토르,2024-05-09 09:00,48,30,2,-99.8,860.6,1004.8,1.8,4,14.9,-99.8,-99.8
44292,울란바토르,2024-05-09 12:00,57.9,25,2,5,859.5,1005.2,1.1,3.8,11.8,15.5,-99.8
44292,울란바토르,2024-05-09 15:00,87.3,34,11,-99.8,860.9,1011.8,1.4,1.3,3.2,-99.8,-99.8
44292,울란바토르,2024-05-09 18:00,78,33,5,-99.8,864.7,1017.7,3.8,-2.6,.8,-99.8,-99.8
44292,울란바토르,2024-05-09 21:00,69,1,4,-99.8,867.1,1021,2.4,-5,0,-99.8,-99.8
44292,울란바토르,2024-05-10 00:00,68.1,30,3,1,868,1021.7,.9,-4.7,.5,,-.5
44292,울란바토르,2024-05-10 03:00,46.1,30,6,,868.8,1020,.8,-6,4.6,,
44292,울란바토르,2024-05-10 06:00,44,1,9,,868.5,1019.3,.3,-5.7,5.6,,
44292,울란바토르,2024-05-10 09:00,40.1,34,8,,868.8,1019,.3,-6,6.6,,
44292,울란바토르,2024-05-10 12:00,32.1,33,6,0,869.9,1020.6,1.1,-9.3,6.1,7.8,
44292,울란바토르,2024-05-10 15:00,45,21,1,-99.8,871.5,1024.2,1.6,-7.6,3.2,-99.8,-99.8
44292,울란바토르,2024-05-10 18:00,48.1,0,0,-99.8,871.9,1025.7,.4,-8.3,1.5,-99.8,-99.8
44292,울란바토르,2024-05-10 21:00,55,30,3,,872.2,1026.7,.8,-7.5,.5,,
44292,울란바토르,2024-05-11 00:00,46,25,2,,873.6,1028.1,1.4,-6.4,4.2,,.4
44292,울란바토르,2024-05-11 03:00,28,28,3,,873,1021.9,.6,-7.5,10.2,,
44292,울란바토르,2024-05-11 06:00,23.1,28,4,-99.8,871.7,1018,1.3,-6.4,14.4,-99.8,-99.8
44292,울란바토르,2024-05-11 09:00,19,33,2,,870.5,1015.1,1.2,-6.6,17.2,,
44292,울란바토르,2024-05-11 12:00,22.1,33,2,-99.8,871.2,1017.1,.7,-6.5,15,17.7,-99.8
44292,울란바토르,2024-05-11 15:00,32.1,10,1,-99.8,872,1020.3,.8,-5.1,10.9,-99.8,-99.8
44292,울란바토르,2024-05-11 18:00,43.1,8,2,,872,1022.4,0,-4.5,7.2,,
44292,울란바토르,2024-05-11 21:00,45.1,10,3,-99.8,871.7,1022.8,.3,-5,6,-99.8,-99.8
44292,울란바토르,2024-05-12 00:00,38.1,8,3,,871.2,1020.5,.5,-4.5,9,,5.6
44292,울란바토르,2024-05-12 03:00,21.1,10,2,,869.8,1014.4,1.4,-5.4,17,,
44292,울란바토르,2024-05-12 06:00,13.1,23,3,,867.3,1008.1,2.5,-6.5,23.4,,
44292,울란바토르,2024-05-12 09:00,13,30,3,,864.9,1004.2,2.4,-4.8,25.6,,
44292,울란바토르,2024-05-12 12:00,17.1,0,0,,863.8,1004.3,1.1,-3.3,23,26.2,
44292,울란바토르,2024-05-12 15:00,32.1,10,2,,863.1,1006.8,.7,-.2,16.5,,
44292,울란바토르,2024-05-12 18:00,41.2,14,2,-99.8,863.3,1008.9,.2,.3,13.2,-99.8,-99.8
44292,울란바토르,2024-05-12 21:00,59.2,33,5,,864.4,1010.9,1.1,4.2,11.9,,
44292,울란바토르,2024-05-13 00:00,71.2,1,6,,868.3,1015.9,3.9,6,11,,10.5
44292,울란바토르,2024-05-13 03:00,52.9,35,5,,870,1017.4,1.7,2.7,12,,
44292,울란바토르,2024-05-13 06:00,45.1,33,5,,870.4,1018.1,.4,.1,11.6,,
44292,울란바토르,2024-05-13 09:00,29,1,6,,871,1018.4,.6,-5.2,12.3,,
44292,울란바토르,2024-05-13 12:00,29.1,35,4,,872.9,1021.7,1.9,-6.9,10.3,13.4,
44292,울란바토르,2024-05-13 15:00,30,1,2,,875.4,1026,2.5,-8.6,7.9,,
44292,울란바토르,2024-05-13 18:00,33.1,3,3,-99.8,877.5,1030.2,2.1,-9.9,5,-99.8,-99.8
44292,울란바토르,2024-05-13 21:00,42,34,3,-99.8,879.3,1033.8,1.8,-9.1,2.5,-99.8,-99.8
44292,울란바토르,2024-05-14 00:00,36,25,1,-99.8,881.7,1034.8,2.4,-8.3,5.6,-99.8,1.3
44292,울란바토르,2024-05-14 03:00,18,23,2,,881.6,1031.6,.1,-12.6,10.8,,
44292,울란바토르,2024-05-14 06:00,13,23,2,-99.8,880.1,1027.7,1.5,-13.4,14.7,-99.8,-99.8
44292,울란바토르,2024-05-14 09:00,15,30,3,,878.5,1024.8,1.6,-10.2,16.5,,
44292,울란바토르,2024-05-14 12:00,14,26,3,,878.2,1025.6,.3,-12.7,14.5,17,
44292,울란바토르,2024-05-14 15:00,29.1,1,1,,877.7,1028.2,.5,-8.2,8.8,,
44292,울란바토르,2024-05-14 18:00,37.9,0,0,-99.8,876.6,1028.9,1.1,-7.9,5.3,-99.8,-99.8
44292,울란바토르,2024-05-14 21:00,11.1,25,3,,875.2,1024.8,1.4,-19.4,9.6,,
44292,울란바토르,2024-05-15 00:00,9,23,4,,873.6,1021.5,1.6,-19.8,12.2,,5.1
44292,울란바토르,2024-05-15 03:00,9,23,3,,871.6,1016.3,2,-16.2,16.9,,
44292,울란바토르,2024-05-15 06:00,13,30,4,,868.6,1011.6,3,-10,19.1,,
44292,울란바토르,2024-05-15 09:00,26.1,30,6,,865.8,1007.3,2.8,.9,21.1,,
44292,울란바토르,2024-05-15 12:00,28.1,1,2,,864.7,1006.8,1.1,1.1,20.1,22.3,
44292,울란바토르,2024-05-15 15:00,42.1,3,2,,866,1010.8,1.3,2.6,15.4,,
44292,울란바토르,2024-05-15 18:00,59.2,0,0,-99.8,865.9,1013.5,.1,2.7,10.3,-99.8,-99.8
44292,울란바토르,2024-05-15 21:00,68.1,0,0,-99.8,865.8,1014.9,.1,2.2,7.7,-99.8,-99.8
44292,울란바토르,2024-05-16 00:00,50.2,16,1,-99.8,866.3,1012.6,.5,2.7,12.8,-99.8,7.4
44292,울란바토르,2024-05-16 03:00,34.1,25,3,,865.2,1007.1,1.1,3.8,20.1,,
44292,울란바토르,2024-05-16 06:00,16.1,23,5,,862.4,1001,2.8,-1.9,25.7,,
44292,울란바토르,2024-05-16 09:00,16,30,4,-99.8,860.5,998.3,1.9,-1.1,26.8,-99.8,-99.8
44292,울란바토르,2024-05-16 12:00,20,28,2,-99.8,860.1,998.9,.4,.2,24.6,27.3,-99.8
44292,울란바토르,2024-05-16 15:00,36,6,1,-99.8,860.1,1002.9,0,2.2,17.4,-99.8,-99.8
44292,울란바토르,2024-05-16 18:00,48.2,0,0,,859.7,1004.7,.4,2.5,13.2,,
44292,울란바토르,2024-05-16 21:00,66.9,1,4,-99.8,861.8,1008.3,2.1,5.2,11.1,-99.8,-99.8
44292,울란바토르,2024-05-17 00:00,57.3,14,3,,864,1009.3,2.2,5.6,13.9,,10.2
44292,울란바토르,2024-05-17 03:00,75.2,33,5,-99.8,867.4,1015.3,3.4,6.1,10.3,-99.8,-99.8
44292,울란바토르,2024-05-17 06:00,61.9,35,4,,868,1015.8,.6,3.7,10.7,,
44292,울란바토르,2024-05-17 09:00,41,33,4,,867.9,1013.5,.1,1.5,14.6,,
44292,울란바토르,2024-05-17 12:00,48.2,1,4,-99.8,868.8,1016.6,.9,.3,10.8,15.9,-99.8
44292,울란바토르,2024-05-17 15:00,46.1,8,2,-99.8,870.9,1019.8,2.1,-1.5,9.5,-99.8,-99.8
44292,울란바토르,2024-05-17 18:00,49,10,1,-99.8,871,1021.3,.1,-2.8,7.2,-99.8,-99.8
44292,울란바토르,2024-05-17 21:00,37.1,10,1,-99.8,871.2,1021.3,.2,-6.2,7.5,-99.8,-99.8
44292,울란바토르,2024-05-18 00:00,32.1,7,4,,872.1,1021.4,.9,-6.6,9.2,,6.9
44292,울란바토르,2024-05-18 03:00,25.1,26,1,,872.2,1019.5,.1,-6.7,12.8,,
44292,울란바토르,2024-05-18 06:00,21,12,1,-99.8,870.4,1016.1,1.8,-7,15.2,-99.8,-99.8
44292,울란바토르,2024-05-18 09:00,21,26,4,-99.8,869,1013.7,1.4,-5.8,16.6,-99.8,-99.8
44292,울란바토르,2024-05-18 12:00,36,28,4,,869.4,1015.2,.4,-.3,14.6,17.3,
44292,울란바토르,2024-05-18 15:00,54.1,23,3,,870.6,1018.8,1.2,1.8,10.7,,
44292,울란바토르,2024-05-18 18:00,65.3,0,0,-99.8,870.3,1020.2,.3,1.6,7.7,-99.8,-99.8
44292,울란바토르,2024-05-18 21:00,74.2,10,1,,870.2,1021.7,.1,.6,4.8,,
44292,울란바토르,2024-05-19 00:00,60.2,8,2,,871.1,1020.4,.9,1.6,8.9,,4.8
44292,울란바토르,2024-05-19 03:00,37,15,2,-99.8,870.2,1014.7,.9,2.5,17.3,-99.8,-99.8
44292,울란바토르,2024-05-19 12:00,19.1,26,3,-99.8,865.7,1006.7,.6,-2.1,22.6,24.6,-99.8
44292,울란바토르,2024-05-19 15:00,29,6,2,,866.2,1010.8,.5,-2.1,15.9,,
44292,울란바토르,2024-05-19 21:00,43.9,5,3,-99.8,864.5,1010.8,1.2,.3,12.2,-99.8,-99.8
